# Blender 5.2.0 LTS
# www.blender.org
mtllib character.mtl
o body_Spongebob_Rig_Geo_[0xf82c0f6363d02ae1]
v -0.328613 0.482422 0.063477
v -0.259033 0.458740 0.097656
v -0.314941 0.458252 0.053955
v 0.067139 1.803955 0.106934
v 0.099121 1.834717 0.109131
v 0.105225 1.819092 0.108399
v 0.133545 1.831299 0.109864
v 0.130615 1.850098 0.109864
v 0.164795 1.837891 0.111328
v 0.164795 1.859863 0.110840
v 0.207275 1.841309 0.112793
v 0.208008 1.863037 0.111573
v 0.249756 1.838623 0.114014
v 0.251221 1.860107 0.112305
v 0.290527 1.846924 0.112305
v 0.286865 1.830811 0.114014
v 0.327148 1.826904 0.112305
v 0.323975 1.815674 0.113770
v 0.351807 1.801025 0.113282
v 0.353516 1.806641 0.112549
v 0.378418 1.783936 0.112793
v -0.060303 1.799316 0.105957
v -0.095215 1.812012 0.106934
v -0.089355 1.826660 0.108399
v -0.125000 1.825439 0.108643
v -0.122070 1.843262 0.109375
v -0.157471 1.833008 0.110352
v -0.157227 1.854004 0.110352
v -0.201660 1.838379 0.112061
v -0.202148 1.858887 0.111084
v -0.245117 1.835938 0.113770
v -0.246094 1.856201 0.112061
v -0.289307 1.843750 0.112061
v -0.285889 1.828125 0.113770
v -0.328857 1.823730 0.112061
v -0.324951 1.812744 0.113770
v -0.354492 1.804932 0.112549
v -0.352539 1.799561 0.113282
v -0.379150 1.783691 0.113037
v 0.233643 1.046387 0.263184
v 0.154297 1.027344 0.270996
v 0.151611 1.038818 0.270996
v 0.067627 1.043701 0.273194
v 0.065918 1.025391 0.272949
v -0.001465 1.054688 0.272705
v -0.001221 1.035400 0.272705
v -0.065918 1.025391 0.272949
v -0.067627 1.043701 0.273194
v -0.151123 1.038818 0.270996
v -0.153564 1.027344 0.270996
v -0.232666 1.046387 0.263184
v -0.232910 0.636475 0.019531
v -0.255615 0.606934 0.087158
v -0.306885 0.606689 0.051270
v -0.263672 0.482666 0.111328
v -0.190918 0.458740 0.095703
v -0.185303 0.482910 0.111816
v -0.189941 0.606934 0.090576
v -0.232910 0.636475 0.019531
v -0.237549 0.001953 -0.025146
v -0.291748 0.001953 0.009277
v -0.183350 0.001953 0.009277
v -0.176758 0.001953 0.092773
v -0.298340 0.001953 0.092041
v -0.297363 0.026367 0.098145
v -0.177979 0.026367 0.098145
v -0.310303 0.014160 0.164551
v -0.164551 0.014160 0.164551
v -0.155762 0.000244 0.220947
v -0.319092 0.000244 0.220947
v -0.290039 0.022461 0.284424
v -0.184814 0.022461 0.284424
v -0.237549 0.043945 0.307129
v -0.205811 0.481689 0.024658
v -0.208984 0.385254 0.026611
v -0.227783 0.481934 0.055664
v -0.231445 0.385742 0.056885
v -0.208984 0.352051 0.027344
v -0.231445 0.352295 0.057373
v -0.208984 0.321289 0.027344
v -0.231445 0.321289 0.057617
v -0.208984 0.294189 0.027100
v -0.231445 0.293945 0.057373
v -0.208984 0.237305 0.026123
v -0.231445 0.237061 0.056397
v -0.209229 0.172607 0.024658
v -0.231445 0.172119 0.054932
v -0.208252 0.149170 0.025147
v -0.231445 0.148437 0.055908
v -0.264648 0.149170 0.040772
v -0.263672 0.172363 0.040039
v -0.267822 0.172852 0.008057
v -0.269043 0.149414 0.008545
v -0.237305 0.149170 -0.012695
v -0.237305 0.172852 -0.012451
v -0.208252 0.149170 0.025147
v -0.209229 0.172607 0.024658
v -0.208984 0.237305 0.026123
v -0.237061 0.237793 -0.010742
v -0.267822 0.237549 0.009766
v -0.263672 0.237305 0.041748
v -0.263672 0.293945 0.042481
v -0.263672 0.321289 0.042725
v -0.263672 0.352051 0.042481
v -0.263672 0.385498 0.041992
v -0.260010 0.481689 0.040527
v -0.237305 0.149170 -0.012695
v -0.269043 0.149414 0.008545
v -0.237549 0.086914 -0.057861
v -0.303467 0.091797 -0.007080
v -0.264648 0.149170 0.040772
v -0.287354 0.095703 0.113037
v -0.237549 0.104492 0.121338
v -0.231445 0.148437 0.055908
v -0.208252 0.149170 0.025147
v -0.187744 0.095703 0.113037
v -0.171631 0.091797 -0.007080
v -0.167725 0.057373 0.102295
v -0.164795 0.026855 0.010742
v -0.137207 0.065918 0.218994
v -0.184814 0.022461 0.284424
v -0.176514 0.129150 0.296387
v -0.237549 0.090332 0.323975
v -0.237549 0.043945 0.307129
v -0.290039 0.022461 0.284424
v -0.298584 0.129150 0.296387
v -0.337646 0.065918 0.218994
v -0.319092 0.000244 0.220947
v -0.310303 0.014160 0.164551
v -0.307861 0.057373 0.102295
v -0.297363 0.026367 0.098145
v -0.310059 0.026855 0.010742
v -0.298340 0.001953 0.092041
v -0.291748 0.001953 0.009277
v -0.237549 0.026855 -0.031982
v -0.237549 0.001953 -0.025146
v -0.183350 0.001953 0.009277
v -0.164795 0.026855 0.010742
v -0.176758 0.001953 0.092773
v -0.177979 0.026367 0.098145
v -0.232910 0.636475 0.019531
v -0.210449 0.604736 -0.046875
v -0.154785 0.605713 0.018311
v -0.203613 0.479492 -0.066894
v -0.138916 0.480957 0.015137
v -0.208252 0.456055 -0.052490
v -0.152100 0.457275 0.018799
v -0.185303 0.482910 0.111816
v -0.190918 0.458740 0.095703
v -0.232910 0.636475 0.019531
v -0.291748 0.605225 -0.027588
v -0.307129 0.480469 -0.041260
v -0.299805 0.456787 -0.030762
v -0.190918 0.458740 0.095703
v -0.152100 0.457275 0.018799
v -0.205811 0.481689 0.024658
v -0.234131 0.480957 -0.012451
v -0.208252 0.456055 -0.052490
v -0.299805 0.456787 -0.030762
v -0.264648 0.481201 0.009033
v -0.260010 0.481689 0.040527
v -0.314941 0.458252 0.053955
v -0.259033 0.458740 0.097656
v -0.227783 0.481934 0.055664
v -0.190918 0.458740 0.095703
v -0.205811 0.481689 0.024658
v -0.237305 0.149170 -0.012695
v -0.237549 0.086914 -0.057861
v -0.237549 0.026855 -0.031982
v -0.232910 0.636475 0.019531
v -0.189941 0.606934 0.090576
v -0.232910 0.636475 0.019531
v 0.237549 0.636475 0.018311
v 0.238281 0.607178 0.089600
v 0.178223 0.606689 0.072510
v 0.163330 0.482666 0.091309
v 0.238281 0.482910 0.114990
v 0.238037 0.458740 0.100830
v 0.304688 0.458496 0.076660
v 0.314697 0.482666 0.089844
v 0.316650 0.457031 -0.008789
v 0.326904 0.480713 -0.016601
v 0.236328 0.479492 -0.072998
v 0.236572 0.456055 -0.057861
v 0.160889 0.457031 -0.007324
v 0.149414 0.480713 -0.014892
v 0.236816 0.604736 -0.051758
v 0.166504 0.605469 -0.006836
v 0.237549 0.636475 0.018311
v 0.160889 0.457031 -0.007324
v 0.149414 0.480713 -0.014892
v 0.173828 0.458496 0.077881
v 0.208740 0.481445 0.024414
v 0.208740 0.385254 0.026367
v 0.237061 0.480713 -0.012939
v 0.237305 0.385010 -0.010254
v 0.268066 0.481201 0.008301
v 0.268311 0.385010 0.010498
v 0.263672 0.481689 0.039795
v 0.263916 0.385498 0.042236
v 0.231445 0.481934 0.055176
v 0.231201 0.385498 0.056885
v 0.208740 0.481445 0.024414
v 0.208740 0.385254 0.026367
v 0.231201 0.352295 0.057373
v 0.208740 0.352051 0.027100
v 0.231201 0.321289 0.057617
v 0.208740 0.321289 0.027100
v 0.208740 0.294189 0.026856
v 0.231201 0.293945 0.057373
v 0.231201 0.237061 0.056397
v 0.208740 0.237549 0.025879
v 0.231201 0.172119 0.054932
v 0.208740 0.172607 0.024170
v 0.207764 0.149170 0.024902
v 0.231201 0.148437 0.055908
v 0.264648 0.149170 0.041016
v 0.263916 0.172363 0.040283
v 0.263916 0.237305 0.041992
v 0.263916 0.293945 0.042725
v 0.263916 0.321289 0.042969
v 0.263916 0.352051 0.042969
v 0.268311 0.352051 0.010986
v 0.237305 0.351807 -0.009766
v 0.208740 0.352051 0.027100
v 0.237305 0.149170 -0.012695
v 0.207764 0.149170 0.024902
v 0.237549 0.086670 -0.057861
v 0.171631 0.091797 -0.007080
v 0.237549 0.026855 -0.031982
v 0.164795 0.026855 0.010742
v 0.167725 0.057373 0.102295
v 0.177979 0.026367 0.098145
v 0.164551 0.014160 0.164551
v 0.297363 0.026367 0.098145
v 0.310303 0.014160 0.164551
v 0.319092 0.000244 0.220947
v 0.155762 0.000244 0.220947
v 0.184814 0.022461 0.284424
v 0.290039 0.022461 0.284424
v 0.237549 0.043945 0.307129
v 0.237549 0.636475 0.018311
v 0.308594 0.605469 -0.008301
v 0.299316 0.606689 0.071289
v 0.237549 0.636475 0.018311
v 0.208740 0.481445 0.024414
v 0.237061 0.480713 -0.012939
v 0.160889 0.457031 -0.007324
v 0.236572 0.456055 -0.057861
v 0.316650 0.457031 -0.008789
v 0.268066 0.481201 0.008301
v 0.263672 0.481689 0.039795
v 0.304688 0.458496 0.076660
v 0.238037 0.458740 0.100830
v 0.231445 0.481934 0.055176
v 0.208740 0.481445 0.024414
v 0.173828 0.458496 0.077881
v 0.160889 0.457031 -0.007324
v 0.207764 0.149170 0.024902
v 0.237305 0.149170 -0.012695
v 0.208740 0.172607 0.024170
v 0.237305 0.172852 -0.012695
v 0.269531 0.149414 0.008789
v 0.268311 0.172607 0.008301
v 0.268311 0.237549 0.010010
v 0.268311 0.294189 0.010986
v 0.268311 0.321289 0.010986
v 0.237305 0.321289 -0.009766
v 0.208740 0.321289 0.027100
v 0.237305 0.149170 -0.012695
v 0.237549 0.086670 -0.057861
v 0.269531 0.149414 0.008789
v 0.303467 0.091797 -0.007080
v 0.237549 0.026855 -0.031982
v 0.310059 0.026855 0.010742
v 0.291748 0.001953 0.009277
v 0.298096 0.001953 0.092773
v 0.297363 0.026367 0.098145
v 0.307861 0.057373 0.102295
v 0.310303 0.014160 0.164551
v 0.319092 0.000244 0.220947
v 0.337646 0.065918 0.218994
v 0.290039 0.022461 0.284424
v 0.298584 0.129150 0.296387
v 0.237549 0.090332 0.323975
v 0.237549 0.043945 0.307129
v 0.184814 0.022461 0.284424
v 0.176514 0.129150 0.296387
v 0.137207 0.065918 0.218994
v 0.187744 0.095703 0.113037
v 0.231201 0.148437 0.055908
v 0.237549 0.104492 0.121338
v 0.264648 0.149170 0.041016
v 0.287354 0.095703 0.113037
v 0.177979 0.026367 0.098145
v 0.176514 0.001953 0.092041
v 0.164795 0.026855 0.010742
v 0.183350 0.001953 0.009277
v 0.237549 0.001953 -0.025146
v 0.237549 0.001953 -0.025146
v 0.183350 0.001953 0.009277
v 0.291748 0.001953 0.009277
v 0.298096 0.001953 0.092773
v 0.176514 0.001953 0.092041
v 0.237549 0.636475 0.018311
v 0.237549 0.636475 0.018311
v 0.166504 0.605469 -0.006836
v 0.000000 1.535400 0.230225
v 0.039307 1.408936 0.241944
v 0.000000 1.414795 0.266358
v 0.066406 1.365967 0.272217
v 0.000000 1.403809 0.287598
v 0.061035 1.366699 0.292481
v 0.000000 1.400146 0.305420
v 0.041260 1.396484 0.367188
v 0.000000 1.408447 0.364502
v 0.000000 1.447754 0.427246
v 0.048096 1.430664 0.430420
v 0.055176 1.464599 0.493897
v 0.000000 1.487060 0.490235
v 0.000000 1.470703 0.535401
v 0.044678 1.431885 0.538330
v 0.000000 1.409912 0.558350
v 0.000000 1.345947 0.526123
v 0.056152 1.361816 0.520752
v 0.048828 1.341797 0.455567
v 0.072754 1.384277 0.443360
v 0.070312 1.359619 0.384033
v 0.056885 1.308350 0.300049
v 0.041260 1.322021 0.390381
v -0.000244 1.286377 0.320801
v 0.000000 1.307129 0.395996
v -0.057373 1.308350 0.300049
v -0.041260 1.322021 0.390381
v -0.070068 1.357422 0.378418
v -0.058350 1.371094 0.303711
v -0.041260 1.396484 0.367188
v 0.000000 1.408447 0.364502
v 0.000000 1.447754 0.427246
v -0.048096 1.430664 0.430420
v 0.000000 1.487060 0.490235
v -0.055176 1.464599 0.493897
v 0.000000 1.470703 0.535401
v -0.044678 1.431885 0.538330
v 0.000000 1.409912 0.558350
v -0.056152 1.361816 0.520752
v -0.048828 1.341797 0.455567
v -0.072754 1.384277 0.443360
v 0.000000 1.324707 0.455567
v 0.061035 1.366699 0.292481
v 0.066406 1.365967 0.272217
v 0.056885 1.308350 0.300049
v 0.087891 1.282715 0.307129
v -0.000244 1.286377 0.320801
v -0.000244 1.270264 0.328613
v -0.087402 1.282715 0.307129
v -0.057373 1.308350 0.300049
v -0.058350 1.371094 0.303711
v -0.066650 1.365967 0.272217
v -0.152100 1.334229 0.266846
v -0.107422 1.374512 0.244141
v -0.039307 1.408936 0.241944
v 0.000000 1.535400 0.230225
v -0.029541 1.555908 0.220703
v 0.000000 1.678467 0.237061
v -0.085205 1.687744 0.210449
v -0.104492 1.731445 0.235596
v -0.216797 1.734863 0.206299
v -0.225830 1.754883 0.238037
v -0.347656 1.681396 0.205078
v -0.370117 1.715088 0.239746
v -0.454590 1.652100 0.246338
v -0.391846 1.727783 0.249756
v -0.420898 1.749756 0.255127
v -0.324951 1.806641 0.258545
v -0.365723 1.869629 0.257080
v -0.224121 1.824219 0.258545
v -0.239502 1.895996 0.251221
v -0.090576 1.805176 0.251709
v -0.097900 1.883545 0.258057
v 0.000000 1.787598 0.250977
v 0.000000 1.851318 0.255127
v 0.109863 1.891113 0.259766
v 0.071777 1.972656 0.264405
v 0.143799 1.983154 0.272217
v 0.242920 1.897949 0.252442
v 0.267578 1.959717 0.245362
v 0.390869 1.977051 0.259522
v 0.363281 1.868652 0.257080
v 0.498779 1.956543 0.243897
v 0.458984 1.868896 0.252930
v 0.617676 1.879395 0.253418
v 0.613037 1.948242 0.252198
v 0.005127 1.080078 0.328125
v 0.006104 1.082520 0.343018
v 0.100098 1.079102 0.310791
v 0.102539 1.082275 0.327881
v 0.010986 1.187744 0.316895
v 0.005127 1.080078 0.328125
v 0.094727 1.184082 0.301758
v 0.100098 1.079102 0.310791
v 0.094727 1.184082 0.301758
v 0.100098 1.079102 0.310791
v 0.094971 1.185303 0.316895
v 0.102539 1.082275 0.327881
v 0.094971 1.185303 0.316895
v 0.102539 1.082275 0.327881
v 0.010010 1.188477 0.333252
v 0.006104 1.082520 0.343018
v 0.010010 1.188477 0.333252
v 0.006104 1.082520 0.343018
v 0.010986 1.187744 0.316895
v 0.005127 1.080078 0.328125
v 0.522949 0.857178 -0.171387
v 0.495361 0.826416 -0.176514
v 0.516602 0.856201 -0.086914
v 0.491211 0.838135 -0.084473
v 0.526855 0.835938 0.035889
v 0.495361 0.818848 0.037110
v 0.516602 0.856201 0.156494
v 0.491211 0.837646 0.159180
v 0.516846 0.842529 0.240235
v 0.495361 0.819580 0.251221
v 0.502930 0.841309 0.260010
v 0.373779 0.825928 0.260498
v 0.373291 0.811279 0.251221
v 0.261719 0.839355 0.265137
v 0.260986 0.822266 0.251221
v 0.120117 0.828857 0.264404
v 0.049805 0.814941 0.251221
v 0.000000 0.836426 0.266846
v 0.000000 0.822266 0.253906
v -0.120117 0.828857 0.264404
v -0.049805 0.814941 0.251221
v -0.260986 0.822266 0.251221
v -0.262207 0.838867 0.265137
v -0.373291 0.811523 0.251221
v -0.374023 0.826172 0.260498
v -0.495361 0.830810 0.251221
v -0.504395 0.853271 0.260254
v -0.516846 0.854980 0.240235
v -0.499512 0.891357 0.250244
v -0.512207 0.894287 0.234863
v -0.494629 0.929443 0.240479
v -0.507812 0.933594 0.229736
v -0.515625 0.973877 0.254151
v -0.541748 0.976074 0.234131
v -0.523926 1.077881 0.242920
v -0.535156 1.080566 0.230225
v -0.552002 1.189209 0.254395
v -0.571045 1.186035 0.231690
v -0.549316 1.271729 0.238281
v -0.561523 1.275635 0.220947
v -0.581055 1.389404 0.253662
v -0.601807 1.389160 0.233887
v -0.570801 1.507568 0.236084
v -0.588379 1.509766 0.214112
v -0.600342 1.637939 0.250244
v -0.623779 1.638672 0.232910
v -0.591797 1.765381 0.226319
v -0.610107 1.770264 0.211182
v -0.621338 1.888184 0.250733
v -0.641113 1.917236 0.226075
v -0.608154 1.953125 0.240967
v -0.639160 1.944336 0.207276
v -0.606934 1.970947 0.217041
v -0.498779 1.968750 0.223389
v -0.498779 1.956543 0.243897
v -0.389648 1.994629 0.239502
v -0.390869 1.977051 0.259522
v -0.267578 1.959717 0.242188
v -0.265137 1.973633 0.228272
v -0.124023 1.978760 0.266114
v -0.118164 1.993652 0.247315
v -0.062012 1.970459 0.261475
v -0.059082 1.985107 0.244629
v 0.000000 1.961914 0.256836
v 0.000000 1.976807 0.241944
v 0.068848 1.987305 0.246826
v 0.071777 1.972656 0.264405
v 0.143799 1.983154 0.272217
v 0.137939 1.998047 0.251709
v 0.265137 1.973633 0.228272
v 0.267578 1.959717 0.245362
v 0.390869 1.977051 0.259522
v 0.389404 1.994629 0.239502
v 0.498779 1.956543 0.243897
v 0.498779 1.968750 0.223389
v 0.613037 1.948242 0.252198
v 0.620361 1.970947 0.219971
v 0.645508 1.950684 0.218262
v 0.640381 1.930420 0.237793
v 0.617676 1.879395 0.253418
v 0.591797 1.765381 0.226319
v 0.610107 1.770264 0.211182
v 0.600342 1.638184 0.250489
v 0.623779 1.638672 0.232910
v 0.570801 1.507568 0.236084
v 0.588135 1.509766 0.214112
v 0.589355 1.416748 0.252442
v 0.607178 1.414551 0.232666
v 0.552734 1.273438 0.235352
v 0.561279 1.272705 0.218506
v 0.550293 1.181641 0.258301
v 0.568359 1.183594 0.235352
v 0.516602 1.074463 0.242920
v 0.533691 1.079834 0.230225
v 0.511475 0.972412 0.263184
v 0.541748 0.976318 0.243164
v 0.513428 0.933350 0.235596
v 0.498535 0.928711 0.246338
v 0.515137 0.887939 0.238037
v 0.500732 0.885010 0.253174
v 0.645508 1.950684 0.218262
v 0.633301 1.918213 0.071289
v 0.640381 1.930420 0.237793
v 0.610107 1.770264 0.211182
v 0.660889 1.916016 -0.075683
v 0.623047 1.741211 -0.049804
v 0.623779 1.638672 0.232910
v 0.587158 1.509033 -0.024414
v 0.588135 1.509766 0.214112
v 0.562988 1.261963 -0.008545
v 0.607178 1.414551 0.232666
v 0.561279 1.272705 0.218506
v 0.547607 1.138184 -0.000976
v 0.568359 1.183594 0.235352
v 0.533691 1.079834 0.230225
v 0.541748 0.976318 0.243164
v 0.531006 0.936523 0.020996
v 0.513428 0.933350 0.235596
v 0.529053 0.886230 0.028320
v 0.515137 0.894775 0.196045
v 0.515137 0.887939 0.238037
v 0.516846 0.842529 0.240235
v 0.516602 0.856201 0.156494
v 0.526855 0.835938 0.035889
v 0.516602 0.856201 -0.086914
v 0.514404 0.904297 -0.129639
v 0.522949 0.857178 -0.171387
v 0.517578 0.904541 -0.171875
v 0.512451 0.952148 -0.172363
v 0.239502 1.167480 0.162842
v 0.239502 1.167480 0.177490
v 0.131104 1.152344 0.223389
v 0.134766 1.152832 0.241455
v -0.001221 1.151855 0.227051
v -0.000977 1.150391 0.246826
v -0.137451 1.152832 0.241455
v -0.133545 1.152344 0.223389
v -0.242188 1.167725 0.177490
v -0.234131 1.167725 0.162842
v 0.239502 1.167480 0.177490
v 0.237061 1.152100 0.193360
v 0.134766 1.152832 0.241455
v 0.135254 1.140869 0.242676
v -0.000977 1.150391 0.246826
v -0.001465 1.139893 0.248047
v -0.138672 1.140625 0.242432
v -0.137451 1.152832 0.241455
v -0.244385 1.150635 0.194824
v -0.242188 1.167725 0.177490
v 0.229248 1.150879 0.160645
v 0.239502 1.167480 0.162842
v 0.131592 1.142578 0.224854
v 0.131104 1.152344 0.223389
v -0.001953 1.143799 0.229981
v -0.001221 1.151855 0.227051
v -0.133545 1.152344 0.223389
v -0.135254 1.142578 0.224854
v -0.226807 1.150879 0.160401
v -0.234131 1.167725 0.162842
v 0.237061 1.152100 0.193360
v 0.239502 1.167480 0.177490
v 0.229248 1.150879 0.160645
v 0.239502 1.167480 0.162842
v 0.627930 1.874756 -0.343261
v 0.524170 1.874512 -0.343506
v 0.621582 1.822510 -0.334961
v 0.385498 1.890625 -0.367187
v 0.593262 1.695557 -0.298828
v 0.322021 1.632324 -0.304199
v 0.592041 1.617676 -0.291015
v 0.552246 1.490723 -0.250244
v 0.308105 1.298828 -0.248779
v 0.564941 1.381592 -0.267822
v 0.539062 1.247070 -0.217773
v 0.545898 1.154785 -0.227051
v 0.290771 1.085205 -0.214599
v 0.522217 1.062256 -0.193847
v 0.280762 0.963867 -0.194824
v 0.513916 0.990967 -0.210937
v 0.491943 0.946289 -0.193115
v 0.329834 0.906006 -0.197510
v 0.435303 0.897217 -0.196533
v 0.498047 0.896973 -0.192871
v 0.378662 0.848389 -0.199951
v 0.504150 0.847900 -0.192383
v 0.645020 1.878418 -0.309814
v 0.642578 1.850098 -0.325195
v 0.635498 1.880615 -0.187011
v 0.610352 1.697266 -0.279541
v 0.609619 1.613525 -0.272705
v 0.574219 1.492432 -0.236816
v 0.584961 1.380127 -0.248047
v 0.554199 1.248779 -0.207275
v 0.564941 1.155762 -0.210449
v 0.539551 1.059326 -0.179687
v 0.537109 0.991211 -0.191406
v 0.000000 1.535400 0.230225
v 0.000000 1.414795 0.266358
v -0.039307 1.408936 0.241944
v 0.000000 1.403809 0.287598
v -0.066650 1.365967 0.272217
v 0.000000 1.400146 0.305420
v -0.011475 1.083984 0.343262
v -0.010742 1.081055 0.328369
v -0.109619 1.083984 0.328369
v -0.107422 1.080811 0.311279
v -0.301758 1.185303 0.249756
v -0.304932 1.189941 0.256592
v -0.242920 1.186768 0.277100
v -0.245117 1.186279 0.291748
v -0.161377 1.182617 0.317627
v -0.169922 1.185059 0.331055
v -0.096191 1.180420 0.360352
v -0.098145 1.176758 0.343750
v 0.000000 1.174805 0.360108
v -0.000732 1.179932 0.382324
v 0.096191 1.180420 0.360352
v 0.098633 1.177734 0.344483
v 0.170898 1.183350 0.309082
v 0.169922 1.185059 0.331055
v 0.242920 1.186768 0.277100
v 0.245117 1.186279 0.291748
v 0.303223 1.187744 0.256348
v 0.302002 1.185303 0.249756
v 0.304932 1.181641 0.253174
v 0.302734 1.182129 0.248291
v 0.283936 1.178223 0.235352
v 0.285400 1.168457 0.252442
v 0.236816 1.176514 0.250244
v 0.243652 1.160400 0.276123
v 0.146240 1.178711 0.263428
v 0.156250 1.157959 0.301270
v 0.065186 1.170166 0.270264
v 0.069336 1.149170 0.310059
v -0.001953 1.168701 0.270264
v -0.002441 1.147949 0.302490
v -0.069336 1.149170 0.310059
v -0.065186 1.170166 0.270264
v -0.156250 1.157959 0.301270
v -0.146240 1.178711 0.263428
v -0.243164 1.160400 0.276123
v -0.236084 1.176514 0.250244
v -0.283447 1.178223 0.235352
v -0.284912 1.168457 0.252442
v -0.302734 1.182129 0.248291
v -0.304932 1.181641 0.253174
v -0.304932 1.189941 0.256592
v -0.014893 1.187744 0.316895
v -0.098389 1.181396 0.302002
v -0.010742 1.081055 0.328369
v -0.107422 1.080811 0.311279
v -0.098389 1.181396 0.302002
v -0.098389 1.182373 0.317383
v -0.107422 1.080811 0.311279
v -0.109619 1.083984 0.328369
v -0.098389 1.182373 0.317383
v -0.013916 1.188477 0.333252
v -0.109619 1.083984 0.328369
v -0.011475 1.083984 0.343262
v -0.013916 1.188477 0.333252
v -0.014893 1.187744 0.316895
v -0.011475 1.083984 0.343262
v -0.010742 1.081055 0.328369
v -0.517578 0.844727 -0.171387
v -0.510742 0.851318 -0.086914
v -0.495361 0.821045 -0.176514
v -0.491211 0.838135 -0.084473
v -0.495361 0.818848 0.037110
v -0.526855 0.835938 0.035889
v -0.491211 0.837646 0.159180
v -0.516602 0.856201 0.156494
v -0.641113 1.917236 0.226075
v -0.610107 1.770264 0.211182
v -0.639160 1.944336 0.207276
v -0.633301 1.919678 0.071045
v -0.610352 1.748047 -0.049072
v -0.656006 1.915039 -0.075683
v -0.610352 1.728516 -0.279541
v -0.623535 1.892822 -0.187744
v -0.634521 1.873291 -0.306396
v -0.633057 1.848389 -0.317138
v -0.244385 1.150635 0.194824
v -0.226807 1.150879 0.160401
v -0.242188 1.167725 0.177490
v -0.234131 1.167725 0.162842
v -0.614014 1.870117 -0.340088
v -0.613525 1.838135 -0.330810
v -0.524170 1.874512 -0.348144
v -0.412598 1.899170 -0.365722
v -0.593262 1.726562 -0.298828
v -0.309326 1.616211 -0.299072
v -0.585693 1.578613 -0.285156
v -0.552246 1.490723 -0.250244
v -0.304688 1.293213 -0.247314
v -0.561523 1.367676 -0.263428
v -0.539062 1.247070 -0.217773
v -0.545898 1.154785 -0.227051
v -0.288818 1.074951 -0.212890
v -0.522217 1.062256 -0.193847
v -0.513916 0.990967 -0.210937
v -0.280762 0.963867 -0.194824
v -0.491943 0.946289 -0.193115
v -0.329834 0.902100 -0.197510
v -0.435303 0.893311 -0.196533
v -0.495605 0.892822 -0.192871
v -0.499512 0.839356 -0.192627
v -0.378662 0.840332 -0.199951
v -0.239746 0.896729 -0.195312
v 0.000000 0.962891 -0.192627
v 0.000000 1.081055 -0.212646
v 0.000000 1.300049 -0.249512
v 0.000000 1.617188 -0.306396
v -0.122070 1.901611 -0.374267
v -0.279785 1.879150 -0.350830
v -0.608154 1.953125 0.240967
v -0.498779 1.956543 0.243897
v -0.621338 1.888184 0.250733
v -0.458496 1.867676 0.252930
v -0.536865 1.766602 0.241455
v -0.591797 1.765381 0.226319
v -0.600342 1.637939 0.250244
v -0.462891 1.518799 0.253662
v -0.570801 1.507568 0.236084
v -0.466064 1.395020 0.262207
v -0.581055 1.389404 0.253662
v -0.504150 1.341797 0.268067
v -0.530273 1.269775 0.255127
v -0.549316 1.271729 0.238281
v -0.552002 1.189209 0.254395
v -0.521729 1.202637 0.263672
v -0.457764 1.123047 0.259522
v -0.523926 1.077881 0.242920
v -0.515625 0.973877 0.254151
v -0.394043 1.030762 0.258301
v -0.494629 0.929443 0.240479
v -0.384033 0.928467 0.259277
v -0.434326 0.877930 0.250488
v -0.499512 0.891357 0.250244
v -0.504395 0.853271 0.260254
v -0.374023 0.826172 0.260498
v -0.262207 0.838867 0.265137
v -0.259766 0.895019 0.263672
v -0.257568 0.951172 0.262451
v -0.350098 1.076904 0.259033
v -0.447998 1.143555 0.266846
v -0.491699 1.215820 0.272949
v -0.511475 1.267578 0.271973
v -0.474365 1.327881 0.286133
v -0.441406 1.366943 0.278565
v -0.401123 1.378662 0.275391
v -0.396973 1.409180 0.256592
v -0.422852 1.531494 0.219239
v -0.220459 1.551270 0.173340
v -0.223145 1.353516 0.249268
v -0.225342 1.333252 0.263672
v -0.161865 1.285645 0.277832
v -0.095459 1.223145 0.330078
v -0.000732 1.222168 0.350830
v 0.095459 1.223145 0.330078
v 0.160156 1.285400 0.277832
v 0.152100 1.334229 0.266846
v 0.039307 1.408936 0.241944
v 0.107422 1.374512 0.244141
v 0.027832 1.555908 0.220703
v 0.083984 1.687744 0.210694
v 0.121826 1.740234 0.235352
v 0.000000 1.732910 0.245606
v -0.093018 1.761963 0.249268
v -0.222656 1.783936 0.262207
v -0.309082 1.770020 0.261963
v 0.100830 1.812256 0.253174
v 0.228760 1.827148 0.259034
v 0.323975 1.809082 0.258545
v 0.420654 1.749756 0.254883
v 0.309082 1.770020 0.262207
v 0.391602 1.727051 0.251221
v 0.370117 1.715088 0.239746
v 0.454102 1.654785 0.246826
v 0.445801 1.778564 0.250977
v 0.538086 1.766602 0.242432
v 0.591797 1.765381 0.226319
v 0.600342 1.638184 0.250489
v 0.078857 1.569824 0.051026
v 0.029297 1.448242 -0.061767
v 0.052490 1.448242 0.152100
v 0.001221 1.356201 0.038574
v -0.126953 1.290039 -0.026855
v -0.116455 1.370850 -0.136474
v -0.280762 1.290039 -0.026855
v -0.291260 1.370850 -0.136474
v -0.409180 1.356201 0.038574
v -0.437012 1.448242 -0.061767
v -0.486816 1.569824 0.051026
v -0.460449 1.448486 0.152588
v -0.376953 1.350342 0.182129
v -0.381836 1.360107 0.202637
v -0.378662 1.376465 0.213379
v -0.296143 1.327148 0.230713
v -0.295654 1.349365 0.236084
v -0.204102 1.318115 0.237061
v -0.204346 1.337646 0.245850
v -0.111328 1.326660 0.229981
v -0.106689 1.348877 0.236328
v -0.025879 1.360107 0.202393
v -0.029053 1.376465 0.213379
v -0.031494 1.348633 0.179932
v -0.139404 1.319092 0.208496
v -0.204102 1.314453 0.211670
v -0.269287 1.318604 0.207520
v -0.345947 1.304443 0.135498
v -0.256104 1.268799 0.099610
v -0.203857 1.293213 0.175781
v -0.061768 1.304443 0.135498
v -0.151367 1.268799 0.099610
v -0.484863 1.530273 0.049561
v -0.430908 1.659424 -0.054199
v -0.458252 1.644043 0.152344
v -0.419678 1.744385 0.052246
v -0.339111 1.782715 0.159180
v -0.284180 1.814941 -0.008545
v -0.289307 1.741943 -0.123535
v -0.117432 1.817871 -0.008545
v -0.114502 1.741943 -0.123535
v 0.015625 1.744385 0.052246
v 0.026855 1.659424 -0.054199
v 0.080811 1.530273 0.049561
v 0.054199 1.644043 0.152344
v -0.064697 1.782715 0.159180
v -0.149414 1.827148 0.119141
v -0.254395 1.827148 0.119141
v -0.228516 1.797607 0.193604
v -0.267334 1.770020 0.223389
v -0.220947 1.774414 0.226807
v -0.216309 1.768799 0.252198
v -0.187988 1.768311 0.253174
v -0.188477 1.751221 0.257325
v -0.216553 1.750488 0.257569
v -0.280762 1.745361 0.251953
v -0.216553 1.748535 0.260254
v -0.281250 1.742676 0.254395
v -0.305908 1.732178 0.244385
v -0.376465 1.711914 0.225098
v -0.304688 1.735596 0.241700
v -0.379883 1.729004 0.215332
v -0.367676 1.740234 0.195801
v -0.294434 1.760010 0.245850
v -0.117188 1.742676 0.254639
v -0.188477 1.748535 0.260254
v -0.117676 1.745361 0.251465
v -0.109375 1.760498 0.245117
v -0.093750 1.736572 0.242676
v -0.024170 1.729004 0.215332
v -0.092285 1.732910 0.245362
v -0.027100 1.711914 0.225098
v -0.036865 1.742188 0.193848
v -0.137451 1.769531 0.224366
v -0.175293 1.797607 0.193604
v -0.183594 1.773438 0.228516
v -0.216553 1.748535 0.260254
v -0.216553 1.805420 0.285401
v -0.188477 1.748535 0.260254
v -0.188477 1.805664 0.285157
v -0.216553 1.750488 0.257569
v -0.216553 1.748535 0.260254
v -0.188477 1.748535 0.260254
v -0.188477 1.751221 0.257325
v -0.092285 1.732910 0.245362
v -0.065430 1.787109 0.273194
v -0.093750 1.736572 0.242676
v -0.117676 1.745361 0.251465
v -0.089600 1.795898 0.278565
v -0.117188 1.742676 0.254639
v -0.117188 1.742676 0.254639
v -0.092285 1.732910 0.245362
v -0.305908 1.732178 0.244385
v -0.304688 1.735596 0.241700
v -0.329346 1.787598 0.272217
v -0.304932 1.794189 0.276612
v -0.281250 1.742676 0.254639
v -0.305908 1.732178 0.244385
v -0.281250 1.742676 0.254639
v -0.280762 1.745361 0.251953
v -0.081299 1.530273 0.049561
v -0.027344 1.659424 -0.054199
v -0.054688 1.644043 0.152344
v -0.016113 1.744385 0.052246
v 0.064209 1.782715 0.159180
v 0.118164 1.814941 -0.008545
v 0.114014 1.741943 -0.123535
v 0.285645 1.817139 -0.008545
v 0.288818 1.741943 -0.123535
v 0.418945 1.744385 0.052246
v 0.430176 1.659424 -0.054199
v 0.484375 1.530273 0.049561
v 0.457764 1.644043 0.152344
v 0.338623 1.782715 0.159180
v 0.253906 1.827148 0.119141
v 0.148926 1.827148 0.118653
v 0.174561 1.797607 0.193604
v 0.135986 1.770020 0.223389
v 0.182373 1.774414 0.226807
v 0.186768 1.768799 0.252198
v 0.215088 1.768311 0.253174
v 0.214844 1.751221 0.257325
v 0.186768 1.750488 0.257569
v 0.122559 1.745361 0.251953
v 0.186768 1.748535 0.260254
v 0.122070 1.742676 0.254639
v 0.097168 1.732178 0.244385
v 0.026611 1.711914 0.225098
v 0.098633 1.735596 0.241700
v 0.023438 1.729004 0.215332
v 0.035400 1.740234 0.195801
v 0.108887 1.760010 0.245850
v 0.285889 1.742676 0.254639
v 0.214844 1.748535 0.260254
v 0.285645 1.745361 0.251465
v 0.293945 1.760498 0.245117
v 0.309570 1.736572 0.242676
v 0.379150 1.729004 0.215332
v 0.311035 1.732910 0.245362
v 0.375977 1.711914 0.225098
v 0.366211 1.742188 0.193848
v 0.265625 1.769531 0.224366
v 0.228027 1.797607 0.193604
v 0.219727 1.773438 0.228516
v 0.186768 1.748535 0.260254
v 0.186768 1.805420 0.285401
v 0.214844 1.748535 0.260254
v 0.214844 1.805664 0.285157
v 0.186768 1.750488 0.257569
v 0.186768 1.748535 0.260254
v 0.214844 1.748535 0.260254
v 0.214844 1.751221 0.257325
v 0.311035 1.732910 0.245362
v 0.337891 1.787109 0.273194
v 0.309570 1.736572 0.242676
v 0.285645 1.745361 0.251465
v 0.313721 1.795898 0.278565
v 0.285889 1.742676 0.254639
v 0.285889 1.742676 0.254639
v 0.311035 1.732910 0.245362
v 0.097168 1.732178 0.244385
v 0.098633 1.735596 0.241700
v 0.073975 1.787598 0.272217
v 0.098145 1.794189 0.276612
v 0.122070 1.742676 0.254639
v 0.097168 1.732178 0.244385
v 0.122070 1.742676 0.254639
v 0.122559 1.745361 0.251953
v 0.482910 1.569824 0.051026
v 0.433105 1.448242 -0.061767
v 0.456543 1.448242 0.152100
v 0.405273 1.356201 0.038574
v 0.276855 1.290039 -0.026855
v 0.287354 1.370850 -0.136474
v 0.123047 1.290039 -0.026855
v 0.112549 1.370850 -0.136474
v -0.005127 1.356201 0.038574
v -0.032959 1.448242 -0.061767
v -0.082764 1.569824 0.051026
v -0.056396 1.448486 0.152588
v 0.026611 1.350342 0.182129
v 0.021973 1.360107 0.202637
v 0.025146 1.376465 0.213379
v 0.107422 1.327148 0.230713
v 0.108154 1.349365 0.236084
v 0.199463 1.318115 0.237061
v 0.199463 1.337646 0.245850
v 0.292480 1.326660 0.229981
v 0.297119 1.348877 0.236328
v 0.377930 1.360107 0.202393
v 0.374756 1.376465 0.213379
v 0.372314 1.348633 0.179932
v 0.264404 1.319092 0.208496
v 0.199707 1.314453 0.211670
v 0.134521 1.318604 0.207520
v 0.057861 1.304443 0.135498
v 0.147461 1.268799 0.099610
v 0.199951 1.293213 0.175781
v 0.342041 1.304443 0.135498
v 0.252441 1.268799 0.099610
v 0.620361 1.970947 0.219971
v 0.622559 1.934570 0.069825
v 0.645508 1.950684 0.218262
v 0.633301 1.918213 0.071289
v 0.660889 1.916016 -0.075683
v 0.642822 1.939209 -0.081299
v 0.618408 1.897705 -0.187988
v 0.635498 1.880615 -0.187011
v 0.645020 1.878418 -0.309814
v 0.625732 1.896973 -0.325683
v 0.642578 1.850098 -0.325195
v 0.627930 1.874756 -0.343261
v 0.621582 1.822510 -0.334961
v 0.610352 1.697266 -0.279541
v 0.593262 1.695557 -0.298828
v 0.609619 1.613525 -0.272705
v 0.592041 1.617676 -0.291015
v 0.574219 1.492432 -0.236816
v 0.552246 1.490723 -0.250244
v 0.584961 1.380127 -0.248047
v 0.564941 1.381592 -0.267822
v 0.554199 1.248779 -0.207275
v 0.539062 1.247070 -0.217773
v 0.564941 1.155762 -0.210449
v 0.545898 1.154785 -0.227051
v 0.539551 1.059326 -0.179687
v 0.522217 1.062256 -0.193847
v 0.537109 0.991211 -0.191406
v 0.513916 0.990967 -0.210937
v 0.491943 0.946289 -0.193115
v 0.512451 0.952148 -0.172363
v 0.517578 0.904541 -0.171875
v 0.498047 0.896973 -0.192871
v 0.522949 0.857178 -0.171387
v 0.504150 0.847900 -0.192383
v 0.495361 0.826416 -0.176514
v 0.378662 0.848389 -0.199951
v 0.378662 0.833252 -0.176514
v 0.191895 0.822510 -0.176514
v 0.191895 0.838379 -0.195801
v 0.000000 0.827148 -0.178955
v 0.000000 0.844482 -0.192139
v -0.198730 0.829590 -0.195801
v -0.198730 0.817383 -0.176514
v -0.378662 0.840332 -0.199951
v -0.379639 0.824951 -0.177490
v -0.495361 0.821045 -0.176514
v -0.499512 0.839356 -0.192627
v -0.517578 0.844727 -0.171387
v -0.495605 0.892822 -0.192871
v -0.514893 0.898438 -0.171875
v -0.491943 0.946289 -0.193115
v -0.512451 0.952148 -0.172363
v -0.537109 0.991211 -0.191406
v -0.513916 0.990967 -0.210937
v -0.522217 1.062256 -0.193847
v -0.539551 1.059326 -0.179687
v -0.545898 1.154785 -0.227051
v -0.564941 1.155762 -0.210449
v -0.539062 1.247070 -0.217773
v -0.554199 1.248779 -0.207275
v -0.561523 1.367676 -0.263428
v -0.581299 1.366211 -0.243652
v -0.552246 1.490723 -0.250244
v -0.574219 1.492432 -0.236816
v -0.585693 1.578613 -0.285156
v -0.603271 1.571289 -0.266845
v -0.593262 1.726562 -0.298828
v -0.610352 1.728516 -0.279541
v -0.633057 1.848389 -0.317138
v -0.613525 1.838135 -0.330810
v -0.614014 1.870117 -0.340088
v -0.617920 1.894287 -0.318603
v -0.524170 1.874512 -0.348144
v -0.526123 1.894043 -0.333740
v -0.412598 1.899170 -0.365722
v -0.410156 1.920410 -0.349853
v -0.279785 1.879150 -0.350830
v -0.280029 1.898926 -0.338379
v -0.122070 1.901611 -0.374267
v -0.124268 1.922119 -0.356933
v 0.000000 1.895996 -0.338867
v 0.000000 1.876221 -0.357666
v 0.156982 1.922119 -0.356933
v 0.162598 1.901611 -0.377441
v 0.280029 1.898926 -0.338379
v 0.279785 1.879150 -0.350830
v 0.382324 1.911865 -0.353515
v 0.385498 1.890625 -0.367187
v 0.526123 1.894043 -0.333740
v 0.524170 1.874512 -0.343506
v -0.639160 1.944336 0.207276
v -0.633301 1.919678 0.071045
v -0.606934 1.970947 0.217041
v -0.622314 1.936035 0.069825
v -0.637939 1.938232 -0.081299
v -0.656006 1.915039 -0.075683
v -0.608154 1.909912 -0.188965
v -0.623535 1.892822 -0.187744
v -0.634521 1.873291 -0.306396
v -0.606934 1.970947 0.217041
v -0.622314 1.936035 0.069825
v -0.498779 1.968750 0.223389
v -0.390625 1.930908 -0.089111
v -0.389648 1.994629 0.239502
v -0.265137 1.973633 0.228272
v -0.010010 1.943115 -0.088623
v -0.118164 1.993652 0.247315
v -0.059082 1.985107 0.244629
v 0.000000 1.976807 0.241944
v 0.068848 1.987305 0.246826
v 0.137939 1.998047 0.251709
v 0.389893 1.928955 -0.082763
v 0.265137 1.973633 0.228272
v 0.389404 1.994629 0.239502
v 0.498779 1.968750 0.223389
v 0.622559 1.934570 0.069825
v 0.620361 1.970947 0.219971
v -0.098389 1.182373 0.317383
v -0.098389 1.181396 0.302002
v -0.013916 1.188477 0.333252
v -0.014893 1.187744 0.316895
v 0.010010 1.188477 0.333252
v 0.010986 1.187744 0.316895
v 0.094971 1.185303 0.316895
v 0.094727 1.184082 0.301758
v -0.296387 1.188477 0.218750
v -0.342285 1.192139 0.174561
v -0.302734 1.182129 0.248291
v -0.300781 1.153809 0.165772
v -0.283447 1.178223 0.235352
v -0.274902 1.158691 0.180664
v -0.244385 1.150635 0.194824
v -0.226807 1.150879 0.160401
v -0.256592 1.154053 0.128418
v -0.338379 1.156006 0.125977
v 0.302002 1.185303 0.249756
v 0.299805 1.186523 0.220215
v 0.242920 1.186768 0.277100
v 0.235596 1.184814 0.250977
v 0.346191 1.192383 0.174805
v 0.209229 1.188232 0.229004
v 0.196045 1.209961 0.133301
v 0.342041 1.157227 0.125000
v 0.195312 1.204590 -0.052978
v 0.294678 1.166504 0.015381
v 0.163574 1.117676 -0.053711
v 0.000000 1.199463 -0.062988
v 0.000000 1.111084 -0.055176
v -0.195312 1.204590 -0.052978
v -0.163330 1.119141 -0.053711
v -0.293213 1.165771 0.015869
v -0.197754 1.207275 0.140137
v -0.338379 1.156006 0.125977
v -0.213867 1.190430 0.232178
v -0.342285 1.192139 0.174561
v -0.296387 1.188477 0.218750
v -0.235840 1.187744 0.250000
v -0.242920 1.186768 0.277100
v -0.301758 1.185303 0.249756
v -0.302734 1.182129 0.248291
v 0.495361 0.819580 0.251221
v 0.461182 0.729736 0.231445
v 0.373291 0.811279 0.251221
v 0.260986 0.822266 0.251221
v 0.049805 0.814941 0.251221
v 0.000000 0.731201 0.247070
v 0.000000 0.822266 0.253906
v -0.049805 0.814941 0.251221
v -0.461670 0.729980 0.226074
v -0.260986 0.822266 0.251221
v -0.373291 0.811523 0.251221
v -0.495361 0.830810 0.251221
v 0.439941 0.562012 0.229981
v 0.443115 0.633301 0.224365
v 0.441162 0.574951 0.141846
v 0.447510 0.559326 0.035645
v 0.457031 0.633301 0.021973
v 0.441162 0.575195 -0.059814
v 0.439697 0.632812 -0.148193
v 0.441650 0.568848 -0.145996
v 0.249756 0.584717 -0.151123
v 0.265381 0.552246 0.054199
v 0.441162 0.575195 -0.059814
v 0.447510 0.559326 0.035645
v 0.441162 0.574951 0.141846
v 0.439941 0.562012 0.229981
v 0.278076 0.557129 0.233643
v 0.443115 0.633301 0.224365
v 0.000000 0.631592 0.241211
v -0.439941 0.571289 0.229981
v -0.440918 0.574951 0.141846
v -0.437988 0.633301 0.220947
v -0.456543 0.633057 0.020752
v -0.447266 0.559326 0.035645
v -0.438232 0.573242 -0.059814
v -0.439209 0.632812 -0.148193
v -0.439209 0.562744 -0.145996
v -0.252441 0.578857 -0.151123
v -0.270996 0.550781 0.058106
v -0.438232 0.573242 -0.059814
v -0.447266 0.559326 0.035645
v -0.440918 0.574951 0.141846
v -0.439941 0.571289 0.229981
v -0.277832 0.557373 0.233643
v -0.437988 0.633301 0.220947
v 0.495361 0.819580 0.251221
v 0.491211 0.837646 0.159180
v 0.461182 0.729736 0.231445
v 0.495361 0.818848 0.037110
v 0.474609 0.741699 0.031006
v 0.460205 0.735840 -0.160400
v 0.491211 0.838135 -0.084473
v 0.495361 0.826416 -0.176514
v 0.378662 0.833252 -0.176514
v 0.000000 0.735107 -0.167724
v 0.191895 0.822510 -0.176514
v 0.000000 0.827148 -0.178955
v -0.198730 0.817383 -0.176514
v -0.459717 0.735840 -0.160400
v -0.378662 0.824951 -0.176514
v -0.495361 0.821045 -0.176514
v -0.491211 0.838135 -0.084473
v -0.495361 0.818848 0.037110
v -0.473145 0.736328 0.030029
v -0.461670 0.729980 0.226074
v 0.000000 0.631836 -0.155762
v 0.000000 0.569580 -0.149902
v 0.000000 0.544434 0.056885
v 0.000000 0.568115 0.235596
v -0.495361 0.830810 0.251221
v -0.491211 0.837646 0.159180
v 0.092529 1.140381 0.110596
v 0.076416 1.126465 0.151123
v 0.123047 1.156738 0.121094
v 0.079834 1.133301 0.156983
v 0.077148 1.150635 0.155029
v 0.000000 1.146240 0.160645
v 0.000000 1.165527 0.137696
v -0.076904 1.150635 0.155029
v -0.062744 1.168213 0.136963
v -0.114014 1.168945 0.129639
v -0.060303 1.220947 0.040039
v -0.151123 1.199707 0.041748
v -0.122559 1.156738 0.121094
v -0.079590 1.133301 0.156983
v 0.000000 1.122803 0.171387
v 0.000000 1.119141 0.159668
v 0.092529 1.140381 0.110596
v -0.090576 1.140381 0.110596
v -0.076172 1.126465 0.151123
v 0.151611 1.199707 0.041748
v 0.154785 1.198730 0.008545
v 0.108154 1.152832 0.042481
v 0.111084 1.152588 0.006348
v 0.157715 1.189941 -0.029785
v 0.113770 1.147949 -0.026611
v 0.153809 1.171875 -0.069336
v 0.119385 1.139648 -0.056152
v -0.116699 1.148438 -0.026367
v -0.119385 1.140381 -0.056152
v -0.157227 1.190430 -0.029785
v -0.153320 1.173096 -0.069580
v -0.153320 1.173096 -0.069580
v -0.088379 1.201660 -0.085205
v -0.157227 1.190430 -0.029785
v -0.074219 1.215576 -0.038574
v -0.154541 1.198975 0.008545
v -0.067871 1.222412 0.003418
v 0.000000 1.215332 0.001953
v 0.000000 1.213135 0.039063
v 0.062988 1.168213 0.136963
v 0.114502 1.168945 0.129639
v 0.151611 1.199707 0.041748
v -0.114258 1.153320 0.042481
v -0.115723 1.153076 0.006592
v -0.154541 1.198975 0.008545
v -0.151123 1.199707 0.041748
v -0.090576 1.140381 0.110596
v 0.153809 1.171875 -0.069336
v 0.157715 1.189941 -0.029785
v 0.088135 1.201660 -0.085205
v 0.074463 1.215576 -0.038574
v 0.154785 1.198730 0.008545
v 0.068115 1.222412 0.003418
v 0.060547 1.220947 0.040039
v -0.264648 0.481201 0.009033
v -0.267578 0.385010 0.010254
v -0.267578 0.352051 0.010742
v -0.267578 0.321289 0.010742
v -0.267578 0.294189 0.010498
v -0.237061 0.294189 -0.010010
v -0.208984 0.294189 0.027100
v -0.237061 0.321289 -0.009766
v -0.208984 0.321289 0.027344
v -0.208984 0.352051 0.027344
v -0.237061 0.351807 -0.009766
v -0.208984 0.385254 0.026611
v -0.237061 0.385010 -0.010254
v -0.205811 0.481689 0.024658
v -0.234131 0.480957 -0.012451
v -0.313965 0.148193 0.218750
v -0.237549 0.173828 0.216553
v -0.159668 0.148682 0.209229
v -0.237549 0.156006 0.300293
v 0.237305 0.237793 -0.010742
v 0.208740 0.237549 0.025879
v 0.208740 0.294189 0.026856
v 0.237305 0.294189 -0.009766
v -0.075684 1.412353 0.511231
v 0.000000 1.961914 0.256836
v -0.062012 1.970459 0.261475
v -0.124023 1.978760 0.266114
v -0.267578 1.959717 0.242188
v -0.390869 1.977051 0.259522
v -0.445557 1.776855 0.250977
v 0.279785 1.879150 -0.350830
v 0.162598 1.901611 -0.377441
v 0.000000 1.876221 -0.357666
v 0.191895 0.838379 -0.195801
v 0.236328 0.901123 -0.195312
v 0.000000 0.844482 -0.192139
v 0.000000 0.903565 -0.192383
v -0.198730 0.829590 -0.195801
v -0.623779 1.638672 0.232910
v -0.586182 1.504639 -0.024170
v -0.588379 1.509766 0.214112
v -0.561279 1.260498 -0.008545
v -0.601807 1.389160 0.233887
v -0.561523 1.275635 0.220947
v -0.571045 1.186035 0.231690
v -0.544922 1.120605 -0.000000
v -0.535156 1.080566 0.230225
v -0.541748 0.976074 0.234131
v -0.507812 0.933594 0.229736
v -0.531494 0.945801 0.019531
v -0.512207 0.895019 0.193115
v -0.512207 0.894287 0.234863
v -0.516846 0.854980 0.240235
v -0.516602 0.856201 0.156494
v -0.529297 0.890869 0.027588
v -0.526855 0.835938 0.035889
v -0.511475 0.901611 -0.129639
v -0.510742 0.851318 -0.086914
v -0.517578 0.844727 -0.171387
v -0.514893 0.898438 -0.171875
v -0.512451 0.952148 -0.172363
v -0.603271 1.571289 -0.266845
v -0.574219 1.492432 -0.236816
v -0.581299 1.366211 -0.243652
v -0.554199 1.248779 -0.207275
v -0.564941 1.155762 -0.210449
v -0.539551 1.059326 -0.179687
v -0.537109 0.991211 -0.191406
v -0.637939 1.938232 -0.081299
v -0.608154 1.909912 -0.188965
v -0.617920 1.894287 -0.318603
v -0.526123 1.894043 -0.333740
v -0.410156 1.920410 -0.349853
v -0.280029 1.898926 -0.338379
v -0.124268 1.922119 -0.356933
v 0.000000 1.895996 -0.338867
v 0.156982 1.922119 -0.356933
v 0.280029 1.898926 -0.338379
v 0.382324 1.911865 -0.353515
v 0.526123 1.894043 -0.333740
v 0.625732 1.896973 -0.325683
v 0.618408 1.897705 -0.187988
v 0.642822 1.939209 -0.081299
v -0.236084 1.176514 0.250244
v -0.146240 1.178711 0.263428
v -0.138672 1.140625 0.242432
v -0.065186 1.170166 0.270264
v -0.001465 1.139893 0.248047
v -0.001953 1.168701 0.270264
v 0.065186 1.170166 0.270264
v 0.135254 1.140869 0.242676
v 0.146240 1.178711 0.263428
v 0.237061 1.152100 0.193360
v 0.236816 1.176514 0.250244
v 0.283936 1.178223 0.235352
v 0.283691 1.165771 0.187012
v 0.229248 1.150879 0.160645
v 0.333496 1.160645 0.176514
v 0.257324 1.154785 0.128418
v 0.342041 1.157227 0.125000
v 0.294678 1.166504 0.015381
v 0.163574 1.117676 -0.053711
v 0.125000 1.115723 0.080567
v 0.229248 1.150879 0.160645
v 0.131592 1.142578 0.224854
v -0.001953 1.143799 0.229981
v 0.000000 1.112793 0.119385
v -0.135254 1.142578 0.224854
v -0.126221 1.116943 0.082520
v -0.163330 1.119141 -0.053711
v -0.293213 1.165771 0.015869
v 0.000000 1.196533 -0.088135
v 0.000000 1.209229 -0.040283
v 0.302734 1.182129 0.248291
v 0.302002 1.185303 0.249756
v 0.299805 1.186523 0.220215
v 0.346191 1.192383 0.174805
v 0.000000 1.111084 -0.055176
v -0.249268 1.671631 -0.159668
v -0.173828 1.636963 -0.177734
v -0.058594 1.697998 -0.090088
v -0.016113 1.572510 -0.110840
v -0.147949 1.578613 -0.188232
v -0.054932 1.444580 -0.116455
v -0.172119 1.519287 -0.189209
v -0.160400 1.362549 -0.104736
v -0.246338 1.479004 -0.179687
v -0.291992 1.358154 -0.080078
v -0.399658 1.432861 -0.052246
v -0.321777 1.513672 -0.161377
v -0.442139 1.558105 -0.031494
v -0.347656 1.572021 -0.151123
v -0.403320 1.686279 -0.025879
v -0.323242 1.631348 -0.149902
v -0.297852 1.768066 -0.037597
v -0.166260 1.772705 -0.062011
v 0.006592 1.713623 0.047119
v 0.058594 1.559814 0.021729
v 0.010986 1.402832 0.014649
v -0.117920 1.302246 0.029053
v -0.279297 1.296875 0.059082
v -0.411377 1.388428 0.093262
v -0.463379 1.542236 0.118897
v -0.415771 1.699219 0.125733
v -0.286621 1.799561 0.111328
v -0.125244 1.805176 0.081299
v 0.009521 1.691162 0.148194
v 0.057617 1.549072 0.124756
v 0.013672 1.404053 0.118408
v -0.105469 1.311279 0.131592
v -0.254639 1.306152 0.159424
v -0.376465 1.390869 0.191162
v -0.424805 1.532715 0.214600
v -0.380615 1.677979 0.220948
v -0.261475 1.770752 0.207764
v -0.112305 1.775635 0.179932
v -0.019775 1.647461 0.237549
v 0.016846 1.538574 0.219483
v -0.016357 1.427734 0.214844
v -0.107910 1.356689 0.224854
v -0.221924 1.352783 0.246094
v -0.315186 1.417480 0.270264
v -0.352051 1.526123 0.288330
v -0.318359 1.637207 0.293213
v -0.227051 1.708252 0.282959
v -0.113037 1.712158 0.261719
v -0.076904 1.588867 0.301514
v -0.056885 1.530029 0.291748
v -0.074951 1.469971 0.289063
v -0.124512 1.431641 0.294434
v -0.186279 1.429443 0.306153
v -0.236816 1.464600 0.319092
v -0.256836 1.523438 0.328858
v -0.238525 1.583496 0.331543
v -0.188965 1.621826 0.325928
v -0.127197 1.624023 0.314453
v -0.153076 1.524658 0.330078
v -0.173828 1.636963 -0.177734
v -0.249268 1.671631 -0.159668
v -0.251465 1.577393 -0.189453
v -0.323242 1.631348 -0.149902
v -0.347656 1.572021 -0.151123
v -0.321777 1.513672 -0.161377
v -0.246338 1.479004 -0.179687
v -0.172119 1.519287 -0.189209
v -0.147949 1.578613 -0.188232
v 0.249268 1.671631 -0.159668
v 0.058594 1.697998 -0.090088
v 0.167725 1.637451 -0.178467
v 0.016113 1.572510 -0.110840
v 0.147949 1.578613 -0.188232
v 0.054932 1.444580 -0.116455
v 0.166016 1.518555 -0.190918
v 0.160400 1.362549 -0.104736
v 0.246338 1.479004 -0.179687
v 0.291992 1.358154 -0.080078
v 0.399658 1.432861 -0.052246
v 0.327881 1.513184 -0.160644
v 0.442139 1.558105 -0.031494
v 0.347656 1.572021 -0.151123
v 0.403320 1.686279 -0.025879
v 0.329590 1.632080 -0.148437
v 0.297852 1.768066 -0.037597
v 0.166260 1.772705 -0.062011
v -0.006592 1.713623 0.047119
v -0.058594 1.559814 0.021729
v -0.010986 1.402832 0.014649
v 0.117920 1.302246 0.029053
v 0.279297 1.296875 0.059082
v 0.411377 1.388428 0.093262
v 0.463379 1.542236 0.118897
v 0.415771 1.699219 0.125733
v 0.286621 1.799561 0.111328
v 0.125244 1.805176 0.081299
v -0.009521 1.691162 0.148194
v -0.057617 1.549072 0.124756
v -0.013672 1.404053 0.118408
v 0.105469 1.311279 0.131592
v 0.254639 1.306152 0.159424
v 0.376465 1.390869 0.191162
v 0.424805 1.532715 0.214600
v 0.380615 1.677979 0.220948
v 0.261475 1.770752 0.207764
v 0.112305 1.775635 0.179932
v 0.019775 1.647461 0.237549
v -0.016846 1.538574 0.219483
v 0.016357 1.427734 0.214844
v 0.107910 1.356689 0.224854
v 0.221924 1.352783 0.246094
v 0.315186 1.417480 0.270264
v 0.352051 1.526123 0.288330
v 0.318359 1.637207 0.293213
v 0.227051 1.708252 0.282959
v 0.113037 1.712158 0.261719
v 0.076904 1.588867 0.301514
v 0.056885 1.530029 0.291748
v 0.074951 1.469971 0.289063
v 0.124512 1.431641 0.294434
v 0.186279 1.429443 0.306153
v 0.236816 1.464600 0.319092
v 0.256836 1.523438 0.328858
v 0.238525 1.583496 0.331543
v 0.188965 1.621826 0.325928
v 0.127197 1.624023 0.314453
v 0.153076 1.524658 0.330078
v 0.167725 1.637451 -0.178467
v 0.251465 1.577393 -0.189453
v 0.249268 1.671631 -0.159668
v 0.329590 1.632080 -0.148437
v 0.347656 1.572021 -0.151123
v 0.327881 1.513184 -0.160644
v 0.246338 1.479004 -0.179687
v 0.166016 1.518555 -0.190918
v 0.147949 1.578613 -0.188232
v -0.001465 1.054688 0.272705
v 0.065674 1.094971 0.307373
v 0.067627 1.043701 0.273194
v 0.151611 1.038818 0.270996
v 0.152588 1.096191 0.295899
v 0.233643 1.046387 0.263184
v 0.241211 1.102051 0.278076
v 0.323730 1.108643 0.257813
v 0.301758 1.139893 0.257324
v 0.326172 1.175781 0.262695
v -0.001953 1.109375 0.303223
v -0.065674 1.094971 0.307373
v -0.067627 1.043701 0.273194
v -0.151123 1.038818 0.270996
v -0.152588 1.096191 0.295899
v -0.232666 1.046387 0.263184
v -0.240234 1.102051 0.278076
v -0.324219 1.108643 0.257813
v -0.301758 1.139893 0.257324
v -0.326904 1.176514 0.262695
v -0.304932 1.189941 0.256592
v -0.334717 1.202637 0.276367
v -0.315186 1.239258 0.281494
v -0.385498 1.187012 0.283447
v -0.371094 1.152588 0.269776
v -0.330566 1.100830 0.258057
v -0.235352 1.035645 0.262940
v -0.176025 1.021240 0.268799
v -0.153564 1.027344 0.270996
v -0.144775 1.006592 0.270752
v -0.079102 1.005127 0.272217
v -0.065918 1.025391 0.272949
v -0.049561 1.008789 0.271729
v -0.001221 1.016357 0.271729
v -0.001221 1.035400 0.272705
v 0.049316 1.008789 0.271729
v 0.065918 1.025391 0.272949
v 0.078857 1.005615 0.272217
v 0.145020 1.006836 0.270996
v 0.154297 1.027344 0.270996
v 0.176514 1.021240 0.268799
v 0.236084 1.035645 0.262940
v 0.330078 1.100830 0.258057
v 0.368652 1.143555 0.270264
v 0.383545 1.173584 0.286377
v 0.328857 1.193604 0.277832
v 0.303223 1.187744 0.256348
v 0.311523 1.232910 0.283692
v 0.285156 1.226318 0.269287
v 0.245117 1.186279 0.291748
v 0.228271 1.229492 0.280030
v 0.169922 1.185059 0.331055
v 0.167969 1.226318 0.304932
v 0.096191 1.180420 0.360352
v -0.000732 1.179932 0.382324
v -0.096191 1.180420 0.360352
v -0.168457 1.226562 0.304688
v -0.169922 1.185059 0.331055
v -0.231934 1.230957 0.279785
v -0.245117 1.186279 0.291748
v -0.291016 1.230225 0.268799
v -0.283691 1.291748 0.284668
v -0.227295 1.289551 0.271729
v 0.220947 1.289307 0.271973
v 0.274170 1.291016 0.286865
v 0.302979 1.291992 0.290528
v 0.352783 1.282471 0.297363
v 0.369385 1.329834 0.294190
v 0.397461 1.268311 0.298584
v 0.405273 1.306885 0.295899
v 0.439941 1.312500 0.293213
v 0.413330 1.352783 0.294190
v 0.326904 1.352783 0.287842
v 0.282959 1.351074 0.277344
v 0.218262 1.334717 0.263672
v 0.215820 1.355713 0.248780
v 0.329834 1.394775 0.266602
v 0.361084 1.380615 0.281739
v 0.402100 1.391602 0.277832
v 0.396973 1.422119 0.256104
v 0.353760 1.404785 0.219727
v 0.220215 1.551270 0.173340
v 0.216797 1.734863 0.206543
v 0.225830 1.754883 0.237793
v 0.103760 1.767090 0.252442
v 0.225830 1.784424 0.262696
v -0.293213 1.346436 0.275635
v -0.310791 1.292725 0.286865
v -0.354736 1.284912 0.292237
v -0.352539 1.241699 0.288819
v -0.392334 1.231201 0.291992
v -0.397461 1.271484 0.294678
v -0.372559 1.326172 0.290283
v -0.336182 1.345703 0.284180
v -0.365967 1.369629 0.278809
v -0.336670 1.384766 0.265869
v -0.355957 1.399414 0.221680
v -0.411133 1.345703 0.289551
v -0.404541 1.306396 0.293701
v -0.437012 1.311768 0.291016
v 0.348633 1.681396 0.205078
v 0.400879 1.541992 0.219239
v 0.462891 1.518799 0.253662
v 0.474121 1.406006 0.262451
v 0.570801 1.507568 0.236084
v 0.589355 1.416748 0.252442
v 0.518555 1.347656 0.269043
v 0.539307 1.268555 0.254395
v 0.552734 1.273438 0.235352
v 0.550293 1.181641 0.258301
v 0.525879 1.193848 0.266358
v 0.457520 1.118652 0.259522
v 0.516602 1.074463 0.242920
v 0.511475 0.972412 0.263184
v 0.392578 1.030762 0.258301
v 0.498535 0.928711 0.246338
v 0.383057 0.928467 0.259277
v 0.436035 0.877197 0.253418
v 0.500732 0.885010 0.253174
v 0.502930 0.841309 0.260010
v 0.373779 0.825928 0.260498
v 0.259766 0.894531 0.263672
v 0.261719 0.839355 0.265137
v 0.118896 0.887451 0.267578
v 0.120117 0.828857 0.264404
v -0.000244 0.897949 0.267822
v 0.000000 0.836426 0.266846
v -0.120117 0.828857 0.264404
v -0.119141 0.886963 0.267334
v -0.118652 0.926269 0.269531
v -0.118408 0.944824 0.270508
v -0.242920 1.003174 0.262451
v -0.240479 1.014160 0.262695
v -0.237793 1.024902 0.262940
v -0.220703 1.009277 0.264649
v -0.127197 0.965332 0.270508
v -0.105225 0.964844 0.270996
v -0.017090 0.975830 0.269776
v -0.033447 0.992432 0.270752
v -0.000977 0.997314 0.270752
v -0.092041 0.985107 0.271729
v -0.135986 0.986084 0.270752
v -0.198242 1.015137 0.266602
v -0.441895 1.267822 0.291016
v -0.428223 1.232910 0.290039
v -0.425293 1.191650 0.282959
v -0.438232 1.164062 0.273926
v -0.394287 1.120605 0.266602
v -0.337158 1.092773 0.258545
v -0.464844 1.222900 0.284180
v -0.481445 1.267578 0.286621
v 0.170898 1.183350 0.309082
v 0.157959 1.183838 0.279785
v 0.145996 1.184814 0.262695
v 0.001221 1.182861 0.270264
v 0.000000 1.172607 0.315430
v -0.144287 1.182129 0.262695
v -0.098389 1.174316 0.302002
v -0.151367 1.183594 0.286133
v -0.161377 1.182617 0.317627
v 0.006592 1.194092 0.223389
v -0.000244 1.215576 0.129883
v 0.098633 1.177734 0.344483
v 0.098389 1.174805 0.301514
v 0.000000 1.174805 0.360108
v -0.098145 1.176758 0.343750
v -0.106934 1.251221 0.272705
v -0.141357 1.212402 0.298340
v -0.156738 1.249512 0.243897
v -0.148438 1.209717 0.275635
v -0.166504 1.248047 0.217774
v -0.106201 1.248779 0.233887
v -0.062012 1.204346 0.275391
v -0.030273 1.248047 0.252686
v 0.001465 1.208008 0.273682
v 0.033203 1.248047 0.252686
v 0.066162 1.203613 0.271485
v 0.109131 1.248779 0.233887
v 0.151123 1.209717 0.275635
v 0.169189 1.248047 0.217774
v 0.144775 1.211182 0.296387
v 0.159668 1.249512 0.243897
v 0.114746 1.213135 0.312012
v 0.109863 1.251221 0.272705
v 0.073730 1.217529 0.327393
v 0.047119 1.252686 0.291748
v 0.033203 1.211426 0.339844
v 0.000732 1.216064 0.323975
v 0.001221 1.249023 0.288330
v -0.019287 1.216064 0.336426
v -0.047607 1.252686 0.289551
v -0.055908 1.219238 0.333252
v -0.094238 1.220215 0.317139
v -0.098145 1.188477 0.323487
v -0.126221 1.190674 0.303467
v -0.098389 1.179199 0.316895
v -0.122803 1.182617 0.297608
v -0.096680 1.179199 0.301026
v -0.134521 1.190918 0.284180
v -0.021973 1.182861 0.300293
v 0.001221 1.187744 0.297608
v 0.026611 1.181152 0.300293
v 0.099365 1.180420 0.299317
v 0.136963 1.187500 0.284180
v 0.130371 1.190674 0.302979
v 0.102783 1.189209 0.318848
v 0.071533 1.187988 0.333008
v 0.027344 1.188232 0.341309
v 0.001709 1.193115 0.335938
v -0.019287 1.189453 0.339844
v -0.064941 1.191895 0.332031
v -0.065918 1.182617 0.320313
v -0.019043 1.181152 0.324707
v 0.001221 1.185547 0.314942
v 0.027100 1.180420 0.318848
v 0.069580 1.178955 0.319580
v 0.100098 1.180420 0.308838
v 0.124756 1.181396 0.297608
v -0.019775 1.647461 0.077637
v -0.076904 1.588867 0.141358
v -0.113037 1.712158 0.101807
v -0.127197 1.624023 0.154541
v -0.227051 1.708252 0.123047
v -0.188965 1.621826 0.166016
v -0.318359 1.637207 0.133301
v -0.238525 1.583496 0.171631
v -0.352051 1.526123 0.128418
v -0.256836 1.523438 0.168946
v -0.315186 1.417480 0.110352
v -0.236816 1.464600 0.159180
v -0.221924 1.352783 0.086182
v -0.186279 1.429443 0.145996
v -0.107910 1.356689 0.064942
v -0.124512 1.431641 0.134522
v -0.016357 1.427734 0.054688
v -0.074951 1.469971 0.129151
v 0.016846 1.538574 0.059571
v -0.056885 1.530029 0.131592
v -0.153076 1.524658 0.170166
v 0.113037 1.712158 0.101807
v 0.076904 1.588867 0.141358
v 0.019775 1.647461 0.077637
v 0.056885 1.530029 0.131592
v -0.016846 1.538574 0.059571
v 0.074951 1.469971 0.129151
v 0.016357 1.427734 0.054688
v 0.124512 1.431641 0.134522
v 0.107910 1.356689 0.064942
v 0.186279 1.429443 0.145996
v 0.221924 1.352783 0.086182
v 0.236816 1.464600 0.159180
v 0.315186 1.417480 0.110352
v 0.256836 1.523438 0.168946
v 0.352051 1.526123 0.128418
v 0.238525 1.583496 0.171631
v 0.318359 1.637207 0.133301
v 0.188965 1.621826 0.166016
v 0.227051 1.708252 0.123047
v 0.127197 1.624023 0.154541
v 0.153076 1.524658 0.170166
v 0.315186 0.148682 0.209229
v 0.237549 0.173828 0.216553
v 0.160889 0.148193 0.218750
v 0.237549 0.155762 0.300293
v 0.075684 1.412353 0.511231
v 0.032471 0.992432 0.270752
v 0.015625 0.975830 0.269776
v -0.000977 0.978271 0.269776
v -0.000732 0.959228 0.268799
v -0.000732 0.939453 0.268555
v 0.117920 0.926514 0.269776
v 0.257812 0.949707 0.262207
v 0.243652 1.003174 0.262451
v 0.349121 1.076904 0.259033
v 0.448730 1.135498 0.267334
v 0.501465 1.206299 0.274414
v 0.525879 1.263672 0.273438
v 0.495361 1.262451 0.291016
v 0.487305 1.332764 0.290528
v 0.447510 1.263672 0.294678
v 0.391113 1.219727 0.297119
v 0.349854 1.232178 0.293457
v 0.433105 1.221924 0.294922
v 0.473877 1.211914 0.287598
v 0.427979 1.178467 0.285889
v 0.439941 1.152344 0.275147
v 0.394531 1.114746 0.267090
v 0.336426 1.092773 0.258545
v 0.238525 1.024902 0.262940
v 0.117432 0.946045 0.270752
v 0.126709 0.966309 0.270752
v 0.221436 1.009277 0.264649
v 0.135986 0.986572 0.270752
v 0.198975 1.015137 0.266602
v 0.241211 1.014160 0.262695
v 0.091797 0.985596 0.271729
v 0.104492 0.965820 0.271240
v 0.448975 1.378418 0.281739
v -0.580566 0.900879 0.003906
v -0.728027 0.895996 0.002686
v -0.580566 0.907471 0.032227
v -0.728516 0.906006 0.033936
v -0.759766 0.895508 0.002442
v -0.760498 0.906494 0.033447
v -0.790771 0.894287 0.001953
v -0.791748 0.906494 0.032715
v -0.822021 0.906006 0.031738
v -0.821045 0.893555 0.000977
v -0.852539 0.906006 0.031006
v -0.851807 0.893555 0.000244
v -0.883057 0.893799 -0.000000
v -0.883789 0.906494 0.030762
v -0.916260 0.894531 0.000977
v -0.917236 0.908936 0.031006
v -0.949707 0.894043 0.002442
v -0.950684 0.910889 0.031250
v -0.980713 0.910645 0.036377
v -0.979492 0.893799 0.001709
v -0.580566 0.900879 0.003906
v -0.713379 0.868896 -0.007324
v -0.580078 0.921631 -0.016357
v -0.712891 0.898193 -0.040527
v -0.712402 0.939453 -0.047607
v -0.580078 0.944824 -0.001709
v -0.712402 0.976562 -0.017334
v -0.712646 0.983154 0.026123
v -0.580322 0.935059 0.029785
v -0.713135 0.941162 0.060059
v -0.713623 0.889404 0.050293
v -0.580566 0.907471 0.032227
v -0.713379 0.868896 -0.007324
v -0.580566 0.900879 0.003906
v -0.580566 0.900879 0.003906
v -0.580078 0.921631 -0.016357
v -0.728027 0.895996 0.002686
v -0.727539 0.918945 -0.020996
v -0.580078 0.944824 -0.001709
v -0.727539 0.950439 -0.005371
v -0.728271 0.943848 0.028809
v -0.580322 0.935059 0.029785
v 0.711670 0.870605 0.001465
v 0.694824 0.855713 0.001465
v 0.712402 0.905518 0.051758
v 0.695801 0.898193 0.063233
v 0.712402 0.958008 0.047608
v 0.695557 0.971191 0.059326
v 0.711670 0.989502 0.003662
v 0.694824 1.004395 0.004395
v 0.711182 0.971680 -0.036621
v 0.694336 0.985596 -0.047607
v 0.710938 0.927979 -0.055908
v 0.694092 0.928223 -0.067383
v 0.711182 0.889893 -0.038330
v 0.694336 0.876465 -0.049805
v 0.711670 0.870605 0.001465
v 0.694824 0.855713 0.001465
v 0.637939 0.856689 0.002197
v 0.638916 0.867920 -0.053223
v 0.563232 0.893799 -0.031006
v 0.544189 0.881836 0.003906
v 0.517578 0.926758 0.005127
v 0.543701 0.927490 -0.040527
v 0.563232 0.967529 -0.029541
v 0.544189 0.978027 0.005615
v 0.637695 1.003174 0.005127
v 0.637207 0.985596 -0.043213
v 0.638428 0.970215 0.056641
v 0.638672 0.897949 0.059326
v 0.637939 0.856689 0.002197
v 0.579102 0.909180 0.004395
v 0.579346 0.923096 0.030029
v 0.723145 0.893311 0.003418
v 0.723145 0.909912 0.031983
v 0.579346 0.949219 0.020264
v 0.723145 0.945801 0.018799
v 0.578857 0.949951 -0.012695
v 0.723633 0.944580 -0.016601
v 0.723633 0.910156 -0.024658
v 0.578857 0.923828 -0.020752
v 0.723145 0.893311 0.003418
v 0.579102 0.909180 0.004395
v 0.579102 0.909180 0.004395
v 0.578857 0.923828 -0.020752
v 0.711670 0.870605 0.001465
v 0.711182 0.889893 -0.038330
v 0.710938 0.927979 -0.055908
v 0.578857 0.949951 -0.012695
v 0.711182 0.971680 -0.036621
v 0.711670 0.989502 0.003662
v 0.579346 0.949219 0.020264
v 0.712402 0.958008 0.047608
v 0.712402 0.905518 0.051758
v 0.579346 0.923096 0.030029
v 0.711670 0.870605 0.001465
v 0.579102 0.909180 0.004395
v 0.980713 0.891602 -0.007324
v 0.948486 0.891357 -0.004639
v 0.979736 0.908936 0.025879
v 0.947266 0.908447 0.024658
v 0.910400 0.891846 -0.001465
v 0.911377 0.908447 0.027344
v 0.871582 0.893066 -0.000244
v 0.872314 0.908936 0.027832
v 0.839355 0.892822 0.000488
v 0.839844 0.909424 0.029053
v 0.809570 0.893066 0.001221
v 0.809814 0.909912 0.029785
v 0.781494 0.893311 0.002197
v 0.781738 0.910156 0.030029
v 0.753174 0.893311 0.002930
v 0.753662 0.909912 0.031006
v 0.753662 0.946045 0.018067
v 0.752197 0.944580 -0.016846
v 0.751709 0.909912 -0.024658
v 0.753174 0.893311 0.002930
v -0.980225 0.947266 0.019287
v -0.950439 0.947266 0.017578
v -0.979004 0.945557 -0.022217
v -0.949463 0.945801 -0.018310
v -0.978760 0.910645 -0.030029
v -0.948975 0.910889 -0.026123
v -0.979492 0.893799 0.001709
v -0.949707 0.894043 0.002442
v -0.916260 0.894531 0.000977
v -0.915771 0.913330 -0.026123
v -0.883057 0.893799 -0.000000
v -0.882568 0.914795 -0.025879
v -0.851807 0.893555 0.000244
v -0.851318 0.914307 -0.025390
v -0.820312 0.914062 -0.024658
v -0.821045 0.893555 0.000977
v -0.790039 0.914307 -0.023681
v -0.790771 0.894287 0.001953
v -0.759766 0.895508 0.002442
v -0.759277 0.916260 -0.022217
v -0.759766 0.948975 -0.008545
v -0.760498 0.944092 0.027100
v 0.979980 0.945312 0.010010
v 0.947754 0.944580 0.010498
v 0.980713 0.943848 -0.031250
v 0.948242 0.943115 -0.025635
v 0.981201 0.908691 -0.038818
v 0.948486 0.908203 -0.033447
v 0.980713 0.891602 -0.007324
v 0.948486 0.891357 -0.004639
v 0.909424 0.908691 -0.030029
v 0.910400 0.891846 -0.001465
v 0.871094 0.910889 -0.028320
v 0.871582 0.893066 -0.000244
v 0.839355 0.909912 -0.027588
v 0.839355 0.892822 0.000488
v 0.809570 0.909912 -0.026611
v 0.809570 0.893066 0.001221
v 0.780762 0.909668 -0.025390
v 0.781494 0.893311 0.002197
v -0.916260 0.947510 -0.015381
v -0.916992 0.946045 0.020264
v -0.883545 0.944092 0.022461
v -0.852295 0.943604 0.022949
v -0.821777 0.943604 0.023682
v -0.791748 0.944092 0.024658
v 0.910889 0.944824 0.013916
v 0.872070 0.945557 0.014893
v 0.839600 0.945557 0.015869
v 0.809814 0.946045 0.016358
v 0.781738 0.946045 0.016846
v 0.781006 0.944580 -0.017822
v -0.882568 0.947754 -0.012939
v -0.851562 0.947266 -0.012451
v -0.820801 0.947266 -0.011963
v -0.790771 0.947754 -0.011230
v 0.909668 0.943604 -0.021973
v 0.871338 0.945312 -0.020264
v 0.839355 0.944580 -0.019531
v 0.809570 0.944580 -0.018799
v -0.638672 0.995605 0.030762
v -0.545166 0.970703 0.024414
v -0.564941 0.947998 0.053955
v -0.518799 0.921143 0.010010
v -0.555664 0.892334 0.042969
v -0.545654 0.878174 -0.002685
v -0.639648 0.854980 -0.010498
v -0.639893 0.879639 0.055176
v -0.639404 0.950195 0.071778
v -0.696289 0.950439 0.074951
v -0.697021 0.879150 0.059326
v -0.696533 0.854736 -0.011230
v -0.713379 0.868896 -0.007324
v -0.713623 0.889404 0.050293
v -0.713135 0.941162 0.060059
v -0.712646 0.983154 0.026123
v -0.695557 0.997070 0.030518
v -0.695312 0.992920 -0.024414
v -0.712402 0.976562 -0.017334
v -0.712402 0.939453 -0.047607
v -0.695557 0.942627 -0.058594
v -0.696045 0.888184 -0.055420
v -0.712891 0.898193 -0.040527
v -0.713379 0.868896 -0.007324
v -0.696533 0.854736 -0.011230
v -0.639648 0.854980 -0.010498
v -0.640869 0.880371 -0.061279
v -0.564697 0.899170 -0.033203
v -0.545654 0.878174 -0.002685
v -0.518799 0.921143 0.010010
v -0.544922 0.934326 -0.033691
v -0.564209 0.969971 -0.012207
v -0.545166 0.970703 0.024414
v -0.638184 0.991455 -0.020508
v -0.638428 0.940186 -0.052734
v -1.295166 0.916260 0.032471
v -1.269043 0.905762 0.010742
v -1.294434 0.916992 -0.011230
v -1.245850 0.942871 -0.018799
v -1.237061 0.909180 0.010986
v -1.181152 0.954102 -0.011474
v -1.177490 0.927734 0.011719
v -1.109131 0.941650 -0.020996
v -1.107422 0.913818 -0.023926
v -1.176758 0.954346 -0.025390
v -1.170898 0.933838 -0.050293
v -1.230957 0.944336 -0.031250
v -1.220215 0.915527 -0.059082
v -1.278320 0.928467 -0.048584
v -1.252930 0.915039 -0.064941
v -1.270752 0.925293 -0.085449
v -1.224854 0.945801 -0.092041
v -1.172607 0.955322 -0.080566
v -1.108887 0.933838 -0.068359
v -1.029785 0.877441 -0.003662
v -1.109619 0.913086 0.028809
v -1.181396 0.953613 0.034668
v -1.246094 0.941895 0.041016
v -1.109619 0.941162 0.035889
v -1.172363 0.932373 0.067627
v -1.178711 0.952881 0.049317
v -1.233398 0.918213 0.075928
v -1.243164 0.941895 0.050781
v -1.257812 0.902100 0.076660
v -1.287598 0.922607 0.062744
v -1.280518 0.921631 0.099365
v -1.234131 0.944336 0.106934
v -1.174561 0.955322 0.093262
v -1.090820 0.911621 0.091309
v -1.103271 0.942139 0.084229
v -1.125732 0.909180 0.109619
v -1.113770 0.911133 0.132813
v -1.177979 0.892822 0.126953
v -1.167236 0.896729 0.157471
v -1.184326 0.865479 0.155762
v -1.161377 0.859131 0.117188
v -1.153564 0.852539 0.149170
v -1.094971 0.875000 0.097412
v -1.094727 0.871094 0.124024
v -1.075928 0.874023 0.064697
v -1.027832 0.869141 0.073242
v -0.980713 0.910645 0.036377
v -0.979492 0.893799 0.001709
v -0.978760 0.910645 -0.030029
v -1.025146 0.906982 -0.062256
v -0.979004 0.945557 -0.022217
v -1.019043 0.964111 -0.055908
v -1.014893 0.977783 0.001709
v -0.980225 0.947266 0.019287
v -1.023438 0.953857 0.081299
v -1.014648 0.902588 0.098145
v -0.980713 0.910645 0.036377
v -1.027832 0.869141 0.073242
v -1.092773 0.887207 0.135254
v -1.094727 0.871094 0.124024
v -1.155273 0.870361 0.164551
v -1.153564 0.852539 0.149170
v -1.184326 0.865479 0.155762
v -1.167236 0.896729 0.157471
v -1.113770 0.911133 0.132813
v -1.103271 0.942139 0.084229
v -1.101318 0.972412 0.085449
v -1.174561 0.955322 0.093262
v -1.175537 0.980957 0.082764
v -1.238037 0.971924 0.096680
v -1.234131 0.944336 0.106934
v -1.275391 0.955811 0.091309
v -1.280518 0.921631 0.099365
v -1.282959 0.957520 0.067139
v -1.287598 0.922607 0.062744
v -1.245850 0.974854 0.054932
v -1.243164 0.941895 0.050781
v -1.178467 0.984375 0.053467
v -1.178711 0.952881 0.049317
v -1.100342 0.984375 0.039307
v -1.109619 0.941162 0.035889
v -1.181641 0.990234 0.025879
v -1.181396 0.953613 0.034668
v -1.249023 0.978516 0.032227
v -1.246094 0.941895 0.041016
v -1.290283 0.955322 0.026123
v -1.295166 0.916260 0.032471
v -1.294434 0.916992 -0.011230
v -1.287354 0.955566 -0.008056
v -1.248535 0.977783 -0.014648
v -1.181396 0.989258 -0.007324
v -1.099854 0.983643 -0.022217
v -1.104980 0.975342 -0.056152
v -1.245850 0.942871 -0.018799
v -1.181152 0.954102 -0.011474
v -1.109131 0.941650 -0.020996
v -1.176514 0.985352 -0.034180
v -1.176758 0.954346 -0.025390
v -1.232666 0.976562 -0.040283
v -1.230957 0.944336 -0.031250
v -1.273438 0.960693 -0.054687
v -1.278320 0.928467 -0.048584
v -1.265625 0.959229 -0.079101
v -1.270752 0.925293 -0.085449
v -1.228516 0.975830 -0.079346
v -1.173340 0.984131 -0.068359
v 0.544189 0.978027 0.005615
v 0.563965 0.963867 0.040039
v 0.554443 0.907471 0.044434
v 0.544189 0.881836 0.003906
v 0.517578 0.926758 0.005127
v 1.294434 0.918945 0.012207
v 1.293945 0.919189 -0.031738
v 1.268555 0.907959 -0.009277
v 1.245117 0.944336 -0.039795
v 1.236572 0.911133 -0.009277
v 1.180420 0.955322 -0.032959
v 1.176758 0.929199 -0.009033
v 1.108643 0.941895 -0.040771
v 1.107666 0.913330 -0.039795
v 1.170410 0.934326 -0.071533
v 1.176025 0.955322 -0.046631
v 1.230225 0.945557 -0.052246
v 1.219727 0.916260 -0.079590
v 1.277832 0.929932 -0.069092
v 1.252686 0.916016 -0.085449
v 1.270508 0.926025 -0.106201
v 1.224365 0.946045 -0.113037
v 1.172119 0.955322 -0.102051
v 1.108887 0.933105 -0.086670
v 1.029785 0.876221 -0.013672
v 1.109131 0.912842 0.014404
v 1.108398 0.941895 0.017334
v 1.180420 0.955322 0.013184
v 1.245117 0.944336 0.020264
v 1.027344 0.868652 0.057861
v 0.979736 0.908936 0.025879
v 0.980713 0.891602 -0.007324
v 0.981201 0.908691 -0.038818
v 1.028564 0.905273 -0.070312
v 0.980713 0.943848 -0.031250
v 1.021484 0.962402 -0.064453
v 1.014404 0.976074 -0.006103
v 0.979980 0.945312 0.010010
v 1.020996 0.953125 0.068360
v 1.014893 0.902344 0.080567
v 0.979736 0.908936 0.025879
v 1.027344 0.868652 0.057861
v 1.093506 0.888916 0.114746
v 1.095459 0.872803 0.103516
v 1.156250 0.873291 0.144043
v 1.155029 0.855225 0.128418
v 1.185547 0.868896 0.135498
v 1.167969 0.899658 0.136231
v 1.114014 0.913330 0.111817
v 1.101807 0.941895 0.071778
v 1.100098 0.973877 0.063721
v 1.170654 0.958252 0.072022
v 1.171387 0.983643 0.061035
v 1.230957 0.975830 0.075195
v 1.227539 0.948486 0.085938
v 1.268555 0.959961 0.070313
v 1.273926 0.926025 0.078613
v 1.276367 0.961426 0.046143
v 1.281250 0.926514 0.042236
v 1.239014 0.978271 0.033692
v 1.236572 0.945312 0.029785
v 1.174316 0.986816 0.031738
v 1.174316 0.955322 0.028076
v 1.098877 0.985352 0.017334
v 1.108398 0.941895 0.017334
v 1.180176 0.991943 0.003906
v 1.180420 0.955322 0.013184
v 1.247803 0.980957 0.010986
v 1.245117 0.944336 0.020264
v 1.289307 0.957764 0.005371
v 1.294434 0.918945 0.012207
v 1.293945 0.919189 -0.031738
v 1.286621 0.957520 -0.028808
v 1.245117 0.944336 -0.039795
v 1.247559 0.979248 -0.035889
v 1.180176 0.990234 -0.029297
v 1.180420 0.955322 -0.032959
v 1.098633 0.983887 -0.044433
v 1.108643 0.941895 -0.040771
v 1.175537 0.986084 -0.055908
v 1.176025 0.955322 -0.046631
v 1.231689 0.977783 -0.061767
v 1.230225 0.945557 -0.052246
v 1.272705 0.961914 -0.075683
v 1.277832 0.929932 -0.069092
v 1.265137 0.959961 -0.100342
v 1.270508 0.926025 -0.106201
v 1.227783 0.976318 -0.100830
v 1.172607 0.984375 -0.090332
v 1.104248 0.975098 -0.078125
v 1.273926 0.926025 0.078613
v 1.281250 0.926514 0.042236
v 1.251465 0.906006 0.056397
v 1.236572 0.945312 0.029785
v 1.227051 0.921875 0.055420
v 1.174316 0.955322 0.028076
v 1.168945 0.934814 0.046631
v 1.090820 0.912842 0.071533
v 1.075439 0.873535 0.051514
v 1.095459 0.872803 0.103516
v 1.094971 0.876465 0.078613
v 1.125977 0.911377 0.088379
v 1.101807 0.941895 0.071778
v 1.114014 0.913330 0.111817
v 1.178955 0.895752 0.106201
v 1.167969 0.899658 0.136231
v 1.185547 0.868896 0.135498
v 1.162842 0.861816 0.096192
v 1.155029 0.855225 0.128418
v 1.227539 0.948486 0.085938
v 1.170654 0.958252 0.072022
v 0.636963 0.927734 -0.060791
v 0.049805 0.814941 0.251343
v 0.261108 0.822266 0.251343
v 0.124878 0.745361 0.266358
v 0.049805 0.814941 0.251343
v 0.124878 0.745361 0.266358
v 0.124268 0.729370 0.251221
v 0.124268 0.729370 0.251221
v 0.124878 0.745361 0.266358
v 0.261108 0.822266 0.251343
v 0.000000 0.729370 0.251221
v 0.000000 0.767090 0.251221
v 0.028564 0.776123 0.251221
v -0.043701 0.728149 0.255615
v 0.000000 0.767090 0.251221
v -0.028564 0.776123 0.251221
v -0.072266 0.626221 0.255493
v 0.000000 0.563721 0.265747
v 0.073364 0.625732 0.257813
v -0.261108 0.822266 0.251343
v -0.049805 0.814941 0.251343
v -0.124878 0.745361 0.266358
v -0.124878 0.745361 0.266358
v -0.049805 0.814941 0.251343
v -0.124268 0.729370 0.251221
v -0.261108 0.822266 0.251343
v -0.124878 0.745361 0.266358
v -0.124268 0.729370 0.251221
v -0.028564 0.776123 0.251221
v 0.000000 0.767090 0.251221
v 0.000000 0.729370 0.251221
v -0.043701 0.728149 0.255615
v 0.043701 0.728149 0.255615
v 0.000000 0.767090 0.251221
v 0.000000 0.767090 0.251221
v 0.043701 0.728149 0.255615
v 0.028564 0.776123 0.251221
v 0.486206 0.824951 -0.171020
v 0.481079 0.836426 -0.083130
v 0.484741 0.729736 -0.171020
v 0.484985 0.817383 0.037232
v 0.484741 0.729126 0.245361
v 0.481079 0.835938 0.157837
v 0.485962 0.818115 0.245850
v 0.485962 0.818115 0.245850
v 0.369385 0.810059 0.244019
v 0.484741 0.729126 0.245361
v 0.122803 0.729004 0.243897
v 0.258179 0.820801 0.244019
v 0.258179 0.820801 0.244019
v 0.049194 0.813599 0.244019
v 0.122803 0.729004 0.243897
v 0.000000 0.729004 0.243897
v 0.000000 0.820923 0.246582
v -0.049194 0.813599 0.244019
v -0.122925 0.729004 0.243897
v -0.258179 0.820801 0.244019
v 0.480957 0.541992 0.244141
v 0.000000 0.542480 0.243408
v 0.480957 0.539551 -0.169678
v 0.000000 0.540283 -0.169067
v -0.480957 0.541992 0.244141
v -0.480957 0.539551 -0.169678
v 0.484741 0.729126 0.245361
v 0.482422 0.632690 0.244385
v 0.484741 0.729736 -0.171020
v 0.482422 0.633057 -0.170044
v -0.486206 0.819702 -0.171142
v -0.484741 0.729736 -0.171020
v -0.481079 0.836426 -0.083130
v -0.484985 0.817383 0.037232
v -0.484741 0.729126 0.245361
v -0.481079 0.835938 0.157837
v -0.486084 0.829346 0.245850
v -0.486084 0.829346 0.245850
v -0.484741 0.729126 0.245361
v -0.369385 0.810303 0.244019
v -0.122925 0.729004 0.243897
v -0.258179 0.820801 0.244019
v -0.482544 0.633057 -0.170044
v -0.482544 0.632690 0.244385
v -0.484741 0.729736 -0.171020
v -0.484741 0.729126 0.245361
v -0.482544 0.632690 0.244385
v 0.000000 0.632812 0.242920
v -0.484741 0.729126 0.245361
v -0.122925 0.729004 0.243897
v 0.000000 0.729004 0.243897
v 0.122803 0.729004 0.243897
v 0.484741 0.729126 0.245361
v 0.482422 0.632690 0.244385
v 0.480957 0.541992 0.244141
v 0.482422 0.632690 0.244385
v 0.000000 0.542480 0.243408
v 0.000000 0.632812 0.242920
v -0.482544 0.632690 0.244385
v -0.480957 0.541992 0.244141
v 0.482422 0.633057 -0.170044
v 0.482422 0.632690 0.244385
v 0.480957 0.539551 -0.169678
v 0.480957 0.541992 0.244141
v -0.480957 0.539551 -0.169678
v -0.480957 0.541992 0.244141
v -0.482544 0.633057 -0.170044
v -0.482544 0.632690 0.244385
v 0.495361 0.826416 -0.176636
v 0.493652 0.730103 -0.176880
v 0.491333 0.838257 -0.084473
v 0.495361 0.818848 0.037232
v 0.493652 0.729492 0.251221
v 0.491333 0.837646 0.159180
v 0.495361 0.819458 0.251343
v 0.495361 0.819458 0.251343
v 0.493652 0.729492 0.251221
v 0.373413 0.811401 0.251343
v 0.124268 0.729370 0.251221
v 0.261108 0.822266 0.251343
v 0.049805 0.814941 0.251343
v 0.028564 0.776123 0.251221
v 0.000000 0.729370 0.251221
v 0.000000 0.632202 0.250244
v 0.491333 0.631958 0.250244
v 0.000000 0.563721 0.265747
v 0.000000 0.570312 0.270752
v 0.073364 0.625732 0.257813
v 0.064819 0.625244 0.267334
v -0.064819 0.625244 0.267334
v 0.000000 0.563721 0.265747
v -0.072266 0.626221 0.255493
v 0.043701 0.728149 0.255615
v -0.043701 0.728149 0.255615
v 0.073364 0.625732 0.257813
v -0.072266 0.626221 0.255493
v 0.489136 0.537353 0.249268
v 0.489136 0.535034 -0.174805
v 0.000000 0.537353 0.249268
v 0.000000 0.535034 -0.174805
v -0.489136 0.537353 0.249268
v -0.489136 0.535034 -0.174805
v 0.491333 0.632324 -0.175903
v 0.491333 0.631958 0.250244
v -0.495361 0.821045 -0.176636
v -0.491333 0.838257 -0.084473
v -0.493652 0.730103 -0.176880
v -0.495361 0.818848 0.037232
v -0.493652 0.729492 0.251221
v -0.491333 0.837646 0.159180
v -0.495361 0.830810 0.251343
v -0.495361 0.830810 0.251343
v -0.373413 0.811523 0.251343
v -0.493652 0.729492 0.251221
v -0.124268 0.729370 0.251221
v -0.261108 0.822266 0.251343
v -0.049805 0.814941 0.251343
v -0.028564 0.776123 0.251221
v -0.491333 0.631958 0.250244
v -0.028564 0.776123 0.251221
v -0.022827 0.773926 0.258179
v -0.043701 0.728149 0.255615
v -0.037354 0.728149 0.262451
v -0.072266 0.626221 0.255493
v 0.037354 0.728149 0.262451
v 0.073364 0.625732 0.257813
v 0.043701 0.728149 0.255615
v 0.022827 0.773926 0.258179
v 0.028564 0.776123 0.251221
v 0.021851 0.776855 0.257935
v 0.049805 0.814941 0.251343
v 0.000000 0.773560 0.261963
v 0.000000 0.769775 0.261963
v -0.491333 0.632324 -0.175903
v -0.493652 0.730103 -0.176880
v -0.491333 0.631958 0.250244
v -0.493652 0.729492 0.251221
v 0.489136 0.537353 0.249268
v 0.000000 0.537353 0.249268
v 0.491333 0.631958 0.250244
v 0.000000 0.632202 0.250244
v -0.491333 0.631958 0.250244
v -0.489136 0.537353 0.249268
v 0.491333 0.632324 -0.175903
v 0.489136 0.535034 -0.174805
v 0.491333 0.631958 0.250244
v 0.489136 0.537353 0.249268
v -0.489136 0.535034 -0.174805
v -0.491333 0.632324 -0.175903
v -0.489136 0.537353 0.249268
v -0.491333 0.631958 0.250244
v 0.482422 0.633057 -0.170044
v 0.000000 0.632935 -0.168457
v 0.484741 0.729736 -0.171020
v 0.000000 0.729614 -0.169556
v -0.484741 0.729736 -0.171020
v -0.482544 0.633057 -0.170044
v 0.486206 0.824951 -0.171020
v 0.484741 0.729736 -0.171020
v 0.374634 0.829712 -0.169311
v 0.189819 0.821167 -0.169311
v 0.000000 0.729614 -0.169556
v 0.000000 0.821777 -0.171509
v -0.196655 0.816162 -0.169311
v -0.484741 0.729736 -0.171020
v -0.375488 0.821411 -0.170166
v -0.486206 0.819702 -0.171142
v 0.480957 0.539551 -0.169678
v 0.000000 0.540283 -0.169067
v 0.482422 0.633057 -0.170044
v 0.000000 0.632935 -0.168457
v -0.482544 0.633057 -0.170044
v -0.480957 0.539551 -0.169678
v 0.491333 0.632324 -0.175903
v 0.493652 0.730103 -0.176880
v 0.000000 0.632324 -0.175781
v 0.000000 0.729980 -0.176880
v -0.493652 0.730103 -0.176880
v -0.491333 0.632324 -0.175903
v 0.495361 0.826416 -0.176636
v 0.378784 0.831299 -0.176636
v 0.191895 0.819580 -0.176636
v 0.000000 0.823120 -0.178955
v -0.198853 0.814453 -0.176636
v -0.379761 0.822998 -0.177490
v -0.495361 0.821045 -0.176636
v 0.489136 0.535034 -0.174805
v 0.491333 0.632324 -0.175903
v 0.000000 0.535034 -0.174805
v 0.000000 0.632324 -0.175781
v -0.491333 0.632324 -0.175903
v -0.489136 0.535034 -0.174805
v -0.022827 0.773926 0.258179
v -0.021851 0.776855 0.257935
v -0.028564 0.776123 0.251221
v -0.049805 0.814941 0.251343
v 0.000000 0.807129 0.263428
v 0.000000 0.822266 0.253906
vn -0.9046 -0.1547 0.3972
vn -0.8319 -0.5167 0.2026
vn -0.2388 -0.5444 0.8041
vn -0.0180 -0.0516 0.9985
vn -0.0377 -0.0484 0.9981
vn -0.0294 -0.0489 0.9984
vn -0.0441 -0.0144 0.9989
vn -0.0342 -0.0119 0.9993
vn -0.0424 0.0142 0.9990
vn -0.0305 0.0159 0.9994
vn -0.0270 0.0472 0.9985
vn -0.0184 0.0472 0.9987
vn 0.0088 0.0695 0.9975
vn 0.0076 0.0692 0.9976
vn 0.0328 0.0865 0.9957
vn 0.0349 0.0859 0.9957
vn 0.0578 0.1008 0.9932
vn 0.0645 0.0982 0.9931
vn 0.0818 0.0960 0.9920
vn 0.0752 0.0988 0.9923
vn 0.0843 0.1095 0.9904
vn -0.0056 -0.1039 0.9946
vn 0.0143 -0.0885 0.9960
vn 0.0177 -0.0857 0.9962
vn 0.0381 -0.0469 0.9982
vn 0.0289 -0.0447 0.9986
vn 0.0405 -0.0016 0.9992
vn 0.0283 0.0007 0.9996
vn 0.0385 0.0388 0.9985
vn 0.0286 0.0392 0.9988
vn -0.0001 0.0707 0.9975
vn 0.0011 0.0709 0.9975
vn -0.0331 0.0942 0.9950
vn -0.0341 0.0941 0.9950
vn -0.0499 0.1135 0.9923
vn -0.0557 0.1100 0.9924
vn -0.0711 0.1100 0.9914
vn -0.0737 0.1086 0.9913
vn -0.0737 0.1032 0.9919
vn 0.0922 0.1279 0.9875
vn 0.0293 -0.2054 0.9782
vn 0.0658 -0.0075 0.9978
vn -0.0327 -0.2584 0.9655
vn 0.0123 -0.0244 0.9996
vn 0.0021 -0.2685 0.9633
vn 0.0002 -0.0236 0.9997
vn -0.0145 -0.0246 0.9996
vn 0.0322 -0.2584 0.9655
vn -0.0263 -0.2055 0.9783
vn -0.0622 -0.0080 0.9980
vn -0.0928 0.1242 0.9879
vn 0.0706 0.9951 0.0699
vn -0.6844 0.6789 0.2658
vn -0.2528 0.6406 0.7251
vn -0.2806 -0.1576 0.9468
vn -0.0263 -0.8669 0.4978
vn 0.5225 -0.1864 0.8320
vn 0.4570 0.5022 0.7341
vn -0.1122 0.9936 0.0093
vn -0.0000 -0.6871 -0.7266
vn 0.4425 -0.8471 -0.2942
vn -0.4423 -0.8471 -0.2945
vn 0.4543 -0.6336 0.6262
vn -0.4548 -0.6540 0.6045
vn -0.7861 -0.5411 0.2988
vn 0.5589 -0.7612 0.3290
vn -0.5749 -0.7719 -0.2714
vn 0.6027 -0.7383 -0.3028
vn 0.6183 -0.7752 0.1295
vn -0.6084 -0.7908 0.0668
vn -0.5148 -0.5987 0.6137
vn 0.5143 -0.5983 0.6144
vn -0.0006 -0.4816 0.8764
vn 0.6721 0.5724 0.4698
vn 0.2843 -0.0000 0.9587
vn 0.9997 -0.0227 0.0001
vn 0.2373 0.0155 0.9713
vn 1.0000 -0.0017 -0.0000
vn 0.2433 0.0091 0.9699
vn 1.0000 0.0016 -0.0000
vn 0.2469 -0.0026 0.9690
vn 1.0000 -0.0000 -0.0000
vn 0.2514 -0.0152 0.9678
vn 1.0000 -0.0038 -0.0001
vn 0.2530 -0.0248 0.9671
vn 0.9995 0.0316 -0.0000
vn 0.2483 0.0040 0.9687
vn 0.3152 -0.5081 0.8015
vn 0.2468 0.5514 0.7969
vn -0.6912 0.4157 0.5911
vn -0.8059 0.0151 0.5918
vn -0.9131 0.0210 -0.4072
vn -0.8747 0.3152 -0.3681
vn 0.2111 0.3637 -0.9073
vn 0.1591 0.0146 -0.9872
vn 0.2868 -0.5269 -0.8001
vn 0.9995 0.0301 -0.0000
vn 0.1692 0.0193 -0.9854
vn -0.9104 0.0131 -0.4136
vn -0.8025 -0.0133 0.5965
vn -0.8112 -0.0023 0.5847
vn -0.8071 -0.0025 0.5904
vn -0.8059 -0.0002 0.5921
vn -0.8123 0.0189 0.5829
vn -0.7904 0.0319 0.6117
vn -0.4287 0.8803 -0.2031
vn 0.0194 -0.0087 -0.9998
vn -0.8732 0.3151 -0.3719
vn -0.8295 0.1868 -0.5264
vn -0.8677 0.3887 0.3097
vn -0.6611 0.7503 -0.0042
vn 0.1010 0.9881 -0.1161
vn 0.4611 0.5134 0.7237
vn 0.8578 0.4858 -0.1681
vn 0.7788 0.6194 -0.0992
vn 0.8056 0.3919 -0.4443
vn 0.9998 0.0212 0.0044
vn 0.8637 -0.2197 -0.4537
vn 0.9822 -0.0712 0.1738
vn 0.5513 -0.6312 0.5456
vn 0.7389 0.3540 0.5733
vn 0.0067 -0.0103 0.9999
vn -0.0011 -0.4815 0.8764
vn -0.5515 -0.6317 0.5449
vn -0.5607 0.3714 0.7401
vn -0.9967 -0.0540 0.0602
vn -0.6036 -0.7907 0.1023
vn -0.5764 -0.7737 -0.2629
vn -0.9689 0.2443 -0.0395
vn -0.7915 -0.5212 0.3191
vn -0.8999 -0.2940 -0.3220
vn -0.4483 -0.6387 0.6254
vn -0.2945 -0.8267 -0.4794
vn -0.1901 -0.0560 -0.9802
vn 0.2923 -0.8260 -0.4820
vn 0.8353 -0.2193 -0.5042
vn 0.4465 -0.6176 0.6475
vn 0.8651 0.2256 -0.4480
vn -0.0543 0.9966 -0.0617
vn 0.7561 0.6454 -0.1088
vn 0.2362 0.6334 -0.7369
vn 0.3047 -0.2013 -0.9309
vn 0.9774 -0.1888 -0.0953
vn 0.2896 -0.5367 -0.7925
vn 0.8588 -0.5102 -0.0467
vn 0.5219 -0.1874 0.8322
vn 0.5409 -0.8035 0.2488
vn 0.0606 0.9980 -0.0193
vn -0.5375 0.6487 -0.5387
vn -0.7062 -0.1769 -0.6856
vn -0.6818 -0.4956 -0.5382
vn -0.5111 -0.8002 -0.3138
vn -0.2050 -0.9653 0.1619
vn -0.4064 -0.9111 0.0693
vn -0.0124 -0.9027 0.4301
vn -0.2154 -0.9013 0.3759
vn 0.3206 -0.9021 0.2890
vn 0.4911 -0.8569 -0.1564
vn 0.3050 -0.9230 -0.2345
vn 0.3906 -0.9171 -0.0798
vn 0.2114 -0.9195 -0.3314
vn -0.2086 -0.9245 -0.3192
vn -0.0672 -0.8205 -0.5677
vn -0.3784 -0.9200 -0.1018
vn 0.4812 0.8748 -0.0556
vn 0.0165 0.0443 -0.9989
vn 0.4166 -0.7514 -0.5117
vn 0.0273 0.9975 -0.0653
vn 0.4426 0.4806 0.7570
vn 0.0035 0.9971 -0.0764
vn 0.0789 0.9963 0.0329
vn -0.5631 0.6762 0.4750
vn 0.0105 0.6410 0.7675
vn -0.7234 -0.2061 0.6589
vn 0.0429 -0.1441 0.9886
vn 0.0298 -0.5453 0.8377
vn 0.7007 -0.5198 0.4886
vn 0.7382 -0.1417 0.6596
vn 0.8055 -0.4970 -0.3227
vn 0.8969 -0.1698 -0.4083
vn 0.0019 -0.1679 -0.9858
vn -0.0265 -0.5363 -0.8436
vn -0.3290 -0.8346 -0.4418
vn -0.9049 -0.1501 -0.3983
vn -0.0169 0.6370 -0.7707
vn -0.8009 0.4767 -0.3624
vn 0.0500 0.9981 -0.0349
vn -0.5978 -0.7971 0.0852
vn -0.7105 -0.5349 0.4573
vn -0.9036 -0.1587 -0.3980
vn -0.6391 0.5878 -0.4960
vn -0.1581 -0.0237 -0.9871
vn -1.0000 -0.0042 -0.0078
vn -0.1633 -0.0213 -0.9863
vn 0.9118 -0.0080 -0.4106
vn 0.9104 -0.0126 -0.4136
vn 0.8104 0.0078 0.5858
vn 0.7976 0.0151 0.6030
vn -0.2442 0.0159 0.9696
vn -0.2570 0.0211 0.9662
vn -0.6424 0.6097 0.4643
vn -1.0000 -0.0019 -0.0078
vn -0.2563 0.0061 0.9666
vn -1.0000 0.0015 -0.0079
vn -0.2553 -0.0015 0.9668
vn -1.0000 0.0001 -0.0079
vn -1.0000 0.0002 -0.0080
vn -0.2588 -0.0151 0.9658
vn -0.2637 -0.0187 0.9644
vn -1.0000 0.0015 -0.0078
vn -0.2604 0.0060 0.9655
vn -0.9994 0.0336 -0.0080
vn -0.3187 -0.5002 0.8052
vn -0.2457 0.5507 0.7977
vn 0.6788 0.4180 0.6038
vn 0.8028 0.0095 0.5962
vn 0.8004 -0.0102 0.5993
vn 0.8036 -0.0076 0.5951
vn 0.8001 -0.0017 0.5999
vn 0.7937 0.0088 0.6082
vn 0.9155 -0.0004 -0.4024
vn -0.1594 -0.0047 -0.9872
vn -1.0000 0.0012 -0.0078
vn -0.4800 0.8753 -0.0590
vn -0.0163 0.0390 -0.9991
vn -0.8492 0.4762 -0.2282
vn -0.8206 0.1802 -0.5423
vn -0.4175 -0.7519 -0.5102
vn -0.8651 -0.2122 -0.4544
vn -0.9627 0.2382 -0.1282
vn -0.5515 -0.7675 0.3268
vn -0.6070 -0.7501 -0.2627
vn 0.7868 -0.5408 0.2976
vn 0.5749 -0.7719 -0.2714
vn 0.6084 -0.7908 0.0667
vn -0.6162 -0.7769 0.1291
vn -0.5143 -0.5982 0.6145
vn 0.5147 -0.5987 0.6137
vn 0.0006 -0.4816 0.8764
vn 0.0118 0.9973 -0.0719
vn 0.5711 0.6811 0.4582
vn 0.6787 0.6471 -0.3473
vn -0.0540 0.9979 -0.0361
vn 0.1737 -0.9845 0.0221
vn 0.3814 -0.7653 0.5186
vn 0.0476 -0.9067 0.4190
vn 0.0066 -0.9051 0.4251
vn -0.3972 -0.9022 0.1684
vn -0.3824 -0.9021 0.1997
vn -0.3301 -0.9176 -0.2216
vn -0.3005 -0.9180 -0.2588
vn 0.0085 -0.9224 -0.3862
vn 0.4586 -0.8521 -0.2522
vn 0.2203 -0.9655 -0.1387
vn 0.2626 -0.9056 -0.3332
vn 0.6736 -0.7373 -0.0522
vn -0.2669 -0.5444 -0.7952
vn -0.9995 0.0314 -0.0078
vn -0.2178 0.3612 -0.9067
vn -0.1577 0.0234 -0.9872
vn 0.8805 0.3089 -0.3596
vn 0.9060 0.0367 -0.4216
vn 0.9136 0.0036 -0.4065
vn 0.9149 -0.0014 -0.4038
vn 0.9099 -0.0056 -0.4148
vn -0.1590 0.0023 -0.9873
vn 0.4347 0.8755 -0.2111
vn 0.8685 0.3091 -0.3876
vn -0.0195 -0.0126 -0.9997
vn 0.8281 0.1752 -0.5325
vn 0.1899 -0.0563 -0.9802
vn 0.8532 -0.3463 -0.3900
vn 0.2956 -0.8267 -0.4787
vn 0.4492 -0.6238 0.6396
vn 0.7936 -0.5114 0.3297
vn 0.9721 0.0294 -0.2328
vn 0.5777 -0.7755 -0.2547
vn 0.6040 -0.7908 0.0990
vn 0.9823 -0.0657 0.1753
vn 0.5515 -0.6317 0.5449
vn 0.7393 0.3543 0.5726
vn 0.0069 -0.0093 0.9999
vn 0.0011 -0.4815 0.8764
vn -0.5512 -0.6312 0.5456
vn -0.5572 0.3734 0.7417
vn -0.9968 -0.0530 0.0601
vn -0.7675 0.6391 -0.0507
vn -0.2799 0.5486 0.7878
vn 0.0777 0.9883 -0.1315
vn 0.8441 0.3996 0.3576
vn 0.7720 0.6211 -0.1349
vn -0.8599 0.2477 -0.4464
vn -0.8357 -0.2117 -0.5067
vn -0.4459 -0.6327 0.6331
vn -0.2911 -0.8260 -0.4827
vn 0.4434 -0.8471 -0.2930
vn -0.4415 -0.8471 -0.2958
vn 0.4563 -0.6343 0.6240
vn -0.4532 -0.6532 0.6066
vn -0.0861 0.9955 0.0384
vn -0.0129 0.9976 -0.0674
vn -0.7922 0.4787 -0.3786
vn 0.9157 0.1389 0.3771
vn -0.0007 0.6927 0.7212
vn 0.3665 0.5080 0.7795
vn 0.3397 0.9389 -0.0559
vn -0.0002 0.9517 0.3069
vn 0.5747 0.8162 -0.0600
vn 0.0096 0.9999 0.0081
vn 0.4641 0.8392 -0.2835
vn 0.0001 0.9462 -0.3237
vn 0.0002 0.8555 -0.5178
vn 0.6368 0.6637 -0.3924
vn 0.7231 0.6737 0.1527
vn -0.0001 0.9923 -0.1237
vn -0.0004 0.7370 0.6759
vn 0.5366 0.2288 0.8122
vn -0.0111 -0.2521 0.9676
vn -0.0000 -0.7266 0.6871
vn 0.5667 -0.5980 0.5669
vn 0.6195 -0.7622 0.1877
vn 0.9995 0.0166 -0.0285
vn 0.9999 0.0116 -0.0088
vn 0.5730 -0.4425 0.6898
vn 0.5801 -0.7980 0.1633
vn -0.0145 -0.3794 0.9251
vn -0.0010 -0.9680 0.2509
vn -0.4749 -0.6132 0.6313
vn -0.5874 -0.7706 0.2473
vn -0.9941 -0.0923 -0.0571
vn -0.5558 0.8224 -0.1214
vn -0.5767 0.6810 -0.4512
vn 0.0005 0.9170 -0.3989
vn -0.0001 0.8460 -0.5332
vn -0.6448 0.6505 -0.4014
vn -0.0001 0.9938 -0.1111
vn -0.7738 0.6314 0.0506
vn 0.0004 0.7370 0.6759
vn -0.5366 0.2288 0.8122
vn 0.0111 -0.2521 0.9676
vn -0.5667 -0.5980 0.5669
vn -0.6196 -0.7622 0.1877
vn -0.9985 -0.0081 -0.0539
vn -0.0176 -0.9577 0.2871
vn 0.5043 0.1103 0.8564
vn 0.7497 -0.2041 0.6296
vn 0.3743 0.3840 0.8440
vn 0.2572 0.3672 0.8939
vn -0.0010 -0.3795 0.9252
vn -0.0089 0.4250 0.9052
vn -0.3167 0.3562 0.8791
vn -0.5173 -0.6035 0.6068
vn -0.6000 0.0792 0.7961
vn -0.4578 0.5737 0.6792
vn -0.1873 0.4135 0.8910
vn -0.2039 0.3963 0.8952
vn -0.4850 0.2338 0.8427
vn 0.0050 0.1182 0.9930
vn -0.3023 0.0442 0.9522
vn -0.0363 -0.3121 0.9494
vn -0.2422 -0.3240 0.9145
vn -0.1010 -0.4776 0.8728
vn -0.0197 -0.7008 0.7131
vn -0.0597 -0.7187 0.6928
vn 0.2921 -0.3432 0.8927
vn 0.2534 -0.4822 0.8386
vn 0.1643 -0.0038 0.9864
vn 0.1726 -0.2119 0.9619
vn -0.0786 -0.0486 0.9957
vn -0.0330 0.0348 0.9988
vn -0.0063 0.0243 0.9997
vn 0.0228 0.1417 0.9897
vn -0.0752 0.0721 0.9946
vn -0.0050 -0.0890 0.9960
vn -0.0012 -0.0381 0.9993
vn -0.0196 -0.0930 0.9955
vn 0.0026 -0.0508 0.9987
vn 0.0352 -0.1196 0.9922
vn -0.1240 0.2822 0.9513
vn 0.0488 0.3953 0.9173
vn 0.0269 0.0643 0.9976
vn -0.0119 0.4256 0.9049
vn 0.0824 0.4395 0.8945
vn 0.0190 0.0130 0.9997
vn 0.0621 0.3625 0.9299
vn 0.0561 -0.0150 0.9983
vn 0.3203 -0.0265 0.9470
vn 0.3418 0.3561 0.8697
vn 0.0234 -0.9875 0.1560
vn 0.0390 -0.9825 0.1821
vn 0.0179 -0.9857 0.1674
vn 0.0098 -0.9848 0.1736
vn -0.1869 -0.0988 -0.9774
vn -0.1747 -0.0863 -0.9808
vn -0.1740 -0.0870 -0.9809
vn -0.1858 -0.0994 -0.9776
vn 0.9929 0.1154 -0.0293
vn 0.9997 -0.0027 -0.0263
vn 0.9816 0.1038 -0.1602
vn 0.9922 -0.0033 -0.1244
vn 0.1702 0.0911 0.9812
vn 0.1817 0.1096 0.9772
vn 0.1750 0.1045 0.9790
vn 0.1650 0.0962 0.9816
vn -0.9946 0.0848 -0.0600
vn -0.9987 -0.0088 -0.0494
vn -0.9924 0.1127 0.0488
vn -0.9986 -0.0066 0.0522
vn 0.9088 -0.3217 -0.2656
vn 0.9023 -0.4304 0.0257
vn 0.3399 -0.9288 -0.1476
vn 0.6009 -0.7989 -0.0248
vn 0.8677 -0.4969 0.0168
vn 0.5269 -0.8493 0.0323
vn 0.8920 -0.4503 0.0403
vn 0.5924 -0.8055 -0.0156
vn 0.8960 -0.4191 0.1467
vn 0.3019 -0.6526 0.6950
vn 0.5553 -0.0475 0.8303
vn -0.0059 -0.1807 0.9835
vn 0.0031 -0.5215 0.8533
vn -0.0040 -0.3395 0.9406
vn -0.0199 -0.6451 0.7639
vn 0.0413 -0.3694 0.9283
vn -0.0516 -0.6676 0.7428
vn -0.0202 -0.3536 0.9352
vn -0.0300 -0.6368 0.7705
vn -0.0403 -0.3695 0.9284
vn 0.0816 -0.6650 0.7424
vn 0.0187 -0.6451 0.7638
vn 0.0061 -0.3395 0.9406
vn -0.0323 -0.5208 0.8531
vn 0.0014 -0.1672 0.9859
vn -0.3047 -0.6298 0.7145
vn -0.5671 -0.0023 0.8237
vn -0.9242 -0.2838 0.2554
vn -0.3724 0.2442 0.8953
vn -0.9179 0.2010 0.3422
vn -0.2950 0.0153 0.9554
vn -0.7802 -0.5483 0.3012
vn -0.3266 -0.2522 0.9109
vn -0.8450 -0.3520 0.4026
vn -0.4494 0.0444 0.8922
vn -0.9098 -0.1525 0.3860
vn -0.5169 0.0362 0.8553
vn -0.9474 -0.0646 0.3135
vn -0.6948 0.0484 0.7175
vn -0.9414 -0.0985 0.3226
vn -0.4641 -0.0965 0.8805
vn -0.9420 -0.0606 0.3300
vn -0.4538 0.0548 0.8894
vn -0.9377 -0.0258 0.3464
vn -0.2752 -0.0593 0.9595
vn -0.9198 -0.0192 0.3919
vn -0.5093 0.0252 0.8602
vn -0.9512 -0.1229 0.2831
vn -0.3578 -0.1664 0.9189
vn -0.8683 0.1917 0.4575
vn -0.2837 0.5642 0.7754
vn -0.8126 0.5773 0.0798
vn -0.2414 0.9404 0.2393
vn -0.1240 0.9705 0.2066
vn -0.1817 0.3758 0.9087
vn 0.0020 0.9696 0.2446
vn -0.0229 0.4343 0.9005
vn -0.0074 0.4186 0.9081
vn -0.0424 0.9630 0.2660
vn -0.0814 0.3952 0.9150
vn 0.0247 0.9608 0.2762
vn 0.1184 0.2880 0.9503
vn 0.1589 0.9382 0.3074
vn -0.0147 0.3862 0.9223
vn -0.0102 0.9486 0.3162
vn -0.1930 0.9349 0.2978
vn -0.1676 0.2758 0.9465
vn 0.1227 0.3920 0.9118
vn 0.0119 0.9678 0.2513
vn 0.0790 0.9712 0.2248
vn 0.0536 0.4246 0.9038
vn 0.0338 0.4406 0.8971
vn 0.0047 0.9732 0.2297
vn 0.1184 0.3546 0.9275
vn 0.1261 0.9704 0.2057
vn 0.1532 0.5309 0.8335
vn 0.2667 0.9347 0.2350
vn 0.8601 0.4979 0.1110
vn 0.8323 0.1351 0.5376
vn 0.2738 -0.3194 0.9072
vn 0.5150 0.0585 0.8552
vn 0.9502 -0.0407 0.3090
vn 0.2903 -0.0083 0.9569
vn 0.9172 0.0270 0.3975
vn 0.4573 0.0418 0.8883
vn 0.9409 -0.0195 0.3382
vn 0.5371 0.0437 0.8424
vn 0.9532 0.0358 0.3001
vn 0.7707 -0.0841 0.6316
vn 0.9443 -0.1356 0.2998
vn 0.5447 -0.0098 0.8386
vn 0.9534 -0.0301 0.3002
vn 0.4205 0.1174 0.8997
vn 0.8870 -0.1793 0.4256
vn 0.2698 -0.1860 0.9448
vn 0.8537 -0.2539 0.4546
vn 0.8152 -0.4948 0.3009
vn 0.2441 -0.1170 0.9627
vn 0.9211 0.0987 0.3765
vn 0.3791 0.1290 0.9163
vn 0.8935 0.4016 0.2007
vn 0.8050 -0.0210 0.5929
vn 0.9460 0.2869 0.1512
vn 0.9507 0.0397 0.3076
vn 0.9683 0.2458 -0.0442
vn 0.9867 -0.1529 0.0552
vn 0.9139 -0.0545 0.4022
vn 0.9910 -0.1329 -0.0173
vn 0.9334 -0.1149 0.3400
vn 0.9928 -0.1195 0.0107
vn 0.9464 0.1195 0.3002
vn 0.9442 -0.1362 0.2999
vn 0.9922 -0.1223 0.0230
vn 0.9530 -0.0309 0.3013
vn 0.9064 -0.0129 0.4222
vn 0.8295 -0.3338 0.4478
vn 0.9961 -0.0590 -0.0662
vn 0.8327 -0.4517 0.3203
vn 0.9994 -0.0348 -0.0065
vn 0.9989 0.0033 0.0468
vn 0.9241 0.0373 0.3803
vn 0.9087 -0.2770 0.3124
vn 0.8870 -0.4500 0.1033
vn 0.8677 -0.4969 0.0115
vn 0.8971 -0.4173 -0.1449
vn 0.9994 0.0343 -0.0023
vn 0.9041 -0.2351 -0.3569
vn 0.9361 0.0977 -0.3380
vn 0.9201 -0.3043 -0.2466
vn -0.1405 0.9901 -0.0041
vn -0.0662 0.9978 0.0067
vn -0.1360 0.9907 0.0041
vn -0.0557 0.9984 0.0033
vn 0.0002 0.9997 0.0236
vn -0.0003 0.9997 0.0236
vn 0.0519 0.9983 0.0282
vn 0.0608 0.9977 0.0308
vn 0.1305 0.9883 0.0785
vn 0.0948 0.9948 0.0379
vn 0.1056 0.6796 0.7259
vn 0.2263 0.3006 0.9265
vn 0.5120 0.5691 0.6434
vn 0.2082 0.2992 0.9312
vn 0.0006 0.1026 0.9947
vn -0.0041 0.1026 0.9947
vn -0.2118 0.3247 0.9218
vn -0.1940 0.3239 0.9260
vn -0.4704 0.6454 0.6018
vn -0.0958 0.6847 0.7225
vn -0.3789 0.3081 -0.8726
vn -0.1888 0.6435 -0.7418
vn -0.6334 0.4526 -0.6277
vn -0.2638 -0.0061 -0.9646
vn 0.0017 0.5272 -0.8497
vn -0.0027 -0.2370 -0.9715
vn 0.3166 -0.0400 -0.9477
vn 0.2697 0.6250 -0.7325
vn 0.3853 0.2830 -0.8783
vn 0.6705 0.3530 -0.6526
vn 0.9263 -0.3585 -0.1158
vn 0.8852 -0.4574 -0.0855
vn 0.9011 -0.4151 -0.1251
vn 0.9139 -0.3913 -0.1081
vn 0.3308 0.2555 -0.9084
vn 0.3777 -0.2491 -0.8918
vn 0.2508 0.1610 -0.9546
vn -0.0092 0.0708 -0.9975
vn 0.3496 -0.2419 -0.9052
vn 0.0686 -0.2250 -0.9719
vn 0.3634 -0.2382 -0.9007
vn 0.3425 -0.1403 -0.9290
vn 0.0169 -0.1269 -0.9918
vn 0.3648 0.0544 -0.9295
vn 0.3815 -0.0829 -0.9207
vn 0.3521 -0.2104 -0.9120
vn 0.0591 -0.1816 -0.9816
vn 0.3153 -0.2265 -0.9216
vn 0.0118 -0.0558 -0.9984
vn 0.3828 -0.0466 -0.9227
vn 0.3623 -0.2765 -0.8901
vn -0.0267 0.0061 -0.9996
vn 0.0608 0.0017 -0.9981
vn 0.4104 0.0496 -0.9106
vn 0.0270 -0.3230 -0.9460
vn 0.4554 -0.3476 -0.8196
vn 0.9404 0.2590 -0.2204
vn 0.9387 0.2423 -0.2454
vn 0.8777 -0.0552 -0.4760
vn 0.9545 -0.0845 -0.2861
vn 0.8994 -0.1583 -0.4076
vn 0.8827 -0.1918 -0.4291
vn 0.9017 0.0060 -0.4323
vn 0.9014 -0.0820 -0.4252
vn 0.9058 -0.1105 -0.4091
vn 0.9039 -0.1123 -0.4128
vn 0.7986 -0.4929 -0.3454
vn -0.9157 0.1390 0.3771
vn -0.3476 0.5436 0.7640
vn 0.0077 0.7558 0.6547
vn -0.0001 0.9414 0.3373
vn -0.3585 0.9213 -0.1504
vn 0.0078 0.9933 0.1156
vn -0.0408 -0.9800 0.1947
vn -0.0284 -0.9842 0.1747
vn -0.0186 -0.9822 0.1871
vn -0.0288 -0.9824 0.1847
vn -0.7568 -0.3008 0.5803
vn -0.0765 -0.9971 0.0058
vn 0.0639 -0.8199 0.5689
vn -0.1259 -0.9891 0.0762
vn -0.0531 -0.9966 0.0626
vn -0.0802 -0.9894 0.1211
vn -0.0898 -0.9760 0.1982
vn -0.1158 -0.9881 0.1015
vn 0.0027 -0.9910 0.1337
vn -0.0026 -0.9771 0.2127
vn 0.0882 -0.9824 0.1645
vn 0.1206 -0.9887 0.0889
vn 0.0688 -0.9963 0.0522
vn 0.0889 -0.9930 0.0779
vn 0.0334 -0.9990 0.0306
vn 0.0570 -0.9974 0.0450
vn -0.2963 -0.9531 0.0616
vn -0.8795 -0.4754 0.0229
vn -0.5874 -0.0244 0.8089
vn -0.4652 0.5132 0.7212
vn -0.1336 0.8575 0.4968
vn 0.0101 0.5126 0.8585
vn 0.0948 0.8690 0.4856
vn 0.2741 0.4928 0.8259
vn 0.0198 0.8760 0.4819
vn 0.1265 0.4761 0.8702
vn -0.0208 0.8716 0.4898
vn 0.0151 0.4605 0.8875
vn 0.0018 0.8643 0.5029
vn 0.0063 0.4818 0.8763
vn 0.0286 0.4387 0.8982
vn 0.0220 0.8716 0.4898
vn -0.1181 0.4781 0.8703
vn -0.0203 0.8760 0.4819
vn -0.2260 0.4459 0.8661
vn -0.1008 0.8691 0.4842
vn 0.1109 0.8593 0.4994
vn 0.0456 0.6019 0.7973
vn 0.6210 0.7296 0.2863
vn 0.5685 0.0713 0.8196
vn 0.4836 -0.0326 0.8747
vn 0.8226 -0.2916 0.4882
vn 0.1784 -0.1069 -0.9781
vn 0.1773 -0.0989 -0.9792
vn 0.1789 -0.0976 -0.9790
vn 0.1766 -0.1057 -0.9786
vn -0.9868 0.1610 -0.0150
vn -0.9779 0.1428 -0.1526
vn -0.9994 0.0318 -0.0131
vn -0.9926 0.0361 -0.1162
vn -0.1659 0.1031 0.9807
vn -0.1732 0.1108 0.9786
vn -0.1789 0.1146 0.9772
vn -0.1617 0.1074 0.9810
vn 0.9956 0.0703 -0.0616
vn 0.9959 0.0833 0.0366
vn 0.9986 -0.0231 -0.0480
vn 0.9993 -0.0089 0.0363
vn -0.9224 -0.3221 -0.2132
vn -0.2717 -0.9579 -0.0932
vn -0.8845 -0.4652 0.0343
vn -0.5835 -0.8120 0.0134
vn -0.5214 -0.8532 -0.0107
vn -0.8580 -0.5124 -0.0363
vn -0.6004 -0.7993 0.0251
vn -0.9071 -0.4187 0.0423
vn -0.8616 0.0254 0.5069
vn -0.9056 0.4021 0.1352
vn -0.9586 0.0563 0.2790
vn -0.9632 0.2687 0.0024
vn -0.9832 -0.1797 0.0326
vn -0.9710 0.2387 0.0123
vn -0.9523 -0.1309 -0.2756
vn -0.9213 0.1996 -0.3338
vn -0.9489 0.2401 -0.2046
vn -0.8690 -0.0437 -0.4928
vn -0.8356 -0.3255 -0.4425
vn -0.8375 -0.3247 -0.4395
vn -0.8358 -0.3102 -0.4531
vn -0.8405 -0.3195 -0.4375
vn -0.4374 0.1392 -0.8884
vn -0.1703 0.1692 -0.9708
vn -0.3868 -0.2855 -0.8768
vn -0.0386 0.0869 -0.9955
vn -0.3466 -0.2380 -0.9073
vn -0.0507 -0.2156 -0.9752
vn -0.3389 -0.2776 -0.8989
vn -0.3195 -0.1914 -0.9280
vn -0.0197 -0.1328 -0.9909
vn -0.3650 -0.0028 -0.9310
vn -0.3809 -0.0932 -0.9199
vn -0.3459 -0.2016 -0.9163
vn -0.0123 -0.1433 -0.9896
vn -0.3332 -0.1296 -0.9339
vn -0.3560 -0.1291 -0.9255
vn -0.0091 -0.0559 -0.9984
vn -0.3565 -0.2951 -0.8865
vn 0.0266 0.0061 -0.9996
vn -0.0616 0.0026 -0.9981
vn -0.4236 0.0361 -0.9051
vn -0.4444 -0.3655 -0.8179
vn -0.0278 -0.3395 -0.9402
vn 0.0130 0.0248 -0.9996
vn 0.0015 -0.0898 -0.9960
vn 0.0088 -0.1665 -0.9860
vn 0.0041 -0.1677 -0.9858
vn -0.0050 -0.1957 -0.9806
vn -0.0032 0.1337 -0.9910
vn -0.0324 0.2053 -0.9782
vn -0.3218 0.5347 0.7814
vn -0.3707 0.0290 0.9283
vn -0.0627 0.3901 0.9186
vn -0.0185 0.0446 0.9988
vn -0.1215 -0.0078 0.9926
vn -0.5022 -0.0763 0.8614
vn -0.2826 0.0102 0.9592
vn 0.2466 0.1024 0.9637
vn -0.4488 -0.0444 0.8925
vn -0.1138 0.2381 0.9646
vn -0.4824 0.1064 0.8695
vn -0.2813 0.1383 0.9496
vn -0.6995 -0.0496 0.7129
vn -0.6827 -0.0907 0.7250
vn -0.4992 -0.1159 0.8587
vn -0.3235 -0.0386 0.9454
vn -0.1589 -0.1696 0.9726
vn -0.4489 0.0159 0.8935
vn -0.3305 -0.2459 0.9112
vn -0.0296 -0.0035 0.9996
vn -0.2851 -0.0601 0.9566
vn -0.0994 -0.0050 0.9950
vn -0.0659 0.1177 0.9909
vn -0.3653 0.3018 0.8806
vn -0.4586 -0.1632 0.8735
vn -0.0978 -0.1630 0.9818
vn -0.0267 -0.3402 0.9400
vn -0.0477 0.0328 0.9983
vn -0.0515 0.0222 0.9984
vn 0.0191 -0.0489 0.9986
vn -0.1845 -0.2511 0.9502
vn -0.2414 -0.2049 0.9485
vn -0.6470 -0.0560 0.7605
vn -0.2619 0.2448 0.9335
vn -0.1227 0.3655 0.9227
vn 0.0003 0.4828 0.8757
vn 0.3493 0.4263 0.8344
vn 0.4347 0.0652 0.8982
vn -0.0196 0.0684 0.9975
vn 0.1388 0.5456 0.8265
vn 0.0884 0.3698 0.9249
vn -0.1707 0.3376 0.9257
vn -0.2374 0.4790 0.8451
vn 0.0118 0.5201 0.8540
vn 0.2355 0.4887 0.8401
vn 0.1714 0.3966 0.9019
vn 0.1996 0.4372 0.8769
vn 0.4825 0.2391 0.8427
vn 0.1205 0.4265 0.8964
vn 0.3597 0.0268 0.9327
vn 0.2611 -0.3279 0.9079
vn 0.1318 -0.5115 0.8491
vn 0.0098 -0.1556 0.9878
vn 0.0041 -0.2068 0.9784
vn 0.0548 -0.2141 0.9753
vn 0.0728 -0.0972 0.9926
vn -0.0028 -0.0661 0.9978
vn 0.0085 0.0544 0.9985
vn 0.0459 0.0297 0.9985
vn 0.0659 -0.0137 0.9977
vn -0.1592 -0.1831 0.9701
vn -0.1481 -0.2469 0.9577
vn -0.2609 -0.5208 0.8128
vn -0.1058 -0.0190 0.9942
vn 0.1216 -0.0436 0.9916
vn 0.1067 -0.0360 0.9936
vn 0.5078 -0.0896 0.8568
vn 0.2914 0.0033 0.9566
vn 0.9378 -0.3310 -0.1047
vn 0.9508 -0.3051 0.0529
vn 0.8164 -0.5116 -0.2678
vn 0.7263 -0.6656 -0.1715
vn 0.2730 -0.8812 -0.3860
vn 0.3219 -0.7772 -0.5408
vn -0.2894 -0.8795 -0.3778
vn -0.3170 -0.7784 -0.5419
vn -0.7604 -0.6248 -0.1774
vn -0.8382 -0.4873 -0.2449
vn -0.9376 -0.3309 -0.1067
vn -0.9608 -0.2754 0.0312
vn -0.6221 -0.7243 0.2972
vn -0.6021 -0.6350 0.4839
vn -0.5774 -0.2956 0.7610
vn -0.2794 -0.7592 0.5878
vn -0.2279 -0.3268 0.9172
vn 0.0304 -0.6907 0.7225
vn -0.0410 -0.3393 0.9398
vn 0.2729 -0.7654 0.5828
vn 0.3443 -0.3498 0.8713
vn 0.6278 -0.5831 0.5156
vn 0.5607 -0.3452 0.7526
vn 0.6155 -0.7654 0.1881
vn 0.2084 -0.9437 0.2568
vn 0.0029 -0.9448 0.3275
vn -0.1848 -0.9425 0.2786
vn -0.4999 -0.8290 0.2507
vn -0.1518 -0.9849 0.0828
vn 0.0031 -0.9109 0.4127
vn 0.4504 -0.8641 0.2247
vn 0.1578 -0.9829 0.0946
vn -0.9512 0.2909 -0.1031
vn -0.9449 0.3240 0.0461
vn -0.8148 0.5076 -0.2800
vn -0.7345 0.6707 -0.1033
vn -0.4638 0.8357 0.2941
vn -0.3134 0.8974 -0.3107
vn -0.3308 0.7941 -0.5099
vn 0.2905 0.9039 -0.3140
vn 0.3074 0.7966 -0.5205
vn 0.7703 0.6289 -0.1052
vn 0.8197 0.4968 -0.2853
vn 0.9512 0.2909 -0.1030
vn 0.9391 0.3382 0.0606
vn 0.4622 0.8350 0.2987
vn 0.1650 0.9735 0.1584
vn -0.2176 0.9679 0.1258
vn -0.0806 0.8726 0.4818
vn -0.1964 0.9039 0.3801
vn -0.0597 0.9086 0.4133
vn -0.1494 0.7458 0.6492
vn -0.0088 0.6190 0.7853
vn 0.1007 0.4213 0.9013
vn -0.0373 0.4834 0.8746
vn -0.1879 0.3462 0.9191
vn -0.0228 0.8053 0.5924
vn -0.0411 0.6827 0.7296
vn -0.1385 0.6298 0.7643
vn -0.3212 0.2098 0.9235
vn -0.5603 0.3483 0.7515
vn -0.5415 0.6013 0.5875
vn -0.5966 0.7831 0.1755
vn -0.2840 0.5433 0.7900
vn 0.1242 0.7682 0.6281
vn 0.2245 0.4333 0.8728
vn 0.1545 0.7262 0.6699
vn 0.1476 0.7888 0.5967
vn 0.3172 0.3407 0.8851
vn 0.5663 0.7088 0.4205
vn 0.1730 0.6325 0.7550
vn 0.6037 0.3316 0.7250
vn 0.5713 0.7825 0.2475
vn 0.1952 0.9236 0.3300
vn 0.0850 0.8842 0.4593
vn 0.0651 0.9148 0.3986
vn 0.0059 -0.9362 0.3515
vn 0.0013 -0.9319 0.3627
vn -0.9915 -0.0025 0.1301
vn 0.9963 0.0211 0.0833
vn -0.7889 0.2606 -0.5565
vn -0.7140 -0.5628 -0.4165
vn 0.7089 -0.5212 -0.4752
vn 0.7950 0.2525 -0.5516
vn 0.0230 -0.5658 -0.8242
vn 0.4749 0.2212 -0.8518
vn 0.8192 -0.4797 0.3144
vn -0.7737 0.5774 -0.2606
vn -0.8703 0.4036 0.2823
vn -0.9655 -0.2548 -0.0533
vn -0.2304 -0.9027 0.3634
vn -0.3140 -0.9294 0.1938
vn -0.1348 -0.5597 -0.8177
vn -0.8836 -0.4078 0.2301
vn -0.5568 0.1509 -0.8168
vn 0.8956 0.4104 0.1716
vn 0.2293 -0.8909 0.3920
vn 0.3171 -0.9154 0.2480
vn 0.9616 -0.2664 -0.0659
vn 0.8244 0.5219 -0.2191
vn -0.9454 0.3228 0.0449
vn -0.8163 0.5059 -0.2787
vn -0.7348 0.6706 -0.1015
vn -0.4637 0.8358 0.2939
vn -0.3140 0.8970 -0.3111
vn -0.3271 0.7951 -0.5107
vn 0.2904 0.9040 -0.3137
vn 0.3056 0.7970 -0.5210
vn 0.7646 0.6361 -0.1038
vn 0.8161 0.5039 -0.2830
vn 0.9510 0.2909 -0.1049
vn 0.9388 0.3389 0.0613
vn 0.4619 0.8354 0.2979
vn 0.1632 0.9745 0.1542
vn -0.2077 0.9703 0.1243
vn -0.0800 0.8729 0.4813
vn -0.1965 0.9039 0.3800
vn -0.0593 0.9088 0.4129
vn -0.1497 0.7461 0.6488
vn -0.0093 0.6190 0.7853
vn -0.0445 0.4824 0.8748
vn -0.1944 0.3587 0.9130
vn -0.0384 0.8063 0.5902
vn -0.0677 0.7156 0.6952
vn -0.1239 0.6330 0.7642
vn -0.3224 0.2057 0.9240
vn -0.5648 0.3460 0.7492
vn -0.5415 0.6009 0.5879
vn -0.5976 0.7829 0.1732
vn -0.2838 0.5434 0.7900
vn 0.1183 0.7641 0.6342
vn 0.2180 0.4283 0.8769
vn 0.1548 0.7260 0.6701
vn 0.1465 0.7900 0.5954
vn 0.5664 0.7083 0.4213
vn 0.1739 0.6319 0.7553
vn 0.6001 0.3335 0.7271
vn 0.5699 0.7825 0.2509
vn 0.1951 0.9237 0.3297
vn 0.0860 0.8826 0.4622
vn 0.0657 0.9149 0.3984
vn 0.0232 -0.5714 -0.8204
vn 0.4682 0.2211 -0.8555
vn 0.8190 -0.4842 0.3079
vn -0.7538 0.5875 -0.2944
vn -0.8704 0.4047 0.2806
vn -0.9555 -0.2633 -0.1330
vn -0.2302 -0.9025 0.3641
vn -0.3060 -0.9326 0.1914
vn -0.0797 -0.5747 -0.8145
vn -0.8837 -0.4076 0.2299
vn -0.5180 0.1967 -0.8325
vn 0.8956 0.4101 0.1723
vn 0.2292 -0.8906 0.3929
vn 0.3129 -0.9176 0.2452
vn 0.9624 -0.2647 -0.0612
vn 0.8253 0.5212 -0.2173
vn 0.9376 -0.3309 -0.1068
vn 0.9507 -0.3056 0.0533
vn 0.8156 -0.5126 -0.2684
vn 0.7262 -0.6656 -0.1721
vn 0.2729 -0.8811 -0.3862
vn -0.2895 -0.8793 -0.3782
vn -0.3177 -0.7782 -0.5417
vn -0.7610 -0.6237 -0.1784
vn -0.8386 -0.4868 -0.2445
vn -0.9614 -0.2736 0.0298
vn -0.6239 -0.7216 0.3002
vn -0.6043 -0.6320 0.4851
vn -0.5793 -0.2945 0.7600
vn -0.2795 -0.7600 0.5867
vn -0.2263 -0.3271 0.9175
vn 0.0305 -0.6907 0.7225
vn -0.0393 -0.3394 0.9398
vn 0.2730 -0.7654 0.5827
vn 0.6278 -0.5832 0.5155
vn 0.5595 -0.3459 0.7532
vn 0.6147 -0.7656 0.1896
vn 0.2083 -0.9437 0.2571
vn 0.0032 -0.9449 0.3273
vn -0.1845 -0.9428 0.2775
vn -0.1520 -0.9849 0.0832
vn 0.4502 -0.8642 0.2245
vn 0.2356 0.9707 0.0467
vn 0.8134 0.5148 0.2707
vn 0.4212 0.8989 -0.1204
vn 0.9605 0.2740 0.0486
vn 0.9679 0.2416 -0.0694
vn 0.4141 0.8877 -0.2013
vn 0.4054 0.8991 -0.1649
vn 0.9569 0.2608 -0.1281
vn 0.9414 0.3008 -0.1528
vn 0.4023 0.7674 -0.4992
vn 0.8722 -0.0924 -0.4803
vn 0.3810 0.2015 -0.9023
vn 0.3558 -0.3549 -0.8645
vn 0.9523 -0.1234 -0.2789
vn 0.3533 -0.2109 -0.9114
vn 0.8918 -0.2170 -0.3971
vn 0.3700 -0.1896 -0.9095
vn 0.8903 -0.1360 -0.4347
vn 0.3518 -0.0441 -0.9350
vn 0.9037 -0.0446 -0.4259
vn 0.3594 0.0101 -0.9331
vn 0.9003 -0.1002 -0.4235
vn 0.3782 -0.1458 -0.9142
vn 0.9077 -0.0646 -0.4147
vn 0.3559 -0.1697 -0.9190
vn 0.8971 -0.1668 -0.4092
vn 0.3401 -0.0927 -0.9358
vn 0.8779 -0.3031 -0.3707
vn 0.3333 -0.2092 -0.9193
vn 0.3601 -0.2893 -0.8869
vn 0.8679 -0.4531 -0.2037
vn 0.9350 0.1074 -0.3381
vn 0.4113 0.0432 -0.9105
vn 0.9660 -0.0956 -0.2404
vn 0.5102 -0.2826 -0.8123
vn 0.1106 -0.9191 -0.3782
vn -0.0050 -0.3233 -0.9463
vn -0.0166 -0.7707 -0.6370
vn 0.0103 -0.7564 -0.6540
vn -0.0063 -0.4026 -0.9154
vn 0.0208 -0.7186 -0.6951
vn 0.0150 -0.3860 -0.9224
vn 0.0042 -0.4345 -0.9007
vn -0.0037 -0.7885 -0.6150
vn -0.0000 -0.3399 -0.9405
vn 0.0087 -0.7952 -0.6063
vn -0.1635 -0.9063 -0.3898
vn -0.4870 -0.3187 -0.8132
vn -0.9594 -0.1573 -0.2339
vn -0.4246 0.0223 -0.9051
vn -0.9426 0.0503 -0.3300
vn -0.3553 -0.3004 -0.8852
vn -0.8522 -0.4822 -0.2029
vn -0.8779 -0.3031 -0.3707
vn -0.3292 -0.2159 -0.9192
vn -0.3402 -0.0927 -0.9358
vn -0.8971 -0.1668 -0.4092
vn -0.3492 -0.1689 -0.9217
vn -0.9077 -0.0646 -0.4147
vn -0.3781 -0.1502 -0.9135
vn -0.9004 -0.0994 -0.4236
vn -0.3603 -0.0403 -0.9320
vn -0.9016 -0.0828 -0.4246
vn -0.3303 -0.1154 -0.9368
vn -0.8759 -0.2086 -0.4351
vn -0.3513 -0.2069 -0.9131
vn -0.8718 -0.3149 -0.3752
vn -0.3504 -0.2052 -0.9139
vn -0.9497 -0.1580 -0.2704
vn -0.8617 -0.1051 -0.4965
vn -0.3846 -0.3078 -0.8702
vn -0.3210 0.2486 -0.9138
vn -0.5253 0.7444 -0.4123
vn -0.1679 0.1692 -0.9712
vn -0.1719 0.8684 -0.4652
vn -0.0269 0.0874 -0.9958
vn -0.0133 0.8814 -0.4722
vn -0.0321 0.2052 -0.9782
vn -0.0285 0.8713 -0.4900
vn 0.0413 0.1317 -0.9904
vn -0.0148 0.8732 -0.4872
vn 0.0214 0.8762 -0.4815
vn 0.0131 0.2683 -0.9632
vn -0.0028 0.8847 -0.4662
vn 0.0665 0.1574 -0.9853
vn 0.1061 0.8715 -0.4789
vn 0.0476 0.2195 -0.9744
vn -0.0303 0.8586 -0.5117
vn 0.0236 0.0705 -0.9972
vn 0.0938 0.8524 -0.5144
vn 0.1683 0.1662 -0.9716
vn -0.8113 0.5144 0.2777
vn -0.3134 0.9449 0.0946
vn -0.9540 0.2782 0.1120
vn -0.4141 0.9073 -0.0730
vn -0.4233 0.8887 -0.1763
vn -0.9698 0.2259 -0.0919
vn -0.4261 0.8836 -0.1940
vn -0.9588 0.2319 -0.1643
vn -0.9460 0.1940 -0.2596
vn -0.3646 0.8933 0.2628
vn -0.1397 0.9688 0.2050
vn -0.4139 0.9076 -0.0701
vn -0.0268 0.9923 -0.1206
vn -0.0383 0.9690 0.2441
vn -0.0135 0.9634 0.2677
vn -0.0052 0.9906 -0.1368
vn -0.0567 0.9603 0.2733
vn 0.1464 0.9400 0.3081
vn -0.0184 0.9486 0.3160
vn -0.1665 0.9393 0.2999
vn 0.0481 0.9673 0.2491
vn 0.0377 0.9937 -0.1055
vn 0.1333 0.9654 0.2243
vn 0.0370 0.9727 0.2292
vn 0.1370 0.9692 0.2047
vn 0.4202 0.9035 -0.0849
vn 0.4173 0.8866 0.1995
vn -0.0841 0.9943 -0.0650
vn -0.0639 0.9972 -0.0383
vn -0.0401 0.9975 -0.0583
vn -0.0692 0.9965 -0.0464
vn 0.0339 0.9987 -0.0381
vn 0.0568 0.9945 -0.0879
vn 0.0279 0.9983 -0.0520
vn -0.0030 0.9976 -0.0690
vn 0.5997 -0.6538 -0.4614
vn -0.3637 0.6721 -0.6450
vn 0.9504 -0.3110 0.0085
vn 0.3429 0.9057 -0.2492
vn 0.1004 0.9319 -0.3486
vn 0.0951 0.9532 -0.2869
vn 0.2790 0.9394 -0.1990
vn 0.2272 0.9678 -0.1081
vn 0.0952 0.9948 -0.0363
vn 0.7224 0.5890 0.3622
vn -0.4245 -0.7197 -0.5494
vn 0.0289 -0.9991 0.0326
vn -0.3597 -0.9046 -0.2286
vn -0.0145 -0.9996 -0.0230
vn -0.8282 -0.5594 0.0336
vn -0.0218 -0.9760 -0.2165
vn -0.0727 -0.9958 -0.0550
vn -0.8787 0.3315 0.3434
vn -0.3427 -0.6107 0.7139
vn -0.8375 0.1581 0.5231
vn -0.2125 0.8478 0.4858
vn 0.0155 -0.5876 0.8090
vn 0.0276 0.7264 0.6867
vn 0.3461 -0.6019 0.7197
vn 0.1950 0.8510 0.4876
vn 0.8265 0.1600 0.5397
vn 0.2702 -0.9619 -0.0416
vn 0.7596 0.5749 0.3042
vn 0.0750 -0.9910 -0.1108
vn 0.9506 -0.2916 -0.1063
vn 0.6328 -0.6850 -0.3609
vn 0.0190 -0.9972 -0.0727
vn -0.0412 -0.9989 0.0227
vn 0.3089 -0.9484 0.0717
vn 0.8569 0.1724 -0.4858
vn -0.0377 0.5416 0.8398
vn -0.0304 -0.2364 0.9712
vn 0.6660 -0.2984 0.6837
vn 0.0070 -0.1888 0.9820
vn 0.0365 -0.0950 0.9948
vn -0.0191 -0.0533 0.9984
vn -0.0000 -0.0707 0.9975
vn -0.0499 -0.1036 0.9934
vn -0.6676 -0.3105 0.6767
vn -0.0094 -0.2280 0.9736
vn 0.0249 -0.2836 0.9586
vn 0.0692 0.4736 0.8780
vn 0.6289 -0.6094 0.4829
vn 0.7037 -0.7098 0.0324
vn 0.6882 -0.1096 0.7172
vn 0.6789 -0.7343 -0.0021
vn 0.9872 -0.1589 -0.0153
vn 0.6909 -0.7209 -0.0545
vn 0.6560 -0.1643 -0.7367
vn 0.5655 -0.5598 -0.6057
vn 0.0264 -0.7115 -0.7022
vn 0.0315 -0.9990 -0.0315
vn 0.6912 -0.7182 0.0807
vn 0.6789 -0.7338 -0.0242
vn 0.7061 -0.7042 -0.0748
vn 0.6314 -0.5294 0.5666
vn 0.0383 -0.6874 0.7253
vn 0.6902 -0.0987 0.7168
vn -0.0099 -0.0985 0.9951
vn -0.6554 -0.5071 0.5597
vn -0.6919 -0.0568 0.7197
vn -0.7270 -0.6798 0.0968
vn -0.9896 -0.1436 -0.0044
vn -0.6789 -0.7342 -0.0066
vn -0.6844 -0.7282 -0.0366
vn -0.6514 -0.1814 -0.7367
vn -0.5590 -0.5887 -0.5839
vn -0.0305 -0.7328 -0.6798
vn -0.0189 -0.9998 -0.0118
vn -0.6866 -0.7192 0.1067
vn -0.6783 -0.7338 -0.0369
vn -0.7307 -0.6827 0.0031
vn -0.6537 -0.4704 0.5928
vn -0.0177 -0.6850 0.7283
vn -0.6903 -0.0746 0.7196
vn 0.9050 0.4234 0.0415
vn 0.6818 -0.2349 0.6928
vn 0.9598 -0.2766 0.0482
vn 0.9697 -0.2444 -0.0066
vn 0.9772 -0.2121 -0.0085
vn 0.7555 -0.2443 -0.6079
vn 0.9553 -0.2913 -0.0510
vn 0.7826 -0.3551 -0.5113
vn 0.0166 -0.1580 -0.9873
vn -0.0013 -0.1162 -0.9932
vn 0.0065 -0.1260 -0.9920
vn 0.0035 -0.1181 -0.9930
vn -0.0196 -0.1338 -0.9908
vn -0.7551 -0.2447 -0.6082
vn -0.0073 -0.1656 -0.9862
vn -0.8203 -0.3546 -0.4487
vn -0.9500 -0.3071 -0.0572
vn -0.9696 -0.2444 -0.0086
vn -0.9775 -0.2109 0.0024
vn -0.6828 -0.2529 0.6855
vn -0.0279 -0.0984 -0.9948
vn -0.0169 -0.7029 -0.7111
vn -0.0298 -0.9995 -0.0095
vn -0.0064 -0.6760 0.7369
vn -0.9003 0.4352 -0.0027
vn -0.9647 -0.2590 0.0483
vn 0.5483 -0.7657 -0.3364
vn 0.8515 -0.3979 0.3416
vn 0.4611 -0.8699 0.1753
vn 0.5973 -0.2989 0.7442
vn 0.1498 0.4041 0.9024
vn 0.0008 0.6150 0.7885
vn 0.0190 0.8301 0.5573
vn -0.1900 0.3567 0.9147
vn -0.0190 0.8321 0.5542
vn -0.5056 0.4788 0.7177
vn -0.0015 0.9666 0.2564
vn -0.9465 0.2921 0.1373
vn -0.8288 -0.4259 0.3629
vn -0.3950 -0.2020 0.8962
vn -0.0767 -0.4307 0.8992
vn -0.0138 -0.9999 0.0075
vn 0.1199 -0.9851 -0.1234
vn -0.2420 -0.9622 -0.1250
vn -0.4621 -0.8739 0.1509
vn 0.5062 -0.1264 0.8531
vn 0.3694 -0.9278 -0.0514
vn 0.9668 0.2544 0.0222
vn 0.3862 -0.9166 0.1035
vn 0.9727 0.1631 -0.1649
vn 0.3653 -0.9010 0.2342
vn 0.2680 -0.7693 -0.5800
vn 0.4910 -0.8284 0.2696
vn -0.3959 -0.8952 0.2049
vn -0.4458 -0.8572 0.2577
vn -0.9686 0.1917 -0.1582
vn -0.2826 -0.7421 -0.6078
vn -0.1716 0.2013 -0.9644
vn -0.9718 0.2124 -0.1026
vn -0.2037 0.9387 -0.2780
vn -0.1299 0.9680 -0.2145
vn -0.9555 0.2912 0.0482
vn -0.0864 0.9952 -0.0462
vn 0.0023 0.9989 -0.0474
vn -0.0195 0.9626 0.2702
vn 0.0145 0.8105 0.5856
vn 0.4966 0.5030 0.7074
vn 0.8825 0.2458 0.4010
vn -0.4813 -0.8766 -0.0019
vn -0.4154 -0.9040 0.1006
vn -0.9570 0.2888 0.0272
vn -0.9324 0.2839 0.2238
vn -0.2468 -0.9592 -0.1378
vn 0.1382 0.1796 -0.9740
vn 0.2080 0.9379 -0.2775
vn 0.9764 0.1856 -0.1103
vn 0.1310 0.9682 -0.2130
vn 0.9658 0.2565 0.0377
vn 0.0867 0.9952 -0.0459
vn 0.0607 0.9633 0.2615
vn -0.9171 0.0159 -0.3983
vn -0.9112 0.0176 -0.4117
vn -0.9117 0.0019 -0.4108
vn -0.9092 0.0079 -0.4162
vn -0.9075 0.0121 -0.4199
vn 0.1613 0.0123 -0.9868
vn 0.1684 0.0014 -0.9857
vn 1.0000 -0.0000 0.0001
vn 0.1650 -0.0079 -0.9863
vn 0.9999 -0.0157 -0.0000
vn 0.1519 -0.0219 -0.9882
vn 0.6496 0.5684 -0.5049
vn 0.1800 -0.0234 -0.9834
vn -0.7199 0.6896 -0.0785
vn 0.0132 0.9927 -0.1198
vn 0.6863 0.7208 -0.0969
vn -0.0918 0.8000 0.5930
vn -0.1522 0.0217 -0.9881
vn -1.0000 0.0003 -0.0079
vn -1.0000 -0.0013 -0.0079
vn -0.1599 0.0097 -0.9871
vn -0.9397 0.0860 0.3311
vn -0.0171 0.3862 0.9223
vn 0.0990 0.2905 0.9517
vn -0.0852 0.3959 0.9143
vn 0.0217 0.4185 0.9080
vn -0.0348 0.4340 0.9002
vn -0.1503 0.0001 0.9886
vn 0.0978 0.2178 -0.9711
vn 0.0464 0.1577 -0.9864
vn 0.0212 0.2681 -0.9632
vn -0.0277 -0.4028 -0.9149
vn -0.0103 0.0108 -0.9999
vn 0.0218 -0.3858 -0.9223
vn -0.0002 -0.0002 -1.0000
vn 0.0286 -0.4344 -0.9003
vn -0.9186 -0.0414 0.3930
vn -0.9912 -0.1301 -0.0225
vn -0.9262 -0.1445 0.3482
vn -0.9933 -0.1125 -0.0246
vn -0.9439 0.0279 0.3291
vn -0.9420 -0.0943 0.3221
vn -0.9465 -0.0749 0.3140
vn -0.9907 -0.1340 0.0228
vn -0.9206 -0.0643 0.3852
vn -0.7482 -0.5262 0.4041
vn -0.9212 -0.2158 0.3238
vn -0.9950 -0.0976 -0.0217
vn -0.9963 0.0528 0.0680
vn -0.9265 0.1329 0.3521
vn -0.9092 -0.1262 0.3969
vn -0.8997 -0.4110 0.1473
vn -0.9992 -0.0397 -0.0069
vn -0.8591 -0.5116 0.0163
vn -0.9982 -0.0546 -0.0244
vn -0.8734 -0.4622 -0.1534
vn -0.8994 -0.3163 -0.3016
vn -0.9433 0.0371 -0.3299
vn -0.8064 -0.5588 -0.1937
vn -0.8935 -0.2001 -0.4020
vn -0.8794 -0.1861 -0.4383
vn -0.9004 -0.1043 -0.4223
vn -0.9014 -0.0805 -0.4254
vn -0.9062 -0.1028 -0.4102
vn -0.9024 -0.1263 -0.4119
vn -0.8610 -0.3617 -0.3575
vn -0.4272 0.8941 -0.1346
vn -0.4275 0.8862 -0.1786
vn -0.4573 0.7360 -0.4992
vn -0.1236 0.8727 -0.4724
vn -0.0538 0.8803 -0.4714
vn -0.0081 0.8714 -0.4905
vn -0.0698 0.8700 -0.4881
vn 0.0189 0.8762 -0.4815
vn 0.0402 0.8843 -0.4652
vn 0.1462 0.8647 -0.4806
vn -0.0102 0.8588 -0.5121
vn 0.0454 0.8533 -0.5194
vn 0.4373 0.7715 -0.4622
vn 0.4104 0.9057 -0.1062
vn 0.4157 0.8932 -0.1713
vn -0.0092 0.8280 -0.5606
vn 0.2997 0.6587 -0.6902
vn 0.3012 0.6662 -0.6822
vn 0.0375 0.5924 -0.8048
vn 0.0008 0.5924 -0.8056
vn 0.0010 0.5924 -0.8057
vn -0.0382 0.5923 -0.8048
vn -0.3048 0.6855 -0.6612
vn -0.3238 0.6737 -0.6643
vn -0.2885 0.9298 -0.2284
vn 0.0122 0.8590 -0.5118
vn -0.0973 0.9516 -0.2915
vn -0.1445 0.9499 -0.2770
vn -0.1776 0.9811 0.0770
vn -0.6180 0.7377 -0.2718
vn -0.1155 0.9931 0.0188
vn -0.8205 0.2794 0.4987
vn -0.7409 0.1546 0.6536
vn -0.2508 0.8404 0.4804
vn -0.1133 0.9912 -0.0686
vn -0.2474 0.9624 -0.1118
vn -0.2205 0.6414 -0.7349
vn -0.0322 0.5264 -0.8496
vn 0.0236 0.9896 -0.1416
vn 0.2647 0.6254 -0.7340
vn 0.1193 0.9885 -0.0924
vn 0.2558 0.8396 0.4793
vn 0.7507 0.1538 0.6424
vn 0.0001 0.9612 -0.2758
vn -0.0062 0.9784 -0.2065
vn -0.7210 0.2960 -0.6265
vn -0.8549 -0.1026 -0.5086
vn -0.4551 -0.8755 0.1624
vn -0.8171 -0.5765 0.0033
vn 0.0019 0.7266 0.6871
vn -0.1310 0.5459 -0.8275
vn 0.5345 0.5645 -0.6290
vn 0.1022 0.4195 -0.9020
vn 0.7382 0.1170 -0.6644
vn 0.2517 0.1407 -0.9575
vn 0.6098 -0.3910 -0.6894
vn 0.1375 -0.1970 -0.9707
vn 0.2027 -0.7354 -0.6466
vn -0.2027 -0.3652 -0.9086
vn -0.3304 -0.7356 -0.5914
vn -0.7380 -0.4810 -0.4733
vn -0.4434 -0.2421 -0.8630
vn -0.9291 -0.0126 -0.3696
vn -0.5901 0.0373 -0.8064
vn -0.8011 0.5001 -0.3289
vn -0.4684 0.3785 -0.7983
vn -0.3931 0.8397 -0.3746
vn 0.1233 0.8447 -0.5208
vn 0.7721 0.6180 -0.1483
vn 0.9695 0.0402 -0.2416
vn 0.7897 -0.5522 -0.2673
vn 0.3017 -0.9300 -0.2098
vn -0.3007 -0.9481 -0.1032
vn -0.7908 -0.6112 0.0333
vn -0.9917 -0.0283 0.1258
vn -0.8160 0.5582 0.1503
vn -0.3280 0.9393 0.1005
vn 0.2770 0.9606 -0.0214
vn 0.8057 0.5209 0.2821
vn 0.9841 -0.0023 0.1775
vn 0.8139 -0.5607 0.1525
vn 0.3591 -0.9096 0.2088
vn -0.2055 -0.9266 0.3150
vn -0.6733 -0.5999 0.4322
vn -0.8508 -0.0560 0.5225
vn -0.6836 0.4889 0.5419
vn -0.2239 0.8419 0.4910
vn 0.3425 0.8550 0.3895
vn 0.7097 0.3493 0.6118
vn 0.8533 -0.0404 0.5198
vn 0.7178 -0.4846 0.5000
vn 0.3528 -0.7638 0.5404
vn -0.0981 -0.7774 0.6214
vn -0.4687 -0.5115 0.7202
vn -0.6057 -0.0781 0.7918
vn -0.4711 0.3566 0.8068
vn -0.1008 0.6338 0.7669
vn 0.3406 0.6468 0.6823
vn 0.4979 0.1306 0.8573
vn 0.6088 -0.0840 0.7889
vn 0.5237 -0.3504 0.7765
vn 0.2977 -0.5094 0.8074
vn 0.0235 -0.5089 0.8605
vn -0.1957 -0.3555 0.9140
vn -0.2801 -0.0896 0.9558
vn -0.1911 0.1702 0.9667
vn 0.0285 0.3362 0.9414
vn 0.3038 0.3447 0.8882
vn 0.1899 -0.1006 0.9766
vn 0.1176 0.4043 -0.9070
vn -0.1890 0.0981 -0.9771
vn -0.1809 0.5446 -0.8190
vn -0.4583 0.3894 -0.7990
vn -0.5909 0.0721 -0.8035
vn -0.4536 -0.2319 -0.8605
vn -0.1561 -0.3638 -0.9183
vn 0.1278 -0.2077 -0.9698
vn 0.2525 0.0986 -0.9626
vn 0.1191 0.5459 -0.8293
vn -0.1057 0.4182 -0.9022
vn -0.5336 0.5740 -0.6211
vn -0.7382 0.1079 -0.6659
vn -0.2597 0.1047 -0.9600
vn -0.6116 -0.3934 -0.6865
vn -0.1662 -0.1567 -0.9735
vn -0.2003 -0.7397 -0.6425
vn 0.2158 -0.3720 -0.9028
vn 0.3347 -0.7283 -0.5980
vn 0.7430 -0.4867 -0.4594
vn 0.4372 -0.2437 -0.8657
vn 0.9300 -0.0043 -0.3674
vn 0.5998 0.0766 -0.7965
vn 0.8031 0.4978 -0.3274
vn 0.5028 0.3388 -0.7952
vn 0.3927 0.8439 -0.3655
vn -0.1233 0.8447 -0.5208
vn -0.7721 0.6180 -0.1483
vn -0.9695 0.0402 -0.2416
vn -0.7897 -0.5522 -0.2673
vn -0.3017 -0.9300 -0.2098
vn 0.3007 -0.9481 -0.1032
vn 0.7908 -0.6112 0.0333
vn 0.9917 -0.0283 0.1258
vn 0.8160 0.5582 0.1503
vn 0.3280 0.9393 0.1005
vn -0.2770 0.9606 -0.0214
vn -0.8057 0.5209 0.2821
vn -0.9841 -0.0023 0.1775
vn -0.8139 -0.5607 0.1525
vn -0.3591 -0.9096 0.2088
vn 0.2055 -0.9266 0.3150
vn 0.6733 -0.5999 0.4322
vn 0.8508 -0.0560 0.5225
vn 0.6836 0.4889 0.5419
vn 0.2239 0.8419 0.4910
vn -0.3425 0.8550 0.3895
vn -0.7097 0.3493 0.6118
vn -0.8533 -0.0404 0.5198
vn -0.7178 -0.4846 0.5000
vn -0.3528 -0.7638 0.5404
vn 0.0981 -0.7774 0.6214
vn 0.4687 -0.5115 0.7202
vn 0.6057 -0.0781 0.7918
vn 0.4711 0.3566 0.8068
vn 0.1008 0.6338 0.7669
vn -0.3406 0.6468 0.6823
vn -0.4979 0.1306 0.8573
vn -0.6088 -0.0840 0.7889
vn -0.5237 -0.3504 0.7765
vn -0.2977 -0.5094 0.8074
vn -0.0235 -0.5089 0.8605
vn 0.1957 -0.3555 0.9140
vn 0.2801 -0.0896 0.9558
vn 0.1911 0.1702 0.9667
vn -0.0285 0.3362 0.9414
vn -0.3038 0.3447 0.8882
vn -0.1899 -0.1006 0.9766
vn -0.1347 0.3878 -0.9118
vn 0.1753 0.5448 -0.8200
vn 0.1906 0.0990 -0.9767
vn 0.4756 0.3714 -0.7974
vn 0.5998 0.0754 -0.7966
vn 0.4663 -0.2137 -0.8584
vn 0.1594 -0.3708 -0.9149
vn -0.1387 -0.1893 -0.9721
vn -0.2596 0.1060 -0.9599
vn 0.0031 -0.2685 0.9633
vn -0.0237 -0.2594 0.9655
vn -0.0097 -0.2784 0.9604
vn 0.1092 -0.2037 0.9729
vn 0.1503 -0.2367 0.9599
vn 0.1438 -0.1939 0.9704
vn 0.2881 -0.1320 0.9485
vn -0.0410 0.0440 0.9982
vn 0.0800 -0.0018 0.9968
vn -0.3602 -0.2184 0.9070
vn -0.0639 -0.2009 0.9775
vn 0.0026 -0.3049 0.9524
vn 0.0252 -0.2592 0.9655
vn -0.1098 -0.2037 0.9729
vn -0.1516 -0.2381 0.9593
vn -0.1437 -0.1932 0.9706
vn -0.2836 -0.1272 0.9505
vn 0.0249 0.0381 0.9990
vn 0.0328 0.0294 0.9990
vn 0.3177 -0.1378 0.9381
vn 0.0907 -0.2955 0.9510
vn 0.2790 -0.3328 0.9008
vn 0.2923 -0.2168 0.9314
vn 0.1087 -0.3155 0.9427
vn 0.1085 -0.2275 0.9677
vn 0.0866 -0.0397 0.9955
vn -0.0744 0.0035 0.9972
vn -0.0925 -0.0323 0.9952
vn -0.0619 -0.0080 0.9981
vn -0.0581 -0.0342 0.9977
vn -0.0019 -0.0355 0.9994
vn 0.0079 -0.0231 0.9997
vn 0.0023 -0.0554 0.9985
vn 0.0001 -0.0566 0.9984
vn 0.0026 -0.0236 0.9997
vn -0.0154 -0.0623 0.9979
vn -0.0105 -0.0230 0.9997
vn -0.0072 -0.0354 0.9993
vn 0.0457 -0.0374 0.9983
vn 0.0676 -0.0073 0.9977
vn 0.0876 -0.0242 0.9959
vn 0.0646 0.0108 0.9979
vn -0.0745 0.0261 0.9969
vn -0.1897 -0.2497 0.9496
vn -0.0609 -0.3367 0.9396
vn -0.3764 -0.3983 0.8365
vn -0.1528 -0.3662 0.9179
vn -0.3323 -0.2453 0.9107
vn -0.1101 -0.1674 0.9797
vn 0.3677 0.3004 0.8801
vn 0.2413 0.2111 0.9472
vn 0.3145 0.4984 0.8079
vn 0.3019 0.4360 0.8478
vn 0.2109 0.5604 0.8009
vn -0.0024 0.5886 0.8084
vn -0.2132 0.5605 0.8002
vn -0.2514 0.4860 0.8370
vn -0.3082 0.4889 0.8161
vn -0.2268 0.2012 0.9529
vn -0.3731 0.2764 0.8857
vn 0.0161 -0.2955 0.9552
vn 0.0943 0.0363 0.9949
vn -0.0077 0.1579 0.9874
vn -0.0643 0.2647 0.9622
vn -0.2027 0.0280 0.9788
vn -0.1223 -0.0804 0.9892
vn -0.1005 0.0162 0.9948
vn -0.0543 0.1083 0.9926
vn 0.0268 0.0203 0.9994
vn 0.0227 0.0601 0.9979
vn 0.0637 0.0773 0.9950
vn 0.1035 0.2233 0.9692
vn -0.1282 0.3060 0.9434
vn -0.2440 0.3299 0.9119
vn -0.1127 0.3678 0.9230
vn 0.0420 0.4790 0.8768
vn -0.3230 0.8098 0.4898
vn -0.1006 0.5126 0.8527
vn -0.0176 0.4903 0.8714
vn -0.2658 0.5724 0.7757
vn -0.3761 0.6228 0.6860
vn 0.0257 0.0850 0.9960
vn 0.1008 -0.5189 0.8489
vn 0.0285 -0.7044 0.7092
vn -0.0192 -0.2677 0.9633
vn -0.0109 -0.2787 0.9603
vn 0.2079 0.3479 0.9142
vn 0.1003 0.0767 0.9920
vn 0.0973 0.0073 0.9952
vn 0.1423 -0.1426 0.9795
vn 0.0062 -0.1324 0.9912
vn -0.0068 -0.0263 0.9996
vn 0.0801 0.1177 0.9898
vn 0.1377 0.2237 0.9649
vn 0.1124 0.4607 0.8804
vn 0.2545 0.7332 0.6306
vn 0.3213 0.6366 0.7011
vn -0.0611 0.2778 0.9587
vn -0.0011 0.0598 0.9982
vn -0.0877 0.0769 0.9932
vn -0.2650 -0.2965 0.9175
vn -0.3574 0.0940 0.9292
vn -0.1517 0.0940 0.9839
vn 0.0876 0.2561 0.9627
vn 0.4567 0.0054 0.8896
vn 0.5391 0.1804 0.8227
vn 0.3356 0.1428 0.9311
vn 0.8764 -0.0555 0.4784
vn 0.7612 -0.1376 0.6338
vn 0.5143 -0.1709 0.8404
vn 0.3622 -0.0188 0.9319
vn 0.1667 -0.2049 0.9645
vn 0.4224 0.0978 0.9011
vn 0.2595 -0.2576 0.9308
vn -0.0037 0.0081 1.0000
vn 0.2507 -0.0601 0.9662
vn 0.0644 0.0068 0.9979
vn 0.0493 0.0711 0.9962
vn 0.3761 0.1889 0.9071
vn 0.3811 -0.2679 0.8849
vn 0.0682 -0.1810 0.9811
vn 0.0299 0.0459 0.9985
vn 0.0370 -0.3405 0.9395
vn -0.0011 -0.0800 0.9968
vn 0.0061 -0.3700 0.9290
vn 0.0054 -0.0143 0.9999
vn 0.0001 -0.3537 0.9354
vn -0.0059 -0.3700 0.9290
vn -0.0362 -0.0462 0.9983
vn 0.0020 -0.0458 0.9989
vn -0.0132 -0.0429 0.9990
vn -0.0564 -0.0007 0.9984
vn -0.0551 0.0003 0.9985
vn -0.0569 0.0118 0.9983
vn -0.0897 -0.0210 0.9957
vn -0.0513 -0.0341 0.9981
vn 0.0034 -0.0302 0.9995
vn 0.0108 -0.0532 0.9985
vn 0.0222 -0.0424 0.9989
vn 0.0036 -0.0532 0.9986
vn 0.0041 -0.0361 0.9993
vn -0.0507 -0.0212 0.9985
vn -0.0862 -0.0134 0.9962
vn -0.1092 -0.0265 0.9937
vn -0.0954 -0.1134 0.9890
vn -0.0937 -0.2763 0.9565
vn -0.0678 -0.2278 0.9713
vn 0.0026 -0.1673 0.9859
vn 0.0690 -0.0013 0.9976
vn -0.2244 -0.1642 0.9606
vn -0.2995 -0.0668 0.9518
vn 0.0880 -0.9952 0.0432
vn 0.0628 -0.9962 -0.0596
vn -0.0087 -0.9980 -0.0633
vn -0.0012 -0.9733 -0.2296
vn 0.0118 -0.9975 -0.0700
vn -0.0406 -0.9855 -0.1650
vn -0.0511 -0.9983 -0.0270
vn -0.1088 -0.9928 -0.0501
vn -0.1487 -0.9887 0.0192
vn -0.0170 -0.9729 -0.2305
vn 0.0095 -0.9963 -0.0849
vn 0.0993 -0.9904 0.0958
vn 0.0695 -0.9933 -0.0919
vn 0.0088 -0.9910 0.1337
vn -0.0695 -0.9910 0.1148
vn -0.3146 0.7541 0.5765
vn -0.8677 0.4079 0.2841
vn -0.7291 0.1345 0.6711
vn -0.4808 -0.8033 -0.3514
vn -0.2374 -0.6306 -0.7389
vn 0.0831 -0.6983 -0.7110
vn 0.0333 -0.6538 -0.7559
vn 0.0745 -0.4963 -0.8650
vn -0.0480 -0.6280 -0.7767
vn -0.0942 -0.4644 -0.8806
vn -0.0646 -0.6610 -0.7476
vn -0.0658 -0.6776 -0.7325
vn 0.6215 -0.5328 -0.5743
vn 0.2206 -0.6325 -0.7425
vn 0.7430 0.1903 0.6416
vn 0.8714 0.3894 0.2984
vn 0.4324 0.3425 0.8341
vn 0.3373 0.7169 0.6102
vn 0.2264 0.4991 0.8364
vn 0.0209 0.7535 0.6572
vn 0.0541 0.4397 0.8965
vn -0.0238 0.6923 0.7212
vn 0.0403 0.7736 0.6324
vn 0.1769 0.4409 0.8799
vn -0.1363 0.7968 0.5887
vn -0.1274 0.4426 0.8876
vn -0.3846 0.5281 0.7571
vn -0.2735 -0.1993 0.9410
vn -0.6368 -0.4449 0.6298
vn -0.0269 -0.8655 0.5001
vn -0.2770 -0.9224 0.2691
vn 0.0426 -0.9454 -0.3230
vn -0.2825 -0.8424 -0.4589
vn 0.1046 -0.8939 -0.4359
vn 0.0135 -0.9005 -0.4347
vn -0.0473 -0.9346 -0.3525
vn 0.0184 -0.9194 -0.3929
vn 0.7238 -0.6608 -0.1986
vn 0.6554 -0.2799 0.7015
vn 0.3991 -0.3580 0.8441
vn 0.2432 -0.4187 0.8749
vn -0.0310 -0.5442 0.8384
vn 0.0188 -0.3823 0.9238
vn 0.1063 -0.4153 0.9035
vn -0.1861 -0.3292 0.9257
vn 0.0612 -0.9447 0.3222
vn 0.0853 -0.9764 0.1983
vn 0.0053 -0.9983 0.0579
vn -0.1130 -0.9805 0.1608
vn 0.0218 -0.9444 0.3281
vn 0.1489 -0.9366 0.3172
vn 0.3900 -0.8735 0.2913
vn 0.5873 0.2587 0.7669
vn 0.3152 0.4492 0.8360
vn 0.4998 0.1297 0.8564
vn 0.2500 0.3249 0.9121
vn -0.0239 0.4315 0.9018
vn -0.0023 0.2907 0.9568
vn -0.2918 0.2276 0.9290
vn -0.1929 0.1149 0.9745
vn -0.3872 -0.1081 0.9156
vn -0.2531 -0.1453 0.9565
vn -0.2802 -0.4252 0.8606
vn -0.1441 -0.3797 0.9138
vn -0.0135 -0.6111 0.7915
vn 0.0734 -0.5087 0.8578
vn 0.3290 -0.6019 0.7277
vn 0.3339 -0.4754 0.8139
vn 0.5985 -0.3939 0.6976
vn 0.5337 -0.2914 0.7939
vn 0.7016 -0.0637 0.7097
vn 0.5867 -0.0354 0.8090
vn 0.1851 -0.1051 0.9771
vn -0.3152 0.4488 0.8362
vn -0.5872 0.2587 0.7670
vn -0.4998 0.1297 0.8564
vn -0.6086 -0.0840 0.7890
vn -0.7017 -0.0638 0.7096
vn -0.5237 -0.3506 0.7764
vn -0.5985 -0.3939 0.6976
vn -0.2977 -0.5099 0.8071
vn -0.3290 -0.6019 0.7277
vn -0.0232 -0.5096 0.8601
vn 0.0135 -0.6111 0.7915
vn 0.1945 -0.3549 0.9144
vn 0.2802 -0.4252 0.8606
vn 0.3872 -0.1081 0.9156
vn 0.2918 0.2275 0.9290
vn 0.0239 0.4315 0.9018
vn -0.3039 0.3450 0.8881
vn -0.1910 -0.1013 0.9763
vn 0.6954 0.7064 -0.1318
vn 0.0198 0.9914 -0.1295
vn -0.6876 0.7212 -0.0840
vn 0.0904 0.7990 0.5945
vn 0.9417 0.0821 0.3264
vn -0.0212 -0.0404 0.9990
vn -0.0196 -0.0386 0.9991
vn 0.0041 -0.0519 0.9986
vn 0.0071 -0.0364 0.9993
vn 0.0126 -0.0194 0.9997
vn 0.0298 -0.0468 0.9985
vn 0.0253 0.0115 0.9996
vn 0.0523 -0.0044 0.9986
vn -0.0437 -0.0567 0.9974
vn 0.2145 -0.3163 0.9241
vn 0.2131 -0.2674 0.9397
vn 0.7720 -0.1096 0.6261
vn 0.3439 -0.1256 0.9306
vn 0.2892 0.2408 0.9265
vn 0.0919 -0.0241 0.9955
vn -0.0165 -0.1255 0.9920
vn -0.1872 -0.1072 0.9765
vn 0.0873 -0.1530 0.9844
vn 0.1966 -0.2503 0.9480
vn 0.0251 -0.1524 0.9880
vn 0.2442 -0.3173 0.9163
vn 0.0077 -0.2180 0.9759
vn -0.0404 0.0089 0.9991
vn 0.0621 -0.0045 0.9981
vn 0.0259 -0.0513 0.9983
vn 0.0524 -0.0190 0.9984
vn 0.0892 -0.0156 0.9959
vn 0.0483 -0.0227 0.9986
vn 0.0897 -0.0156 0.9958
vn 0.0574 0.0039 0.9983
vn 0.0016 -0.0245 0.9997
vn -0.0000 -0.0239 0.9997
vn 0.1489 0.3666 0.9184
vn 0.4844 -0.8515 0.2008
vn 0.0155 -0.5987 0.8008
vn 0.0151 -0.9753 -0.2203
vn 0.0037 -0.5332 0.8460
vn 0.0128 -0.9847 -0.1735
vn -0.0210 -0.5006 0.8654
vn 0.0263 -0.9896 -0.1413
vn -0.0193 -0.4847 0.8745
vn -0.0210 -0.4799 0.8771
vn 0.0240 -0.9897 -0.1410
vn -0.0199 -0.4763 0.8790
vn -0.0032 -0.9899 -0.1415
vn -0.0275 -0.9917 -0.1258
vn -0.0326 -0.4652 0.8846
vn -0.0394 -0.9968 -0.0695
vn -0.0202 -0.4062 0.9136
vn -0.0012 -0.9999 -0.0155
vn 0.0726 -0.3130 0.9470
vn 0.6102 0.0410 0.7912
vn -0.5219 -0.6360 0.5684
vn -0.7100 0.4945 0.5013
vn -0.2688 0.1071 0.9572
vn 0.2540 0.7307 0.6337
vn -0.2269 0.5147 0.8268
vn -0.2443 -0.2846 0.9270
vn -0.3068 -0.8330 0.4604
vn -0.2600 -0.8533 0.4520
vn -0.2754 -0.8923 -0.3578
vn -0.2682 -0.5487 -0.7918
vn -0.2041 -0.1876 -0.9608
vn -0.2133 0.6392 -0.7389
vn -0.2122 0.4730 -0.8551
vn 0.3464 0.8857 -0.3090
vn -0.6000 0.7772 -0.1895
vn 0.5469 -0.5896 -0.5943
vn 0.0617 -0.9737 -0.2194
vn 0.0323 -0.0523 -0.9981
vn 0.0678 -0.1438 -0.9873
vn 0.0391 0.9485 -0.3143
vn 0.0339 0.9047 -0.4248
vn -0.0127 0.6871 0.7265
vn 0.0225 0.5746 0.8181
vn 0.8533 -0.4517 0.2604
vn 0.6383 -0.2847 0.7152
vn 0.2482 -0.9607 0.1243
vn 0.2901 -0.4543 0.8423
vn 0.6636 0.2386 0.7090
vn 0.3396 0.4607 0.8200
vn 0.7087 0.7049 0.0291
vn 0.3401 0.9308 0.1341
vn 0.6706 0.5363 -0.5126
vn 0.3181 0.6784 -0.6623
vn 0.6303 -0.0870 -0.7715
vn 0.2649 0.0635 -0.9622
vn 0.6671 -0.4541 -0.5906
vn 0.3610 -0.6053 -0.7094
vn 0.8891 -0.4255 -0.1687
vn 0.2606 -0.9569 0.1283
vn -0.1379 -0.9778 0.1581
vn -0.1405 -0.6651 -0.7334
vn -0.4709 -0.5650 -0.6775
vn -0.6465 -0.7585 0.0815
vn -0.9981 0.0214 0.0571
vn -0.6241 0.0552 -0.7794
vn -0.4385 0.5873 -0.6803
vn -0.6736 0.7318 0.1041
vn -0.1417 0.9849 0.0992
vn -0.1578 0.6892 -0.7072
vn -0.1173 0.4926 0.8623
vn -0.1294 -0.4290 0.8940
vn -0.1402 -0.9774 0.1582
vn -0.5620 -0.7213 0.4048
vn -0.0531 -0.9986 0.0001
vn -0.0470 -0.2945 0.9545
vn 0.0047 -0.3527 0.9357
vn 0.0238 0.8136 0.5809
vn 0.0251 0.8229 0.5676
vn 0.0086 0.8364 -0.5481
vn -0.0185 0.7702 -0.6375
vn -0.0500 -0.3999 -0.9152
vn -0.0634 -0.2809 -0.9576
vn -0.0601 -0.9982 0.0001
vn -0.5765 -0.7050 -0.4132
vn 0.7248 0.5969 0.3439
vn -0.2085 0.8815 0.4236
vn 0.2851 0.3302 0.8998
vn 0.2507 0.7155 0.6521
vn 0.2443 -0.0169 0.9696
vn 0.2765 -0.6942 0.6646
vn 0.2439 -0.7028 0.6683
vn 0.2433 -0.9639 -0.1083
vn 0.2449 -0.7574 -0.6052
vn 0.1800 -0.4224 -0.8883
vn 0.2296 0.4362 -0.8701
vn 0.2250 0.2057 -0.9524
vn -0.3223 0.7793 -0.5374
vn 0.6262 0.6813 -0.3790
vn 0.5855 -0.5617 0.5845
vn -0.5793 -0.0486 0.8136
vn -0.0192 -0.9998 0.0009
vn 0.0231 -0.3470 0.9376
vn -0.0177 -0.9998 -0.0082
vn 0.0431 -0.3362 0.9408
vn -0.0056 -0.9999 -0.0160
vn 0.0198 -0.3430 0.9391
vn -0.0062 -1.0000 -0.0077
vn 0.0228 -0.3333 0.9425
vn -0.0119 -0.9999 0.0001
vn 0.0113 -0.3272 0.9449
vn -0.0140 -0.9999 0.0004
vn 0.0195 -0.3341 0.9423
vn 0.0047 -1.0000 -0.0001
vn 0.0243 -0.3322 0.9429
vn 0.0216 0.8306 0.5564
vn -0.0181 0.7681 -0.6401
vn -0.0160 -0.3930 -0.9194
vn 0.0003 -1.0000 -0.0000
vn 0.4899 0.6211 0.6118
vn -0.0293 0.8516 0.5234
vn 0.4251 0.6996 -0.5744
vn 0.0248 0.7710 -0.6363
vn 0.3476 -0.3206 -0.8811
vn 0.0248 -0.4254 -0.9047
vn -0.3408 -0.6781 -0.6512
vn -0.0006 -0.9999 -0.0155
vn 0.0213 -0.9972 -0.0713
vn 0.0211 -0.3210 -0.9468
vn 0.0081 -0.9920 -0.1259
vn 0.0111 -0.2714 -0.9624
vn -0.0063 -0.9899 -0.1415
vn 0.0128 -0.2562 -0.9665
vn 0.0271 -0.2700 -0.9625
vn 0.0188 -0.9898 -0.1412
vn 0.0561 -0.2828 -0.9575
vn 0.0461 -0.9890 -0.1409
vn 0.0434 -0.9839 -0.1731
vn 0.0610 -0.2343 -0.9703
vn -0.0000 0.8730 -0.4877
vn -0.0447 0.7198 0.6928
vn -0.4994 0.6905 0.5232
vn 0.0233 0.8464 0.5321
vn -0.4415 0.6528 -0.6155
vn -0.0912 0.7761 -0.6240
vn -0.3524 -0.2831 -0.8920
vn -0.1007 -0.4050 -0.9088
vn 0.3256 -0.6904 -0.6460
vn 0.0010 -1.0000 -0.0008
vn -0.0826 -0.4212 -0.9032
vn -0.0348 -0.9994 -0.0072
vn -0.0202 -0.3554 -0.9345
vn -0.0008 -0.9999 -0.0161
vn -0.0196 -0.3966 -0.9178
vn -0.0000 -1.0000 -0.0079
vn -0.0240 -0.3938 -0.9189
vn -0.0047 -1.0000 -0.0001
vn -0.0302 -0.4114 -0.9110
vn -0.0114 -0.9999 0.0004
vn 0.0156 0.8159 -0.5780
vn -0.0047 0.7859 0.6184
vn 0.0135 0.7291 0.6843
vn -0.0043 0.7491 0.6625
vn -0.0224 0.7445 0.6673
vn -0.0567 0.7526 0.6561
vn 0.0272 0.8239 0.5661
vn 0.0257 0.8257 0.5635
vn 0.0097 0.8294 0.5585
vn 0.0139 0.8353 0.5496
vn 0.0134 0.8375 0.5463
vn -0.0303 0.7635 -0.6451
vn 0.0147 0.8482 -0.5294
vn 0.0098 0.8558 -0.5172
vn -0.0002 0.8532 -0.5216
vn -0.0127 0.8461 -0.5329
vn -0.0265 0.7764 -0.6297
vn -0.0223 0.7873 -0.6161
vn -0.0170 0.7753 -0.6313
vn -0.0198 0.7699 -0.6378
vn 0.1499 0.9212 0.3592
vn 0.4149 0.2056 0.8863
vn 0.6683 0.6822 0.2966
vn 0.9973 0.0323 0.0664
vn 0.4995 -0.4476 0.7417
vn 0.5602 -0.8160 -0.1427
vn 0.1336 -0.9858 -0.1020
vn 0.1297 -0.6555 0.7440
vn 0.1227 0.2486 0.9608
vn -0.3458 0.2487 0.9048
vn -0.2774 -0.6660 0.6924
vn -0.2492 -0.9604 -0.1248
vn -0.8499 -0.5107 0.1295
vn -0.6370 -0.4683 0.6123
vn -0.6592 0.0787 0.7478
vn -0.7089 0.6502 0.2732
vn -0.3190 0.8617 0.3947
vn -0.2913 0.8153 -0.5004
vn -0.6700 0.6326 -0.3885
vn -0.6389 0.2032 -0.7420
vn -0.2519 0.3410 -0.9057
vn -0.3504 -0.4120 -0.8411
vn -0.6730 -0.3491 -0.6521
vn -0.8894 -0.3707 -0.2674
vn -0.2628 -0.9574 -0.1199
vn 0.1311 -0.9861 -0.1022
vn 0.1321 -0.4502 -0.8831
vn 0.4660 -0.3699 -0.8038
vn 0.6407 -0.7579 -0.1229
vn 0.9983 -0.0031 0.0584
vn 0.6237 0.2546 -0.7390
vn 0.4405 0.7476 -0.4970
vn 0.6736 0.6766 0.2975
vn 0.1635 0.8482 -0.5038
vn 0.1682 0.3061 -0.9370
vn -0.5857 -0.5065 0.6328
vn -0.5427 -0.5119 -0.6659
vn -0.0016 -0.9813 -0.1926
vn 0.0649 -0.2984 -0.9522
vn 0.2627 -0.9649 0.0060
vn 0.0640 -0.2187 -0.9737
vn -0.0879 -0.9950 -0.0467
vn -0.7802 -0.5339 0.3261
vn -0.3424 -0.9079 -0.2418
vn -0.1838 -0.2165 0.9588
vn -0.0815 -0.9967 -0.0066
vn -0.1163 -0.2700 0.9558
vn 0.1788 -0.9831 0.0382
vn -0.6963 -0.4564 0.5539
vn 0.0086 -0.9996 -0.0262
vn -0.5526 -0.4534 -0.6993
vn 0.0476 -0.0543 -0.9974
vn 0.1046 -0.1375 -0.9850
vn -0.0207 -0.2838 -0.9587
vn 0.0082 -0.9349 -0.3549
vn -0.4763 -0.8793 -0.0018
vn -0.0000 -0.2205 0.9754
vn 0.0701 -0.2411 0.9680
vn -0.8396 -0.5309 0.1148
vn -0.2368 -0.9608 -0.1444
vn -0.0667 -0.1818 -0.9811
vn 0.3190 -0.9451 0.0703
vn 0.0220 -0.2552 -0.9666
vn 0.0038 -0.9898 0.1423
vn -0.6950 -0.4423 -0.5669
vn -0.5534 -0.3796 0.7414
vn 0.0922 -0.2312 0.9685
vn 0.1045 -0.1509 0.9830
vn -0.6159 -0.4328 -0.6583
vn -0.3072 0.2414 0.9205
vn -0.6247 0.5414 -0.5627
vn 0.1127 0.9173 0.3819
vn -0.8075 0.4232 -0.4108
vn -0.2939 0.6871 0.6645
vn -0.8226 -0.3465 0.4510
vn -0.4568 -0.5106 -0.7284
vn 0.0366 -0.9370 0.3474
vn -0.2838 -0.7674 -0.5749
vn 0.3833 -0.8910 0.2434
vn -0.4138 -0.9020 -0.1233
vn 0.3584 -0.9142 0.1893
vn 0.9255 -0.3787 -0.0047
vn 0.2520 -0.9606 0.1175
vn 0.3408 -0.5093 -0.7902
vn 0.1862 -0.5188 -0.8344
vn 0.4266 0.6932 -0.5809
vn 0.3128 0.5157 -0.7976
vn 0.3954 0.9154 0.0757
vn 0.4989 0.7803 0.3772
vn 0.4135 0.5793 0.7024
vn 0.6465 -0.1094 0.7550
vn 0.9152 0.4010 0.0394
vn 0.4954 -0.8642 0.0883
vn 0.4537 -0.0684 0.8885
vn 0.3317 -0.9029 0.2732
vn 0.1015 -0.1719 0.9799
vn 0.1425 -0.9403 0.3092
vn -0.8334 -0.3109 0.4570
vn -0.2792 0.7024 0.6548
vn -0.1726 0.7105 0.6822
vn -0.1385 -0.0089 0.9903
vn 0.1258 0.6363 0.7611
vn 0.1297 -0.1487 0.9803
vn 0.1703 0.8154 0.5533
vn -0.1882 0.7445 0.6406
vn 0.0768 -0.2367 0.9685
vn -0.6604 0.5096 0.5516
vn -0.6268 -0.4105 0.6623
vn -0.8213 0.4990 -0.2764
vn -0.7455 -0.4816 -0.4608
vn -0.2986 0.7281 -0.6170
vn -0.0897 -0.2905 -0.9527
vn -0.1138 0.8438 -0.5244
vn -0.0747 -0.1817 -0.9805
vn 0.0545 0.9801 0.1908
vn -0.8352 -0.5263 0.1593
vn 0.0154 0.8619 0.5069
vn 0.0866 -0.2199 0.9717
vn -0.2759 0.7549 0.5950
vn 0.0354 -0.2529 0.9668
vn -0.7743 0.4272 0.4669
vn -0.6203 -0.5280 0.5800
vn -0.6030 -0.5532 -0.5748
vn -0.7368 0.3991 -0.5457
vn -0.2430 0.7179 -0.6524
vn 0.0266 0.7947 -0.6064
vn -0.0061 0.9928 -0.1194
vn 0.1858 0.6852 -0.7042
vn 0.0631 -0.2990 -0.9522
vn -0.0110 -0.2198 -0.9755
vn -0.7636 -0.4284 0.4831
vn -0.0859 0.8174 0.5696
vn -0.0366 -0.2204 0.9747
vn -0.3482 0.7463 0.5673
vn -0.1714 -0.2847 0.9432
vn -0.7954 0.5389 0.2774
vn -0.7344 -0.4794 0.4805
vn -0.6601 0.4850 -0.5736
vn -0.5869 -0.4640 -0.6635
vn -0.1875 0.7972 -0.5739
vn 0.0319 0.8596 -0.5099
vn -0.6670 0.7382 0.1013
vn -0.4157 0.4321 0.8003
vn -0.4228 -0.4153 0.8055
vn -0.5649 -0.8215 0.0772
vn -0.9969 0.0568 0.0553
vn 0.5889 -0.4928 0.6405
vn 0.0179 -0.9866 -0.1620
vn 0.5522 -0.5184 -0.6529
vn -0.0500 -0.3126 -0.9486
vn -0.2464 -0.9689 0.0213
vn -0.0686 -0.2512 -0.9655
vn 0.1064 -0.9938 -0.0338
vn 0.8147 -0.5785 0.0397
vn 0.3311 -0.9046 -0.2684
vn 0.0961 -0.9919 0.0832
vn 0.0346 -0.1899 0.9812
vn 0.1094 -0.2591 0.9596
vn -0.1711 -0.9838 0.0540
vn 0.6914 -0.4454 0.5688
vn 0.0009 -0.9999 -0.0107
vn 0.5579 -0.4598 -0.6909
vn -0.0443 -0.0762 -0.9961
vn -0.1030 -0.1569 -0.9822
vn -0.0282 -0.3551 -0.9344
vn -0.0267 -0.9306 -0.3650
vn 0.5697 -0.8202 -0.0512
vn 0.8635 -0.5029 -0.0375
vn -0.0948 -0.1809 0.9789
vn -0.0789 -0.2311 0.9697
vn -0.3596 -0.9092 0.2099
vn -0.9184 -0.3922 -0.0529
vn -0.2463 -0.9544 0.1684
vn -0.3489 -0.5028 -0.7909
vn -0.2042 -0.5477 -0.8114
vn -0.4439 0.6816 -0.5818
vn -0.4055 0.5057 -0.7615
vn -0.4308 0.8995 0.0723
vn -0.5003 0.7589 0.4169
vn -0.4791 0.5020 0.7200
vn -0.6196 -0.1403 0.7723
vn -0.8957 0.4363 0.0857
vn -0.4810 -0.8666 0.1328
vn -0.4299 -0.0658 0.9005
vn -0.3063 -0.9002 0.3095
vn -0.1020 -0.1737 0.9795
vn -0.1267 -0.9403 0.3159
vn 0.8388 -0.2784 0.4678
vn 0.2643 0.7125 0.6500
vn 0.1497 0.7192 0.6784
vn 0.2369 0.1785 0.9550
vn -0.1094 0.7229 0.6822
vn -0.1248 -0.1439 0.9817
vn -0.1538 0.8316 0.5337
vn 0.1734 0.7605 0.6258
vn -0.0768 -0.2237 0.9716
vn 0.6546 0.5156 0.5529
vn 0.6294 -0.3962 0.6684
vn 0.8176 0.5017 -0.2824
vn 0.7539 -0.4803 -0.4484
vn 0.2972 0.7235 -0.6231
vn 0.0998 -0.3095 -0.9456
vn 0.1108 0.8447 -0.5237
vn 0.0874 -0.2223 -0.9710
vn -0.0584 0.9867 0.1520
vn 0.8547 -0.5029 0.1291
vn -0.0263 0.8725 0.4879
vn -0.0695 -0.1817 0.9809
vn 0.2667 0.7664 0.5844
vn -0.0450 -0.2423 0.9692
vn 0.7672 0.4407 0.4661
vn 0.6236 -0.5146 0.5884
vn 0.6101 -0.5565 -0.5640
vn 0.7349 0.3965 -0.5502
vn -0.0360 -0.3177 -0.9475
vn 0.2596 0.6862 -0.6795
vn 0.1055 0.8182 -0.5651
vn 0.0258 -0.2516 -0.9675
vn -0.0400 0.9750 -0.2186
vn 0.7670 -0.3086 0.5626
vn 0.0683 0.8482 0.5252
vn 0.0399 -0.1906 0.9809
vn 0.3382 0.7624 0.5517
vn 0.1666 -0.2741 0.9472
vn 0.7869 0.5524 0.2750
vn 0.7302 -0.4686 0.4971
vn 0.6591 0.4812 -0.5780
vn 0.5920 -0.4693 -0.6552
vn 0.1838 0.7863 -0.5899
vn -0.0342 0.8638 -0.5027
vn -0.2325 0.6701 -0.7049
vn 0.5549 -0.3646 0.7478
vn 0.0662 -0.9950 0.0748
vn 0.7044 -0.4432 -0.5544
vn -0.0146 -0.2748 -0.9614
vn -0.2961 -0.9519 -0.0784
vn 0.0541 -0.2233 -0.9732
vn 0.1151 -0.9845 -0.1321
vn 0.6529 -0.7147 -0.2507
vn 0.5826 -0.7930 -0.1780
vn -0.3181 -0.8982 0.3033
vn 0.5872 -0.6696 -0.4548
vn 0.6147 0.5476 -0.5677
vn 0.3557 0.3637 0.8609
vn -0.1136 0.9004 0.4199
vn 0.8041 0.4403 -0.3995
vn 0.2758 0.7001 0.6587
vn 0.8284 -0.3170 0.4618
vn 0.4556 -0.5096 -0.7299
vn -0.0418 -0.9367 0.3476
vn -0.0920 -0.2183 0.9715
vn -0.2106 -0.1452 0.9667
vn -0.1606 0.0638 -0.9850
vn -0.0028 0.1979 0.9802
vn -0.0135 0.2068 0.9783
vn -0.0002 0.2060 0.9786
vn -0.6110 -0.5318 0.5864
vn -0.6107 -0.5315 0.5870
vn -0.6102 -0.5326 0.5865
vn 0.4260 -0.6316 0.6478
vn 0.4255 -0.6301 0.6496
vn 0.4286 -0.6287 0.6489
vn -0.0000 -0.0000 1.0000
vn -0.8537 0.5192 0.0393
vn 0.9992 0.0020 0.0393
vn -0.0233 -0.0787 -0.9966
vn 0.9511 -0.3051 -0.0475
vn -0.6661 0.7401 -0.0920
vn 0.0076 -0.1422 -0.9898
vn 0.0117 -0.1519 -0.9883
vn 0.0227 -0.1415 -0.9897
vn 0.0002 0.2060 0.9786
vn 0.0135 0.2068 0.9783
vn 0.0028 0.1979 0.9802
vn 0.6101 -0.5328 0.5865
vn 0.6107 -0.5315 0.5870
vn 0.6112 -0.5318 0.5863
vn -0.4255 -0.6301 0.6496
vn -0.4260 -0.6316 0.6478
vn -0.4286 -0.6287 0.6489
vn 0.8537 0.5193 0.0393
vn -0.9992 0.0020 0.0393
vn 0.0012 -0.1135 -0.9935
vn -0.0000 -0.1105 -0.9939
vn -0.0012 -0.1135 -0.9935
vn 0.6661 0.7401 -0.0920
vn -0.9507 -0.3064 -0.0474
vn 0.0233 -0.0787 -0.9966
vn -0.9986 0.0112 -0.0521
vn -0.9999 0.0020 -0.0099
vn -0.9997 -0.0162 0.0197
vn -0.9995 -0.0315 -0.0001
vn -1.0000 0.0004 0.0083
vn -0.9996 -0.0148 -0.0224
vn -0.9986 0.0115 0.0521
vn 0.0105 -0.0025 -0.9999
vn 0.0102 0.0100 -0.9999
vn 0.0041 -0.0000 -1.0000
vn 0.0033 -0.0108 -0.9999
vn 0.0008 0.0002 -1.0000
vn -0.0008 0.0026 -1.0000
vn -0.0189 0.0080 -0.9998
vn -0.0000 0.0079 -1.0000
vn -0.0000 0.0236 -0.9997
vn 0.0189 0.0080 -0.9998
vn -0.0007 0.0002 -1.0000
vn 0.0008 0.0025 -1.0000
vn 0.0069 1.0000 -0.0069
vn -0.0044 1.0000 -0.0044
vn 0.0003 1.0000 -0.0000
vn -0.0069 1.0000 -0.0069
vn 0.0044 1.0000 -0.0044
vn -0.9992 0.0322 -0.0239
vn -0.9992 0.0321 0.0239
vn -0.9997 0.0241 0.0006
vn -0.9997 0.0240 -0.0000
vn 0.9986 0.0117 -0.0519
vn 0.9997 -0.0152 0.0206
vn 0.9999 0.0029 -0.0108
vn 0.9995 -0.0315 -0.0001
vn 1.0000 0.0001 0.0080
vn 0.9997 -0.0171 -0.0198
vn 0.9986 0.0108 0.0523
vn -0.0113 -0.0030 -0.9999
vn -0.0039 -0.0002 -1.0000
vn -0.0095 0.0094 -0.9999
vn -0.0033 -0.0108 -0.9999
vn -0.0008 0.0002 -1.0000
vn 0.9997 0.0227 0.0009
vn 0.9993 0.0308 0.0227
vn 0.9997 0.0228 -0.0007
vn 0.9993 0.0309 -0.0227
vn -0.0132 0.0129 -0.9998
vn 0.0063 0.0065 -1.0000
vn -0.0064 -0.0000 -1.0000
vn 0.0064 -0.0000 -1.0000
vn -0.0063 0.0065 -1.0000
vn 0.0132 0.0128 -0.9998
vn 0.0041 0.0041 -1.0000
vn -0.0000 -0.0000 -1.0000
vn -0.0001 -0.0000 -1.0000
vn -0.0042 0.0041 -1.0000
vn -0.9999 0.0157 -0.0000
vn -0.9999 0.0162 -0.0004
vn -0.9999 0.0160 0.0004
vn 0.9999 0.0171 -0.0013
vn 0.9999 0.0170 0.0013
vn 0.9998 0.0174 0.0017
vn 0.9998 0.0175 -0.0017
vn 0.9990 -0.0115 0.0430
vn 0.9997 0.0083 -0.0235
vn 0.9997 -0.0234 0.0001
vn 0.9999 0.0158 0.0001
vn 0.9997 -0.0240 -0.0001
vn 0.9997 0.0072 0.0241
vn 0.9990 -0.0117 -0.0427
vn 0.0015 -0.0014 1.0000
vn 0.0001 0.0001 1.0000
vn -0.0002 -0.0113 0.9999
vn 0.0016 -0.0002 1.0000
vn -0.0008 -0.0002 1.0000
vn -0.0029 -0.0003 1.0000
vn -0.0013 -0.0023 1.0000
vn -0.0000 -0.0078 1.0000
vn -0.0022 -0.0100 0.9999
vn 0.3881 -0.5675 0.7262
vn 0.5365 -0.7078 0.4596
vn 0.0430 -0.4964 0.8670
vn 0.3360 -0.2957 0.8942
vn -0.3831 -0.3030 0.8726
vn -0.3110 -0.5820 0.7514
vn -0.5444 -0.7846 0.2967
vn 0.0109 -0.0101 -0.9999
vn 0.0053 -0.0113 -0.9999
vn 0.0078 -0.0079 -0.9999
vn 0.0093 -0.0097 -0.9999
vn -0.0055 -1.0000 0.0055
vn -0.0000 -1.0000 -0.0000
vn 0.0055 -1.0000 0.0055
vn 0.9997 -0.0237 -0.0000
vn 0.9997 -0.0238 -0.0004
vn -0.9990 -0.0118 0.0427
vn -0.9998 -0.0136 0.0135
vn -0.9997 0.0074 -0.0239
vn -0.9999 0.0158 0.0001
vn -0.9999 -0.0116 -0.0117
vn -0.9997 0.0091 0.0232
vn -0.9990 -0.0113 -0.0434
vn -0.0014 -0.0012 1.0000
vn 0.0002 -0.0112 0.9999
vn -0.0000 0.0001 1.0000
vn -0.0016 -0.0002 1.0000
vn 0.0008 -0.0002 1.0000
vn 0.0029 -0.0003 1.0000
vn 0.0013 -0.0023 1.0000
vn 0.0022 -0.0100 0.9999
vn -0.6931 0.2901 0.6599
vn -0.7447 0.2388 0.6232
vn -0.4398 0.2205 0.8706
vn -0.4090 0.1094 0.9060
vn -0.7991 0.2928 0.5250
vn 0.3389 0.1320 0.9315
vn 0.7197 0.2282 0.6557
vn 0.7130 0.2472 0.6562
vn 0.4493 0.2128 0.8677
vn 0.6879 -0.1637 0.7071
vn 0.4426 -0.0192 0.8965
vn 0.3029 0.1754 0.9367
vn 0.0307 -0.0372 0.9988
vn -0.0145 0.0105 0.9998
vn -0.9997 -0.0237 -0.0000
vn -0.9997 -0.0238 -0.0004
vn -0.9994 -0.0239 -0.0237
vn -0.9994 -0.0240 0.0237
vn -0.0024 -0.0103 0.9999
vn 0.0024 -0.0104 0.9999
vn -0.0000 -0.0079 1.0000
vn -0.0024 -0.0104 0.9999
vn 0.0024 -0.0103 0.9999
vn 0.9997 -0.0226 0.0009
vn 0.9997 -0.0232 -0.0004
vn 0.9997 -0.0227 -0.0011
vn 0.9997 -0.0230 0.0008
vn -0.9997 -0.0227 -0.0008
vn -0.9997 -0.0231 0.0005
vn -0.9997 -0.0226 0.0011
vn -0.9997 -0.0232 -0.0000
vn 0.0055 0.0132 0.9999
vn -0.0070 0.0072 0.9999
vn -0.0000 0.0079 1.0000
vn 0.0070 0.0072 0.9999
vn -0.0055 0.0133 0.9999
vn 0.0151 -0.0077 0.9999
vn 0.0081 -0.0079 0.9999
vn 0.0028 0.0028 1.0000
vn 0.0012 -0.0000 1.0000
vn -0.0004 0.0079 1.0000
vn -0.0010 0.0157 0.9999
vn -0.0026 -0.0000 1.0000
vn -0.0049 0.0048 1.0000
vn -0.0115 0.0001 0.9999
vn -0.0076 0.0003 1.0000
vn 0.0052 0.0051 1.0000
vn -0.0011 0.0011 1.0000
vn 0.0011 0.0011 1.0000
vn -0.0052 0.0051 1.0000
vn -0.0023 -0.0102 -0.9999
vn -0.0000 -0.0079 -1.0000
vn -0.0002 -0.0075 -1.0000
vn -0.0054 -0.0133 -0.9999
vn 0.0002 -0.0110 -0.9999
vn 0.0023 -0.0102 -0.9999
vn -0.0024 0.0026 -1.0000
vn 0.0032 0.0001 -1.0000
vn 0.0010 -0.0157 -0.9999
vn -0.0021 -0.0079 -1.0000
vn 0.0036 -0.0001 -1.0000
vn -0.0046 -0.0048 -1.0000
vn -0.0034 -0.0112 -0.9999
vn 0.0032 -0.0112 -0.9999
vn -0.0000 -0.0078 -1.0000
vn -0.0032 -0.0112 -0.9999
vn 0.0034 -0.0112 -0.9999
vn -0.4670 0.2019 0.8609
vn -0.3437 0.0799 0.9357
vn -0.4785 -0.2356 0.8459
vn -0.3016 0.1780 0.9367
vn 0.0301 0.1891 0.9815
vn -0.0000 0.5307 0.8476
vt 0.952698 0.950745
vt 0.959351 0.942780
vt 0.958374 0.970184
vt 0.840698 0.025635
vt 0.848877 0.028900
vt 0.847595 0.032288
vt 0.855286 0.030945
vt 0.854645 0.034973
vt 0.861694 0.032959
vt 0.861664 0.037689
vt 0.870819 0.033020
vt 0.870972 0.037689
vt 0.879944 0.033112
vt 0.880280 0.037689
vt 0.888397 0.033875
vt 0.887909 0.030365
vt 0.896545 0.030060
vt 0.895874 0.027618
vt 0.901733 0.024475
vt 0.902069 0.025696
vt 0.907623 0.021332
vt 0.904907 0.039551
vt 0.898651 0.045471
vt 0.897430 0.042297
vt 0.890747 0.044556
vt 0.891357 0.048401
vt 0.884033 0.046814
vt 0.884094 0.051331
vt 0.874603 0.047119
vt 0.874542 0.051544
vt 0.865173 0.047424
vt 0.864990 0.051788
vt 0.856110 0.048309
vt 0.856598 0.044922
vt 0.847198 0.044830
vt 0.848022 0.042450
vt 0.841797 0.040527
vt 0.842194 0.039337
vt 0.836395 0.036224
vt 0.770203 0.982788
vt 0.758820 0.983612
vt 0.756683 0.974304
vt 0.747925 0.984406
vt 0.747650 0.974274
vt 0.740723 0.984528
vt 0.740356 0.974396
vt 0.733002 0.973969
vt 0.733490 0.984131
vt 0.722565 0.984131
vt 0.723999 0.974670
vt 0.711151 0.984131
vt 0.899384 0.955414
vt 0.918152 0.943024
vt 0.917389 0.966461
vt 0.951141 0.970581
vt 0.955811 0.995697
vt 0.947693 0.997131
vt 0.913788 0.989166
vt 0.897644 0.973877
vt 0.950836 0.016022
vt 0.935577 0.021667
vt 0.964386 0.022095
vt 0.935547 0.034973
vt 0.965973 0.034607
vt 0.965759 0.038055
vt 0.935547 0.039673
vt 0.971741 0.047791
vt 0.935547 0.050903
vt 0.935577 0.064331
vt 0.977936 0.058716
vt 0.973602 0.067474
vt 0.946106 0.071106
vt 0.961792 0.073944
vt 0.428711 0.885498
vt 0.429169 0.896973
vt 0.527008 0.885498
vt 0.527588 0.896973
vt 0.561066 0.885498
vt 0.561676 0.896973
vt 0.592651 0.885529
vt 0.593292 0.896973
vt 0.642242 0.885529
vt 0.642242 0.896973
vt 0.734131 0.885529
vt 0.734131 0.896973
vt 0.804840 0.885529
vt 0.804810 0.896973
vt 0.830811 0.885529
vt 0.830811 0.897003
vt 0.830811 0.907715
vt 0.804810 0.907715
vt 0.804810 0.917267
vt 0.830811 0.917267
vt 0.830811 0.928650
vt 0.804810 0.928650
vt 0.830811 0.942413
vt 0.804810 0.942413
vt 0.734100 0.942413
vt 0.734131 0.928650
vt 0.734131 0.917297
vt 0.734131 0.907715
vt 0.642242 0.907715
vt 0.593903 0.907715
vt 0.562286 0.907715
vt 0.528198 0.907715
vt 0.429901 0.907715
vt 0.873474 0.013794
vt 0.853455 0.010010
vt 0.873840 0.020081
vt 0.856812 0.022095
vt 0.878357 0.024811
vt 0.869965 0.038605
vt 0.888458 0.038239
vt 0.889435 0.026703
vt 0.898346 0.022552
vt 0.907074 0.038544
vt 0.918304 0.021881
vt 0.922943 0.039459
vt 0.930817 0.025879
vt 0.921021 0.060486
vt 0.916016 0.075531
vt 0.899658 0.065582
vt 0.888275 0.074036
vt 0.888458 0.078827
vt 0.860809 0.075989
vt 0.876587 0.065704
vt 0.855164 0.060791
vt 0.841034 0.065338
vt 0.843018 0.050751
vt 0.854614 0.039703
vt 0.844940 0.040131
vt 0.841034 0.026794
vt 0.838470 0.039581
vt 0.833099 0.027222
vt 0.836670 0.013855
vt 0.831696 0.016785
vt 0.832916 0.011017
vt 0.836578 0.013214
vt 0.849609 0.007690
vt 0.852417 0.009857
vt 0.893890 0.899353
vt 0.912415 0.884918
vt 0.914825 0.902405
vt 0.949707 0.897705
vt 0.944153 0.872131
vt 0.956421 0.896362
vt 0.952850 0.876495
vt 0.939362 0.851196
vt 0.947540 0.852692
vt 0.895416 0.910736
vt 0.917145 0.920349
vt 0.952576 0.924042
vt 0.958374 0.917358
vt 0.967224 0.869385
vt 0.969238 0.893097
vt 0.971313 0.917175
vt 0.971375 0.943604
vt 0.970459 0.970856
vt 0.972351 0.991058
vt 0.899231 0.014862
vt 0.918335 0.009735
vt 0.930847 0.012482
vt 0.889984 0.878082
vt 0.906738 0.863495
vt 0.897583 0.933899
vt 0.945892 0.878479
vt 0.949097 0.897339
vt 0.956543 0.896362
vt 0.958496 0.917358
vt 0.951202 0.916779
vt 0.959473 0.942780
vt 0.952545 0.943390
vt 0.951508 0.970062
vt 0.958496 0.970184
vt 0.952942 0.876495
vt 0.431915 0.942413
vt 0.430878 0.928680
vt 0.530151 0.942413
vt 0.529297 0.928680
vt 0.430359 0.917328
vt 0.528687 0.917328
vt 0.528168 0.907715
vt 0.804810 0.897003
vt 0.562805 0.917297
vt 0.563416 0.928680
vt 0.564209 0.942413
vt 0.918030 0.021912
vt 0.922760 0.039520
vt 0.935547 0.050934
vt 0.642242 0.917297
vt 0.594421 0.917297
vt 0.595032 0.928680
vt 0.595825 0.942413
vt 0.856445 0.022217
vt 0.833191 0.027283
vt 0.854309 0.039856
vt 0.855194 0.060944
vt 0.876648 0.065796
vt 0.888336 0.074127
vt 0.899689 0.065674
vt 0.921021 0.060547
vt 0.906860 0.038635
vt 0.888336 0.038330
vt 0.869690 0.038696
vt 0.964447 0.022156
vt 0.243378 0.253296
vt 0.226990 0.232330
vt 0.221191 0.242737
vt 0.211517 0.235840
vt 0.224609 0.226105
vt 0.212158 0.230225
vt 0.224152 0.222534
vt 0.214569 0.209473
vt 0.222260 0.208160
vt 0.222809 0.188446
vt 0.214630 0.191467
vt 0.214722 0.173431
vt 0.223358 0.168732
vt 0.215729 0.156677
vt 0.207520 0.165375
vt 0.201721 0.156189
vt 0.189697 0.171356
vt 0.198273 0.176025
vt 0.197815 0.192749
vt 0.205994 0.193115
vt 0.205780 0.208801
vt 0.201721 0.233673
vt 0.197327 0.209473
vt 0.189545 0.229340
vt 0.189606 0.208435
vt 0.177307 0.233521
vt 0.181854 0.209381
vt 0.173401 0.210052
vt 0.166565 0.226807
vt 0.164642 0.209167
vt 0.156952 0.207764
vt 0.156494 0.188049
vt 0.164642 0.191162
vt 0.156067 0.168335
vt 0.164673 0.173126
vt 0.163788 0.156342
vt 0.171936 0.165161
vt 0.177765 0.156036
vt 0.181122 0.175934
vt 0.181488 0.192657
vt 0.173279 0.192932
vt 0.189636 0.191437
vt 0.681702 0.669098
vt 0.684509 0.653870
vt 0.689331 0.668671
vt 0.691589 0.645752
vt 0.667633 0.645386
vt 0.669708 0.641388
vt 0.646332 0.646454
vt 0.651245 0.653870
vt 0.658447 0.669037
vt 0.649933 0.668579
vt 0.620026 0.663025
vt 0.645142 0.691681
vt 0.657410 0.685822
vt 0.670868 0.721588
vt 0.663452 0.726898
vt 0.672668 0.761841
vt 0.649200 0.763489
vt 0.644745 0.777161
vt 0.614288 0.776398
vt 0.611938 0.784851
vt 0.579163 0.763336
vt 0.572174 0.774292
vt 0.549500 0.755463
vt 0.563751 0.775879
vt 0.555481 0.792023
vt 0.583862 0.801666
vt 0.575989 0.822083
vt 0.612823 0.804077
vt 0.609497 0.823395
vt 0.649078 0.797394
vt 0.647949 0.818604
vt 0.673828 0.791840
vt 0.674438 0.809204
vt 0.704773 0.819427
vt 0.694946 0.841644
vt 0.714569 0.843994
vt 0.741364 0.820557
vt 0.748779 0.837372
vt 0.782867 0.839478
vt 0.773376 0.816406
vt 0.812012 0.832703
vt 0.795776 0.807220
vt 0.842834 0.810425
vt 0.842285 0.828186
vt 0.295349 0.235748
vt 0.275146 0.241974
vt 0.294861 0.232574
vt 0.274200 0.238190
vt 0.301147 0.257294
vt 0.277466 0.260040
vt 0.274292 0.257812
vt 0.271942 0.243256
vt 0.270660 0.221344
vt 0.289337 0.214752
vt 0.303589 0.252747
vt 0.298279 0.235504
vt 0.783539 0.995575
vt 0.785370 0.995300
vt 0.783722 0.996307
vt 0.785553 0.995911
vt 0.788177 0.995300
vt 0.788361 0.995972
vt 0.790863 0.994629
vt 0.791077 0.995270
vt 0.792786 0.994751
vt 0.793915 0.995331
vt 0.793243 0.994781
vt 0.796082 0.995026
vt 0.796204 0.995392
vt 0.798523 0.994690
vt 0.798950 0.995178
vt 0.802094 0.994812
vt 0.803680 0.995239
vt 0.804901 0.994690
vt 0.804901 0.995026
vt 0.807709 0.994843
vt 0.806183 0.995209
vt 0.811035 0.994873
vt 0.811005 0.994446
vt 0.813660 0.994934
vt 0.813629 0.994598
vt 0.816467 0.994476
vt 0.816589 0.993988
vt 0.817047 0.993896
vt 0.816528 0.993286
vt 0.817139 0.993378
vt 0.816498 0.992615
vt 0.817200 0.992889
vt 0.816895 0.991882
vt 0.817413 0.991882
vt 0.816864 0.989929
vt 0.817474 0.989807
vt 0.817200 0.987488
vt 0.817627 0.987457
vt 0.817322 0.985718
vt 0.817841 0.985748
vt 0.817261 0.983215
vt 0.817657 0.983215
vt 0.817169 0.980865
vt 0.817932 0.980835
vt 0.817322 0.978149
vt 0.817719 0.978149
vt 0.817291 0.975525
vt 0.817993 0.975464
vt 0.817596 0.972961
vt 0.818146 0.972351
vt 0.817291 0.971710
vt 0.818237 0.971619
vt 0.817505 0.971222
vt 0.814972 0.971130
vt 0.814880 0.971619
vt 0.812439 0.970734
vt 0.812469 0.971283
vt 0.809662 0.971619
vt 0.809601 0.971222
vt 0.806366 0.971344
vt 0.806244 0.970886
vt 0.804962 0.971558
vt 0.804901 0.971100
vt 0.803558 0.971741
vt 0.803558 0.971313
vt 0.801971 0.971100
vt 0.801910 0.971558
vt 0.800293 0.971375
vt 0.800385 0.970886
vt 0.797424 0.971436
vt 0.797424 0.971893
vt 0.794556 0.971741
vt 0.794556 0.971191
vt 0.792114 0.972229
vt 0.792053 0.971741
vt 0.789581 0.972565
vt 0.789307 0.971924
vt 0.788788 0.972290
vt 0.788910 0.972900
vt 0.789551 0.973907
vt 0.790039 0.976288
vt 0.789215 0.976288
vt 0.790283 0.978912
vt 0.789825 0.978943
vt 0.790771 0.981598
vt 0.789978 0.981659
vt 0.790894 0.983490
vt 0.790497 0.983459
vt 0.791382 0.986481
vt 0.790802 0.986511
vt 0.791809 0.988312
vt 0.791412 0.988251
vt 0.792419 0.990601
vt 0.791840 0.990540
vt 0.792786 0.993073
vt 0.792297 0.992584
vt 0.792572 0.993561
vt 0.793030 0.993561
vt 0.792664 0.994171
vt 0.793121 0.994171
vt 0.856140 0.828369
vt 0.850586 0.824066
vt 0.892487 0.811432
vt 0.846954 0.778778
vt 0.932068 0.806335
vt 0.918091 0.759674
vt 0.839417 0.743713
vt 0.902435 0.697388
vt 0.837616 0.707642
vt 0.888672 0.630859
vt 0.831543 0.683563
vt 0.827728 0.643066
vt 0.881226 0.597626
vt 0.820709 0.619995
vt 0.815582 0.589905
vt 0.809937 0.562439
vt 0.867096 0.548553
vt 0.806824 0.549561
vt 0.863129 0.537598
vt 0.817017 0.542511
vt 0.805511 0.541626
vt 0.804169 0.533691
vt 0.827209 0.535461
vt 0.859131 0.526642
vt 0.892914 0.526703
vt 0.905853 0.533295
vt 0.914642 0.523010
vt 0.916718 0.531464
vt 0.918793 0.539886
vt 0.338745 0.238892
vt 0.323547 0.237305
vt 0.338196 0.237274
vt 0.323578 0.235107
vt 0.307678 0.237885
vt 0.307648 0.235474
vt 0.291718 0.235504
vt 0.291809 0.237671
vt 0.277283 0.238129
vt 0.276886 0.239929
vt 0.336975 0.235046
vt 0.323425 0.233276
vt 0.307617 0.233582
vt 0.291809 0.233673
vt 0.278046 0.235840
vt 0.337158 0.240570
vt 0.323181 0.239166
vt 0.307709 0.239807
vt 0.292236 0.239471
vt 0.279083 0.241486
vt 0.339355 0.234863
vt 0.341003 0.238464
vt 0.035980 0.774536
vt 0.038239 0.760559
vt 0.063141 0.777435
vt 0.100098 0.784180
vt 0.049805 0.724762
vt 0.126007 0.715179
vt 0.053833 0.703278
vt 0.069122 0.667908
vt 0.144531 0.624786
vt 0.072113 0.638306
vt 0.084137 0.600922
vt 0.087280 0.576141
vt 0.159515 0.567719
vt 0.097839 0.550873
vt 0.168030 0.535278
vt 0.104584 0.532532
vt 0.111725 0.520325
vt 0.156830 0.522034
vt 0.128693 0.514557
vt 0.112244 0.511200
vt 0.145630 0.508789
vt 0.112762 0.502045
vt 0.993225 0.786743
vt 0.960358 0.791565
vt 0.996277 0.778625
vt 0.977844 0.738708
vt 0.973022 0.716675
vt 0.958466 0.684540
vt 0.957275 0.654205
vt 0.940979 0.619537
vt 0.938171 0.594543
vt 0.925659 0.569183
vt 0.925781 0.550598
vt 0.135559 0.252655
vt 0.157806 0.242371
vt 0.152069 0.231842
vt 0.154480 0.225677
vt 0.167511 0.235565
vt 0.154968 0.222107
vt 0.317413 0.232910
vt 0.337860 0.239197
vt 0.316803 0.236053
vt 0.336792 0.242950
vt 0.580231 0.636353
vt 0.596283 0.626709
vt 0.580414 0.637390
vt 0.599518 0.628723
vt 0.619873 0.614838
vt 0.623749 0.619476
vt 0.637939 0.615021
vt 0.634125 0.608704
vt 0.668396 0.605835
vt 0.668640 0.612854
vt 0.699493 0.614471
vt 0.702850 0.607910
vt 0.717499 0.612976
vt 0.713989 0.617859
vt 0.741913 0.623077
vt 0.738831 0.625305
vt 0.768707 0.627930
vt 0.758636 0.631531
vt 0.771545 0.627808
vt 0.760223 0.631409
vt 0.741211 0.621094
vt 0.745178 0.616608
vt 0.723602 0.616638
vt 0.725861 0.606201
vt 0.702026 0.613983
vt 0.703430 0.601501
vt 0.679199 0.614136
vt 0.678986 0.600281
vt 0.663086 0.614319
vt 0.662567 0.599915
vt 0.646149 0.599792
vt 0.646973 0.613617
vt 0.621857 0.602814
vt 0.624207 0.615143
vt 0.599854 0.609161
vt 0.602844 0.619385
vt 0.585632 0.625122
vt 0.581329 0.620941
vt 0.578644 0.636383
vt 0.577698 0.636536
vt 0.311340 0.257446
vt 0.332672 0.263214
vt 0.336182 0.261322
vt 0.339966 0.244324
vt 0.341949 0.222443
vt 0.323486 0.215271
vt 0.307068 0.252869
vt 0.313873 0.235748
vt 0.826965 0.994293
vt 0.826477 0.995087
vt 0.824860 0.994049
vt 0.824646 0.994568
vt 0.821686 0.994873
vt 0.821869 0.994171
vt 0.818848 0.994415
vt 0.819000 0.993774
vt 0.501160 0.831238
vt 0.497345 0.837830
vt 0.502808 0.789856
vt 0.463470 0.828369
vt 0.433746 0.785004
vt 0.427917 0.828369
vt 0.372711 0.780701
vt 0.400940 0.822479
vt 0.370483 0.821808
vt 0.368622 0.816162
vt 0.275085 0.236420
vt 0.274719 0.241028
vt 0.360718 0.819794
vt 0.337952 0.816132
vt 0.363495 0.811584
vt 0.308136 0.815826
vt 0.365875 0.779541
vt 0.296326 0.735016
vt 0.369995 0.739655
vt 0.369324 0.712708
vt 0.312164 0.647308
vt 0.374817 0.680206
vt 0.378601 0.645264
vt 0.382324 0.620544
vt 0.318146 0.587708
vt 0.383301 0.593353
vt 0.383301 0.573395
vt 0.321198 0.557312
vt 0.382812 0.558960
vt 0.336761 0.546875
vt 0.367554 0.547699
vt 0.384552 0.548859
vt 0.386292 0.538727
vt 0.352295 0.536407
vt 0.312195 0.541626
vt 0.244232 0.546021
vt 0.238770 0.577759
vt 0.228516 0.637085
vt 0.213562 0.722809
vt 0.233154 0.804504
vt 0.274963 0.806305
vt 0.511078 0.839905
vt 0.507568 0.822937
vt 0.539886 0.840790
vt 0.554840 0.816376
vt 0.528839 0.788513
vt 0.511353 0.789001
vt 0.511047 0.754150
vt 0.543365 0.720032
vt 0.512878 0.718140
vt 0.539246 0.694733
vt 0.511749 0.686890
vt 0.525055 0.675995
vt 0.516998 0.657288
vt 0.510834 0.653687
vt 0.512238 0.630157
vt 0.521179 0.638641
vt 0.534027 0.616302
vt 0.516205 0.597900
vt 0.515839 0.572052
vt 0.552216 0.587311
vt 0.520782 0.562073
vt 0.553619 0.561462
vt 0.537903 0.548859
vt 0.520264 0.553101
vt 0.519745 0.544128
vt 0.554993 0.535645
vt 0.586273 0.537872
vt 0.587494 0.549835
vt 0.588745 0.561798
vt 0.567505 0.600250
vt 0.539124 0.627228
vt 0.530151 0.647125
vt 0.523163 0.660889
vt 0.532471 0.686157
vt 0.552490 0.693115
vt 0.565338 0.689758
vt 0.557251 0.696777
vt 0.562927 0.726990
vt 0.611969 0.727753
vt 0.607819 0.681671
vt 0.604004 0.669067
vt 0.621613 0.651581
vt 0.639252 0.630341
vt 0.669189 0.627686
vt 0.699341 0.629852
vt 0.718475 0.649750
vt 0.720917 0.661041
vt 0.683411 0.686279
vt 0.695892 0.691345
vt 0.678253 0.727173
vt 0.695648 0.762482
vt 0.706268 0.777863
vt 0.673248 0.776855
vt 0.647980 0.785706
vt 0.612701 0.793396
vt 0.589142 0.789886
vt 0.701691 0.798248
vt 0.736847 0.801697
vt 0.764191 0.796967
vt 0.792603 0.785187
vt 0.758270 0.785400
vt 0.782684 0.769806
vt 0.773987 0.768890
vt 0.796265 0.751068
vt 0.794647 0.786926
vt 0.816895 0.776794
vt 0.837128 0.778839
vt 0.834015 0.743988
vt 0.675629 0.012329
vt 0.705322 0.041382
vt 0.649170 0.048584
vt 0.677765 0.066895
vt 0.664734 0.101501
vt 0.631134 0.094757
vt 0.665039 0.136566
vt 0.631561 0.143829
vt 0.678650 0.170868
vt 0.650421 0.189697
vt 0.677551 0.225464
vt 0.706818 0.195984
vt 0.715210 0.163788
vt 0.720245 0.165649
vt 0.724426 0.167633
vt 0.727631 0.142273
vt 0.733917 0.144043
vt 0.729431 0.118561
vt 0.733917 0.118591
vt 0.727081 0.094666
vt 0.733917 0.091644
vt 0.719360 0.071411
vt 0.723572 0.069305
vt 0.713898 0.073792
vt 0.722443 0.101929
vt 0.723450 0.118561
vt 0.722412 0.135345
vt 0.702881 0.152405
vt 0.694336 0.130615
vt 0.713806 0.118561
vt 0.702332 0.084930
vt 0.694183 0.107086
vt 0.676331 0.012054
vt 0.704590 0.041321
vt 0.649719 0.049072
vt 0.678680 0.065094
vt 0.705292 0.085541
vt 0.664062 0.100128
vt 0.631531 0.094849
vt 0.664276 0.138611
vt 0.631836 0.144287
vt 0.679352 0.173462
vt 0.650574 0.189819
vt 0.677612 0.226501
vt 0.705536 0.196930
vt 0.705719 0.152710
vt 0.695099 0.131073
vt 0.694946 0.107330
vt 0.714386 0.112488
vt 0.723083 0.101715
vt 0.724213 0.113983
vt 0.730469 0.114868
vt 0.730743 0.122833
vt 0.733917 0.124054
vt 0.733917 0.114929
vt 0.733917 0.097382
vt 0.733917 0.087921
vt 0.733917 0.087952
vt 0.724487 0.069000
vt 0.720490 0.071411
vt 0.715576 0.074921
vt 0.728424 0.094727
vt 0.733917 0.140808
vt 0.728607 0.143158
vt 0.733917 0.149902
vt 0.721008 0.166595
vt 0.725098 0.168976
vt 0.715607 0.162750
vt 0.723633 0.136047
vt 0.714478 0.125641
vt 0.724701 0.123871
vt 0.764740 0.114929
vt 0.764740 0.124023
vt 0.749084 0.114929
vt 0.749084 0.124023
vt 0.749115 0.149902
vt 0.749115 0.140808
vt 0.764679 0.140808
vt 0.764709 0.149902
vt 0.749115 0.087921
vt 0.749084 0.097382
vt 0.764679 0.097382
vt 0.764709 0.087921
vt 0.678680 0.174316
vt 0.705292 0.153839
vt 0.664062 0.139252
vt 0.664307 0.100769
vt 0.679352 0.065918
vt 0.705750 0.086700
vt 0.695099 0.108337
vt 0.694916 0.132080
vt 0.714386 0.126923
vt 0.723053 0.137665
vt 0.724182 0.125427
vt 0.730438 0.124542
vt 0.730713 0.116577
vt 0.733917 0.124023
vt 0.720490 0.167969
vt 0.715607 0.164490
vt 0.728363 0.144653
vt 0.728638 0.096252
vt 0.721039 0.072815
vt 0.715637 0.076660
vt 0.723633 0.103363
vt 0.714447 0.113770
vt 0.724701 0.115540
vt 0.678802 0.170746
vt 0.663757 0.136719
vt 0.663330 0.101166
vt 0.677612 0.066803
vt 0.714294 0.073151
vt 0.719299 0.071167
vt 0.727142 0.094391
vt 0.729431 0.118073
vt 0.727539 0.141998
vt 0.720306 0.165405
vt 0.714783 0.163147
vt 0.722778 0.134857
vt 0.723450 0.118195
vt 0.722046 0.101440
vt 0.702209 0.084778
vt 0.694092 0.106750
vt 0.713806 0.118378
vt 0.703003 0.152252
vt 0.694366 0.130463
vt 0.859131 0.964905
vt 0.859741 0.965057
vt 0.858673 0.967926
vt 0.859100 0.968018
vt 0.859161 0.971100
vt 0.858551 0.971039
vt 0.857635 0.973297
vt 0.858185 0.973480
vt 0.857788 0.976135
vt 0.857147 0.976105
vt 0.857605 0.977112
vt 0.857086 0.976624
vt 0.856903 0.977661
vt 0.856537 0.980469
vt 0.855957 0.980377
vt 0.856110 0.982208
vt 0.855621 0.981995
vt 0.854919 0.984711
vt 0.854340 0.984650
vt 0.854675 0.987061
vt 0.854065 0.986877
vt 0.853485 0.989746
vt 0.853058 0.989685
vt 0.853333 0.991669
vt 0.852814 0.991577
vt 0.852417 0.993652
vt 0.851929 0.993469
vt 0.851990 0.994995
vt 0.851349 0.994843
vt 0.850769 0.995758
vt 0.851471 0.995880
vt 0.851379 0.996521
vt 0.850708 0.996460
vt 0.851318 0.997162
vt 0.850677 0.997131
vt 0.850464 0.997650
vt 0.847931 0.996643
vt 0.847809 0.997223
vt 0.843567 0.996796
vt 0.843689 0.996307
vt 0.839264 0.996094
vt 0.839325 0.995667
vt 0.834747 0.995331
vt 0.834686 0.995789
vt 0.830627 0.994568
vt 0.830536 0.995148
vt 0.827789 0.994873
vt 0.827789 0.994385
vt 0.827026 0.994293
vt 0.827942 0.993622
vt 0.827087 0.993500
vt 0.828094 0.992859
vt 0.827179 0.992706
vt 0.827393 0.991699
vt 0.828033 0.991760
vt 0.828033 0.990265
vt 0.827301 0.990295
vt 0.828125 0.988220
vt 0.827698 0.988190
vt 0.828430 0.986359
vt 0.827820 0.986298
vt 0.828766 0.983734
vt 0.828308 0.983765
vt 0.829224 0.981293
vt 0.828430 0.981171
vt 0.829163 0.979248
vt 0.828796 0.979370
vt 0.829498 0.976257
vt 0.828918 0.976166
vt 0.829285 0.973480
vt 0.829712 0.973816
vt 0.829926 0.973206
vt 0.829865 0.972595
vt 0.831848 0.973480
vt 0.831848 0.972961
vt 0.834320 0.973511
vt 0.834412 0.973236
vt 0.837097 0.974243
vt 0.837219 0.973572
vt 0.840607 0.974365
vt 0.840607 0.974030
vt 0.843353 0.974304
vt 0.843231 0.975067
vt 0.846832 0.974792
vt 0.846863 0.975159
vt 0.849548 0.975128
vt 0.849426 0.975800
vt 0.851746 0.975555
vt 0.851746 0.975891
vt 0.854950 0.975891
vt 0.854828 0.976410
vt 0.830231 0.961853
vt 0.831116 0.961609
vt 0.830017 0.964569
vt 0.830475 0.964600
vt 0.829834 0.967621
vt 0.829193 0.967560
vt 0.830231 0.969971
vt 0.829681 0.970001
vt 0.829285 0.972626
vt 0.346649 0.973877
vt 0.316895 0.973816
vt 0.354340 0.934235
vt 0.295471 0.886932
vt 0.285980 0.976471
vt 0.252106 0.968842
vt 0.193268 0.875488
vt 0.211243 0.969910
vt 0.195038 0.967010
vt 0.178833 0.964111
vt 0.159668 0.962860
vt 0.140503 0.961639
vt 0.086029 0.859711
vt 0.106995 0.949127
vt 0.072662 0.947784
vt 0.043732 0.937500
vt 0.017334 0.889862
vt 0.011566 0.930145
vt 0.291626 0.217194
vt 0.322021 0.217194
vt 0.291626 0.247589
vt 0.322021 0.247589
vt 0.393036 0.493530
vt 0.393494 0.501312
vt 0.392548 0.485718
vt 0.379395 0.475220
vt 0.370575 0.494263
vt 0.369965 0.476288
vt 0.360504 0.477356
vt 0.357910 0.467285
vt 0.367828 0.462524
vt 0.391632 0.470093
vt 0.218506 0.284546
vt 0.241486 0.279297
vt 0.218445 0.287903
vt 0.245392 0.283875
vt 0.218048 0.293091
vt 0.253143 0.287018
vt 0.257141 0.305328
vt 0.219147 0.309937
vt 0.259644 0.337555
vt 0.233002 0.336670
vt 0.264740 0.358734
vt 0.305420 0.337341
vt 0.305481 0.351807
vt 0.351196 0.336548
vt 0.346588 0.357819
vt 0.377838 0.335083
vt 0.353058 0.304260
vt 0.391144 0.308075
vt 0.356506 0.285919
vt 0.391754 0.291229
vt 0.391113 0.286102
vt 0.364014 0.282623
vt 0.367737 0.277985
vt 0.388855 0.282318
vt 0.390930 0.282745
vt 0.995880 0.333282
vt 0.992218 0.307709
vt 0.974182 0.333191
vt 0.995880 0.286865
vt 0.995880 0.261261
vt 0.974213 0.245575
vt 0.995880 0.245575
vt 0.995880 0.228485
vt 0.974182 0.163177
vt 0.995880 0.203156
vt 0.993134 0.183502
vt 0.995880 0.163177
vt 0.878571 0.406647
vt 0.878540 0.389648
vt 0.849182 0.406647
vt 0.878510 0.369598
vt 0.854492 0.369843
vt 0.878601 0.343567
vt 0.862213 0.333252
vt 0.878601 0.333130
vt 0.878632 0.296478
vt 0.901794 0.296295
vt 0.878387 0.333099
vt 0.901581 0.333191
vt 0.922211 0.333038
vt 0.943481 0.333008
vt 0.943542 0.301331
vt 0.958649 0.333069
vt 0.958649 0.245575
vt 0.878693 0.085815
vt 0.855804 0.085785
vt 0.878693 0.101349
vt 0.852997 0.124146
vt 0.878601 0.122192
vt 0.878662 0.143219
vt 0.862213 0.163177
vt 0.878632 0.163147
vt 0.878662 0.197144
vt 0.901855 0.197235
vt 0.877075 0.163147
vt 0.901764 0.163177
vt 0.920135 0.163086
vt 0.943695 0.163086
vt 0.943634 0.192352
vt 0.958649 0.163177
vt 0.803284 0.406647
vt 0.819550 0.406647
vt 0.800537 0.394714
vt 0.803284 0.371857
vt 0.819550 0.371033
vt 0.819550 0.333313
vt 0.801605 0.352539
vt 0.803284 0.333466
vt 0.803284 0.323059
vt 0.819550 0.245575
vt 0.803284 0.298187
vt 0.803284 0.245575
vt 0.803284 0.201935
vt 0.819550 0.163177
vt 0.803284 0.176758
vt 0.803284 0.163239
vt 0.801453 0.145142
vt 0.803253 0.124847
vt 0.819550 0.124512
vt 0.819550 0.085785
vt 0.862213 0.245575
vt 0.878693 0.245575
vt 0.901978 0.245575
vt 0.943604 0.245575
vt 0.803253 0.085815
vt 0.801422 0.101898
vt 0.272491 0.409515
vt 0.274170 0.403839
vt 0.284088 0.416168
vt 0.283752 0.413727
vt 0.285217 0.409454
vt 0.303345 0.410950
vt 0.303467 0.404205
vt 0.321533 0.409882
vt 0.318298 0.403992
vt 0.330139 0.402405
vt 0.318390 0.378815
vt 0.341125 0.382294
vt 0.332764 0.404602
vt 0.322845 0.414124
vt 0.303284 0.416534
vt 0.303253 0.418823
vt 0.279877 0.424957
vt 0.314911 0.427277
vt 0.322449 0.416443
vt 0.262634 0.425995
vt 0.274170 0.431305
vt 0.258514 0.425110
vt 0.272644 0.433014
vt 0.254944 0.424347
vt 0.271332 0.434479
vt 0.247284 0.422699
vt 0.268463 0.437683
vt 0.319275 0.435852
vt 0.320709 0.438690
vt 0.351318 0.423706
vt 0.358917 0.421875
vt 0.345032 0.362946
vt 0.343079 0.372620
vt 0.324768 0.357605
vt 0.321564 0.368195
vt 0.342163 0.377106
vt 0.320099 0.373108
vt 0.303925 0.373871
vt 0.303833 0.379852
vt 0.288635 0.403625
vt 0.276855 0.401703
vt 0.266479 0.381226
vt 0.317810 0.432983
vt 0.318604 0.434509
vt 0.347809 0.424561
vt 0.343719 0.425537
vt 0.334259 0.410309
vt 0.263153 0.361725
vt 0.283569 0.356964
vt 0.264832 0.371490
vt 0.286438 0.367676
vt 0.265594 0.375977
vt 0.287781 0.372650
vt 0.289307 0.378387
vt 0.528717 0.917328
vt 0.642242 0.928680
vt 0.642242 0.942413
vt 0.529327 0.928680
vt 0.872284 0.055511
vt 0.888123 0.054199
vt 0.904358 0.054077
vt 0.888123 0.065094
vt 0.173157 0.174957
vt 0.675323 0.839294
vt 0.658569 0.841919
vt 0.641785 0.844543
vt 0.602386 0.841034
vt 0.568848 0.845520
vt 0.558746 0.793365
vt 0.127838 0.785614
vt 0.158417 0.793915
vt 0.201874 0.795105
vt 0.196411 0.513123
vt 0.182220 0.524200
vt 0.248352 0.521729
vt 0.246277 0.533875
vt 0.303223 0.525940
vt 0.506073 0.754364
vt 0.438141 0.715759
vt 0.503510 0.718384
vt 0.441864 0.648621
vt 0.506714 0.687103
vt 0.504547 0.653503
vt 0.507141 0.630554
vt 0.444458 0.610046
vt 0.509155 0.599548
vt 0.509705 0.571899
vt 0.512390 0.558655
vt 0.450836 0.566437
vt 0.501587 0.552795
vt 0.513245 0.552002
vt 0.514069 0.545349
vt 0.490753 0.546936
vt 0.453705 0.554077
vt 0.456573 0.541718
vt 0.407227 0.552063
vt 0.420776 0.543304
vt 0.395447 0.540039
vt 0.394592 0.550415
vt 0.393707 0.560822
vt 0.374451 0.737915
vt 0.378754 0.713989
vt 0.380096 0.679871
vt 0.385864 0.646210
vt 0.387451 0.620941
vt 0.392273 0.593109
vt 0.391022 0.574219
vt 0.361908 0.893890
vt 0.357117 0.862946
vt 0.361359 0.827850
vt 0.337708 0.823151
vt 0.307312 0.819641
vt 0.273682 0.815002
vt 0.233032 0.809113
vt 0.200226 0.805237
vt 0.158813 0.798859
vt 0.126373 0.794403
vt 0.100006 0.788818
vt 0.061737 0.784424
vt 0.035339 0.781464
vt 0.029541 0.818512
vt 0.018768 0.848633
vt 0.354736 0.490906
vt 0.336212 0.490875
vt 0.334625 0.485565
vt 0.316895 0.490845
vt 0.303711 0.485596
vt 0.303741 0.490814
vt 0.290619 0.491119
vt 0.272766 0.486176
vt 0.271362 0.491882
vt 0.247375 0.478119
vt 0.253021 0.493286
vt 0.242157 0.495178
vt 0.234802 0.479431
vt 0.247803 0.468628
vt 0.222198 0.480713
vt 0.239197 0.463470
vt 0.215271 0.471619
vt 0.216614 0.442505
vt 0.257874 0.440033
vt 0.267517 0.449371
vt 0.275421 0.472351
vt 0.303497 0.466248
vt 0.303314 0.451080
vt 0.331757 0.472107
vt 0.339264 0.449554
vt 0.348511 0.439484
vt 0.389923 0.441101
vt 0.304169 0.357574
vt 0.303986 0.368713
vt 0.231323 0.497070
vt 0.213226 0.503601
vt 0.213745 0.495605
vt 0.214233 0.487610
vt 0.303314 0.449921
vt 0.444763 0.253143
vt 0.534302 0.203308
vt 0.542511 0.209259
vt 0.555450 0.138245
vt 0.565582 0.138245
vt 0.534302 0.073181
vt 0.542511 0.067261
vt 0.478973 0.032990
vt 0.444763 0.023376
vt 0.410553 0.032990
vt 0.355225 0.073181
vt 0.347046 0.067261
vt 0.334076 0.138245
vt 0.323975 0.138245
vt 0.355225 0.203308
vt 0.347046 0.209259
vt 0.410553 0.243530
vt 0.478973 0.243530
vt 0.522369 0.194641
vt 0.540680 0.138245
vt 0.522369 0.081879
vt 0.474396 0.047028
vt 0.415131 0.047028
vt 0.367157 0.081879
vt 0.348846 0.138245
vt 0.367157 0.194641
vt 0.415131 0.229462
vt 0.474396 0.229462
vt 0.514740 0.189087
vt 0.531250 0.138245
vt 0.514740 0.087433
vt 0.471497 0.056000
vt 0.418030 0.056000
vt 0.374786 0.087433
vt 0.358276 0.138245
vt 0.374786 0.189087
vt 0.418030 0.220490
vt 0.471497 0.220490
vt 0.508392 0.184479
vt 0.523407 0.138245
vt 0.508392 0.092041
vt 0.469055 0.063446
vt 0.420471 0.063446
vt 0.381134 0.092041
vt 0.366119 0.138245
vt 0.381134 0.184479
vt 0.420471 0.213043
vt 0.469055 0.213043
vt 0.500214 0.178528
vt 0.513306 0.138245
vt 0.500214 0.097961
vt 0.465942 0.073059
vt 0.423584 0.073059
vt 0.389313 0.097961
vt 0.376221 0.138245
vt 0.389313 0.178528
vt 0.423584 0.203430
vt 0.465942 0.203430
vt 0.444763 0.138245
vt 0.104187 0.090820
vt 0.063049 0.060944
vt 0.063049 0.109314
vt 0.021912 0.090820
vt 0.012207 0.060944
vt 0.021912 0.031036
vt 0.063049 0.012573
vt 0.104187 0.031036
vt 0.113922 0.060944
vt 0.662018 0.585083
vt 0.676819 0.584869
vt 0.677917 0.592560
vt 0.699188 0.583221
vt 0.701324 0.592346
vt 0.722534 0.581482
vt 0.723663 0.593964
vt 0.751587 0.602570
vt 0.748199 0.609222
vt 0.780518 0.632111
vt 0.662292 0.592499
vt 0.646667 0.592010
vt 0.647186 0.584259
vt 0.624756 0.584259
vt 0.623291 0.593536
vt 0.601349 0.584259
vt 0.601135 0.596771
vt 0.573914 0.607422
vt 0.577789 0.613800
vt 0.567932 0.638336
vt 0.561920 0.644043
vt 0.570679 0.648834
vt 0.550018 0.648438
vt 0.556061 0.636780
vt 0.572327 0.605652
vt 0.600372 0.581726
vt 0.620148 0.567169
vt 0.627716 0.564850
vt 0.628204 0.562592
vt 0.642090 0.561523
vt 0.646210 0.563416
vt 0.649902 0.561615
vt 0.661163 0.562256
vt 0.661255 0.564270
vt 0.672424 0.562073
vt 0.676270 0.564026
vt 0.680176 0.561798
vt 0.694092 0.561829
vt 0.694824 0.564087
vt 0.702515 0.565826
vt 0.723297 0.578888
vt 0.752899 0.602081
vt 0.792358 0.633728
vt 0.783936 0.641022
vt 0.771606 0.637848
vt 0.766449 0.643524
vt 0.765411 0.637848
vt 0.737335 0.637726
vt 0.715576 0.632904
vt 0.623260 0.634552
vt 0.601929 0.640961
vt 0.580994 0.647827
vt 0.588470 0.662720
vt 0.603973 0.654541
vt 0.736298 0.651398
vt 0.754272 0.650238
vt 0.760254 0.654480
vt 0.767395 0.657379
vt 0.765350 0.673615
vt 0.777618 0.660248
vt 0.775513 0.672272
vt 0.789459 0.679260
vt 0.772400 0.686707
vt 0.757172 0.665466
vt 0.750885 0.661835
vt 0.737335 0.665863
vt 0.732330 0.679016
vt 0.756805 0.673401
vt 0.764343 0.681366
vt 0.772278 0.690033
vt 0.774261 0.692047
vt 0.765289 0.690369
vt 0.730225 0.725098
vt 0.731750 0.773468
vt 0.734863 0.781647
vt 0.702148 0.786011
vt 0.735718 0.790436
vt 0.588715 0.674805
vt 0.577942 0.659058
vt 0.566772 0.663177
vt 0.561768 0.652100
vt 0.552063 0.654480
vt 0.554291 0.665710
vt 0.569397 0.675201
vt 0.579163 0.669983
vt 0.573761 0.679504
vt 0.579956 0.684387
vt 0.576111 0.695496
vt 0.564423 0.687103
vt 0.556824 0.677704
vt 0.548584 0.682922
vt 0.766205 0.758331
vt 0.779633 0.721100
vt 0.797943 0.712860
vt 0.793274 0.694580
vt 0.828156 0.708282
vt 0.826660 0.683411
vt 0.812012 0.679657
vt 0.819305 0.654572
vt 0.820831 0.643524
vt 0.815674 0.619110
vt 0.815186 0.634796
vt 0.803223 0.608124
vt 0.808594 0.589111
vt 0.804138 0.556030
vt 0.770386 0.582214
vt 0.801239 0.549561
vt 0.767517 0.556152
vt 0.782959 0.539825
vt 0.799988 0.541443
vt 0.798737 0.533295
vt 0.764679 0.530121
vt 0.734436 0.545776
vt 0.735657 0.534485
vt 0.692322 0.544128
vt 0.692780 0.533142
vt 0.660156 0.545471
vt 0.659363 0.534729
vt 0.625854 0.532593
vt 0.627777 0.544220
vt 0.629120 0.552124
vt 0.629730 0.555847
vt 0.597504 0.574158
vt 0.598480 0.576660
vt 0.599426 0.579193
vt 0.605072 0.571808
vt 0.629211 0.558105
vt 0.633850 0.557739
vt 0.657257 0.558014
vt 0.653564 0.559814
vt 0.661102 0.560242
vt 0.637970 0.559631
vt 0.628723 0.560333
vt 0.612610 0.569489
vt 0.541931 0.671143
vt 0.542664 0.658936
vt 0.541168 0.652527
vt 0.544189 0.638184
vt 0.555847 0.619202
vt 0.570709 0.603851
vt 0.536194 0.660431
vt 0.527771 0.675751
vt 0.262939 0.273895
vt 0.267181 0.277252
vt 0.271423 0.280579
vt 0.303619 0.278809
vt 0.304077 0.272919
vt 0.337860 0.279907
vt 0.332916 0.274353
vt 0.341980 0.276520
vt 0.346100 0.273163
vt 0.302063 0.283173
vt 0.305054 0.302856
vt 0.275787 0.270874
vt 0.276154 0.274933
vt 0.303986 0.268921
vt 0.333130 0.270477
vt 0.276093 0.433746
vt 0.269318 0.432159
vt 0.266998 0.396820
vt 0.266724 0.393036
vt 0.267242 0.430908
vt 0.276276 0.431396
vt 0.285492 0.389191
vt 0.294373 0.430847
vt 0.304077 0.392670
vt 0.313660 0.430847
vt 0.322937 0.388489
vt 0.331726 0.431396
vt 0.341156 0.392670
vt 0.340790 0.430908
vt 0.341217 0.395508
vt 0.338684 0.432159
vt 0.336578 0.397430
vt 0.331940 0.433746
vt 0.325989 0.401550
vt 0.318420 0.436401
vt 0.313568 0.399811
vt 0.303864 0.400269
vt 0.304016 0.431641
vt 0.297791 0.401550
vt 0.289612 0.434235
vt 0.286621 0.403259
vt 0.276489 0.404236
vt 0.273804 0.373871
vt 0.267029 0.375214
vt 0.273743 0.365021
vt 0.267181 0.366669
vt 0.274200 0.365051
vt 0.266113 0.374176
vt 0.296875 0.368500
vt 0.303986 0.373230
vt 0.311707 0.366913
vt 0.333710 0.366180
vt 0.341827 0.372040
vt 0.341125 0.375305
vt 0.334747 0.374664
vt 0.325287 0.373383
vt 0.311920 0.373718
vt 0.304138 0.378357
vt 0.297699 0.374817
vt 0.283875 0.377106
vt 0.283569 0.368317
vt 0.297729 0.366943
vt 0.304016 0.371246
vt 0.311859 0.366364
vt 0.324707 0.364777
vt 0.333954 0.366302
vt 0.340820 0.365143
vt 0.505035 0.384186
vt 0.475769 0.405426
vt 0.483215 0.368347
vt 0.467468 0.379791
vt 0.439636 0.405426
vt 0.447968 0.379791
vt 0.410400 0.384186
vt 0.432190 0.368347
vt 0.399231 0.349792
vt 0.426178 0.349792
vt 0.410400 0.315430
vt 0.432190 0.331268
vt 0.439636 0.294189
vt 0.447968 0.319824
vt 0.475769 0.294189
vt 0.467468 0.319824
vt 0.505035 0.315430
vt 0.483215 0.331268
vt 0.516205 0.349792
vt 0.489258 0.349792
vt 0.457703 0.349792
vt 0.871887 0.054321
vt 0.888123 0.054291
vt 0.903961 0.055450
vt 0.888153 0.065186
vt 0.206238 0.175171
vt 0.668610 0.560120
vt 0.664795 0.558167
vt 0.661041 0.558228
vt 0.660950 0.556213
vt 0.660706 0.552765
vt 0.692017 0.551453
vt 0.733246 0.557068
vt 0.725616 0.571136
vt 0.756866 0.600586
vt 0.803345 0.623138
vt 0.814667 0.650482
vt 0.817780 0.665619
vt 0.809113 0.664124
vt 0.799591 0.680756
vt 0.793213 0.664673
vt 0.780762 0.645996
vt 0.774628 0.646484
vt 0.793396 0.650909
vt 0.798920 0.651489
vt 0.793152 0.644165
vt 0.803467 0.638153
vt 0.780151 0.619385
vt 0.754242 0.601593
vt 0.724060 0.576294
vt 0.691864 0.555115
vt 0.692596 0.557373
vt 0.717896 0.569366
vt 0.693329 0.559601
vt 0.710205 0.567596
vt 0.724823 0.573730
vt 0.684082 0.559570
vt 0.687958 0.557343
vt 0.786102 0.685699
vt 0.124908 0.142120
vt 0.116547 0.142639
vt 0.125885 0.221985
vt 0.117828 0.222473
vt 0.126099 0.239319
vt 0.118042 0.239838
vt 0.126312 0.256165
vt 0.118256 0.256683
vt 0.118469 0.273041
vt 0.126526 0.272491
vt 0.118683 0.289612
vt 0.126740 0.288971
vt 0.127014 0.305664
vt 0.118927 0.306488
vt 0.127350 0.323395
vt 0.119263 0.324585
vt 0.127960 0.340790
vt 0.119781 0.342834
vt 0.119690 0.357178
vt 0.128754 0.356720
vt 0.017792 0.128571
vt 0.039673 0.129578
vt 0.016174 0.081635
vt 0.035034 0.083405
vt 0.056122 0.082123
vt 0.078491 0.130280
vt 0.078278 0.085205
vt 0.098724 0.078308
vt 0.120789 0.129608
vt 0.123352 0.084167
vt 0.148926 0.082581
vt 0.151550 0.128113
vt 0.174744 0.079895
vt 0.170319 0.126709
vt 0.082245 0.144745
vt 0.083221 0.224609
vt 0.090576 0.144257
vt 0.091217 0.224152
vt 0.098877 0.143829
vt 0.099823 0.223663
vt 0.108490 0.223145
vt 0.108185 0.143250
vt 0.179474 0.071625
vt 0.150330 0.075439
vt 0.121185 0.075806
vt 0.098785 0.081421
vt 0.098175 0.073456
vt 0.079163 0.076141
vt 0.055176 0.083099
vt 0.055206 0.076965
vt 0.033325 0.074493
vt 0.012115 0.072754
vt 0.013885 0.050262
vt 0.032776 0.057190
vt 0.041901 0.031067
vt 0.033112 0.018127
vt 0.056824 0.009338
vt 0.056244 0.027588
vt 0.072815 0.032166
vt 0.082306 0.019989
vt 0.098053 0.052887
vt 0.079315 0.057312
vt 0.121185 0.057220
vt 0.150421 0.056885
vt 0.177429 0.050812
vt 0.117828 0.222504
vt 0.099823 0.223694
vt 0.119781 0.342804
vt 0.119263 0.324554
vt 0.118927 0.306458
vt 0.118439 0.273041
vt 0.108704 0.240448
vt 0.100037 0.240997
vt 0.091431 0.241486
vt 0.083405 0.241974
vt 0.110779 0.359528
vt 0.110168 0.343475
vt 0.100952 0.360229
vt 0.101257 0.344086
vt 0.092529 0.360596
vt 0.092438 0.344391
vt 0.083923 0.359741
vt 0.084290 0.343933
vt 0.084351 0.326263
vt 0.092407 0.326233
vt 0.084229 0.308472
vt 0.092255 0.308167
vt 0.084045 0.291748
vt 0.092041 0.291321
vt 0.091858 0.274750
vt 0.083832 0.275208
vt 0.091644 0.258362
vt 0.083618 0.258850
vt 0.100037 0.240967
vt 0.108734 0.240448
vt 0.101257 0.344055
vt 0.092438 0.344360
vt 0.101074 0.325958
vt 0.109894 0.325409
vt 0.109589 0.307251
vt 0.109375 0.290283
vt 0.109131 0.273682
vt 0.108948 0.257294
vt 0.109863 0.325378
vt 0.109589 0.307220
vt 0.109344 0.290283
vt 0.108917 0.257294
vt 0.100250 0.257843
vt 0.100891 0.307800
vt 0.100677 0.290833
vt 0.100464 0.274231
vt 0.101074 0.325928
vt 0.125580 0.030334
vt 0.112976 0.020264
vt 0.137909 0.010620
vt 0.148529 0.029572
vt 0.160553 0.018890
vt 0.151215 0.057190
vt 0.121704 0.054901
vt 0.120758 0.073303
vt 0.149750 0.075623
vt 0.098145 0.069977
vt 0.079468 0.073212
vt 0.055786 0.075989
vt 0.033844 0.075470
vt 0.031952 0.058258
vt 0.039032 0.031494
vt 0.053223 0.026855
vt 0.070282 0.030121
vt 0.078857 0.054504
vt 0.055084 0.057495
vt 0.214142 0.439087
vt 0.204407 0.450714
vt 0.202667 0.439362
vt 0.186340 0.444794
vt 0.194824 0.432983
vt 0.171631 0.429047
vt 0.177887 0.419189
vt 0.153839 0.416077
vt 0.150665 0.410156
vt 0.156799 0.435669
vt 0.146088 0.437347
vt 0.163940 0.451630
vt 0.151337 0.454865
vt 0.164154 0.469666
vt 0.154663 0.464844
vt 0.151520 0.473602
vt 0.138885 0.461670
vt 0.133453 0.443420
vt 0.132294 0.420746
vt 0.140259 0.381073
vt 0.167511 0.395142
vt 0.187012 0.411926
vt 0.204803 0.422638
vt 0.170898 0.398193
vt 0.192719 0.402191
vt 0.189209 0.410309
vt 0.211548 0.411804
vt 0.206329 0.422577
vt 0.218811 0.415924
vt 0.223511 0.426300
vt 0.229645 0.413605
vt 0.218079 0.399963
vt 0.201050 0.394592
vt 0.179230 0.377289
vt 0.188416 0.379547
vt 0.191223 0.366455
vt 0.200073 0.369232
vt 0.198761 0.349609
vt 0.207642 0.349335
vt 0.199402 0.337067
vt 0.189056 0.346802
vt 0.185150 0.338104
vt 0.174988 0.365143
vt 0.174500 0.357513
vt 0.164948 0.372223
vt 0.152374 0.362579
vt 0.134247 0.353210
vt 0.128143 0.363129
vt 0.118988 0.377319
vt 0.126190 0.393860
vt 0.106903 0.380920
vt 0.110046 0.398499
vt 0.092773 0.393005
vt 0.094238 0.375519
vt 0.071503 0.379974
vt 0.066376 0.365021
vt 0.087433 0.362152
vt 0.064514 0.351990
vt 0.038361 0.369354
vt 0.037933 0.362427
vt 0.015442 0.368958
vt 0.015381 0.361481
vt 0.005737 0.368622
vt 0.013763 0.378296
vt 0.035095 0.380280
vt 0.049805 0.392670
vt 0.058075 0.401947
vt 0.034515 0.408936
vt 0.040161 0.416260
vt 0.021698 0.423187
vt 0.015076 0.417023
vt 0.012726 0.431824
vt 0.001831 0.432220
vt 0.015564 0.438110
vt 0.009186 0.446381
vt 0.027588 0.434753
vt 0.029083 0.444702
vt 0.045288 0.424225
vt 0.049957 0.433167
vt 0.071686 0.414612
vt 0.066864 0.420654
vt 0.068024 0.443512
vt 0.056396 0.439789
vt 0.057068 0.462006
vt 0.045593 0.461487
vt 0.053070 0.475616
vt 0.044037 0.483429
vt 0.061157 0.490997
vt 0.062225 0.479095
vt 0.070007 0.467957
vt 0.077820 0.447571
vt 0.096802 0.424377
vt 0.113983 0.425079
vt 0.076965 0.475891
vt 0.087372 0.453796
vt 0.096191 0.433594
vt 0.111176 0.448822
vt 0.101898 0.453339
vt 0.117188 0.465698
vt 0.109131 0.472382
vt 0.124817 0.477173
vt 0.123749 0.486816
vt 0.131012 0.474091
vt 0.138824 0.481323
vt 0.128815 0.462006
vt 0.122223 0.445465
vt 0.122894 0.032257
vt 0.145508 0.029541
vt 0.203705 0.438385
vt 0.195648 0.432251
vt 0.178314 0.418945
vt 0.150909 0.409882
vt 0.145996 0.436920
vt 0.151245 0.454437
vt 0.154541 0.464417
vt 0.133301 0.442871
vt 0.132172 0.420227
vt 0.140656 0.380676
vt 0.167847 0.395081
vt 0.126221 0.393311
vt 0.109802 0.397766
vt 0.092407 0.392090
vt 0.070740 0.379486
vt 0.065063 0.364868
vt 0.037170 0.370331
vt 0.014252 0.372009
vt 0.057404 0.401520
vt 0.040894 0.417603
vt 0.023712 0.427094
vt 0.016022 0.436920
vt 0.019684 0.442780
vt 0.031097 0.437866
vt 0.047058 0.425079
vt 0.071472 0.413025
vt 0.064545 0.440369
vt 0.052338 0.457977
vt 0.047333 0.471313
vt 0.056213 0.475494
vt 0.064789 0.464966
vt 0.074219 0.445221
vt 0.095825 0.423859
vt 0.111115 0.448181
vt 0.117279 0.465118
vt 0.124939 0.476593
vt 0.131104 0.473480
vt 0.128815 0.461395
vt 0.122070 0.444824
vt 0.113495 0.424500
vt 0.219910 0.414734
vt 0.212433 0.410980
vt 0.193176 0.402191
vt 0.179565 0.377502
vt 0.165558 0.372101
vt 0.175812 0.365173
vt 0.192078 0.367462
vt 0.200836 0.351349
vt 0.191284 0.347931
vt 0.055756 0.058380
vt 0.673798 0.527557
vt 0.694702 0.513672
vt 0.730347 0.528198
vt 0.693359 0.490448
vt 0.654846 0.490448
vt 0.667786 0.518005
vt 0.659271 0.515594
vt 0.249786 0.087677
vt 0.256470 0.109802
vt 0.246307 0.112732
vt 0.235901 0.040466
vt 0.185638 0.073547
vt 0.200348 0.033020
vt 0.585907 0.532410
vt 0.623993 0.511780
vt 0.643860 0.527893
vt 0.618713 0.490448
vt 0.650757 0.517517
vt 0.220367 0.107269
vt 0.237152 0.122681
vt 0.912628 0.513245
vt 0.912628 0.491241
vt 0.890717 0.518555
vt 0.856934 0.517548
vt 0.791046 0.491241
vt 0.824585 0.527008
vt 0.790833 0.526154
vt 0.763275 0.525421
vt 0.694031 0.491669
vt 0.739929 0.527191
vt 0.133636 0.119049
vt 0.109039 0.102356
vt 0.095642 0.117737
vt 0.086700 0.102356
vt 0.086700 0.119080
vt 0.077728 0.117737
vt 0.064362 0.102356
vt 0.039734 0.119049
vt 0.791016 0.417877
vt 0.791016 0.343689
vt 0.654724 0.417938
vt 0.654694 0.343719
vt 0.520996 0.417969
vt 0.520996 0.343719
vt 0.791046 0.454071
vt 0.912628 0.454071
vt 0.791046 0.438263
vt 0.912598 0.438171
vt 0.401581 0.529297
vt 0.423431 0.536224
vt 0.401642 0.490448
vt 0.458679 0.532074
vt 0.520996 0.491241
vt 0.492798 0.538086
vt 0.520996 0.537292
vt 0.554657 0.531219
vt 0.617981 0.490723
vt 0.568787 0.532074
vt 0.401947 0.437561
vt 0.401947 0.452240
vt 0.521240 0.437531
vt 0.521362 0.452209
vt 0.520996 0.438293
vt 0.520996 0.454071
vt 0.654877 0.438385
vt 0.621368 0.453552
vt 0.654846 0.454071
vt 0.694031 0.454498
vt 0.912567 0.417694
vt 0.401947 0.418274
vt 0.521088 0.418243
vt 0.912628 0.490448
vt 0.791046 0.490448
vt 0.654877 0.453857
vt 0.791046 0.453705
vt 0.277679 0.003448
vt 0.316925 0.042175
vt 0.277039 0.017059
vt 0.305573 0.042358
vt 0.247192 0.040741
vt 0.912598 0.453644
vt 0.520996 0.490448
vt 0.520996 0.453766
vt 0.264038 0.108307
vt 0.258209 0.087372
vt 0.291992 0.088287
vt 0.296173 0.088959
vt 0.285034 0.108887
vt 0.291382 0.110626
vt 0.284821 0.110474
vt 0.298920 0.128326
vt 0.274475 0.108398
vt 0.274536 0.106659
vt 0.401947 0.453003
vt 0.521240 0.453003
vt 0.401947 0.488617
vt 0.521362 0.488586
vt 0.791016 0.322784
vt 0.790985 0.311981
vt 0.654663 0.322876
vt 0.654663 0.312103
vt 0.520996 0.312225
vt 0.520996 0.322937
vt 0.790985 0.242554
vt 0.755157 0.242523
vt 0.790985 0.272278
vt 0.704712 0.242706
vt 0.654663 0.272400
vt 0.654663 0.242706
vt 0.599274 0.242859
vt 0.520996 0.272522
vt 0.550690 0.242798
vt 0.520996 0.242859
vt 0.791016 0.308441
vt 0.654663 0.308502
vt 0.520996 0.308563
vt 0.263916 0.109741
vt 0.249176 0.126923
vt 0.274200 0.123474
vt 0.274170 0.130890
s 1
usemtl shader
f 1/1/1 3/2/2 2/3/3
f 4/4/4 6/5/5 5/6/6
f 6/5/5 7/7/7 5/6/6
f 5/6/6 7/7/7 8/8/8
f 7/7/7 9/9/9 8/8/8
f 8/8/8 9/9/9 10/10/10
f 9/9/9 11/11/11 10/10/10
f 10/10/10 11/11/11 12/12/12
f 11/11/11 13/13/13 12/12/12
f 12/12/12 13/13/13 14/14/14
f 14/14/14 13/13/13 15/15/15
f 13/13/13 16/16/16 15/15/15
f 15/15/15 16/16/16 17/17/17
f 16/16/16 18/18/18 17/17/17
f 18/18/18 19/19/19 17/17/17
f 17/17/17 19/19/19 20/20/20
f 19/19/19 21/21/21 20/20/20
f 22/22/22 24/23/23 23/24/24
f 23/24/24 24/23/23 25/25/25
f 24/23/23 26/26/26 25/25/25
f 25/25/25 26/26/26 27/27/27
f 26/26/26 28/28/28 27/27/27
f 27/27/27 28/28/28 29/29/29
f 28/28/28 30/30/30 29/29/29
f 29/29/29 30/30/30 31/31/31
f 30/30/30 32/32/32 31/31/31
f 32/32/32 33/33/33 31/31/31
f 31/31/31 33/33/33 34/34/34
f 33/33/33 35/35/35 34/34/34
f 34/34/34 35/35/35 36/36/36
f 35/35/35 37/37/37 36/36/36
f 36/36/36 37/37/37 38/38/38
f 37/37/37 39/39/39 38/38/38
f 40/40/40 42/41/41 41/42/42
f 42/41/41 43/43/43 41/42/42
f 41/42/42 43/43/43 44/44/44
f 43/43/43 45/45/45 44/44/44
f 44/44/44 45/45/45 46/46/46
f 46/46/46 45/45/45 47/47/47
f 45/45/45 48/48/48 47/47/47
f 48/48/48 49/49/49 47/47/47
f 47/47/47 49/49/49 50/50/50
f 49/49/49 51/51/51 50/50/50
f 52/52/52 54/53/53 53/54/54
f 54/53/53 1/1/1 53/54/54
f 53/54/54 1/1/1 55/55/55
f 1/1/1 2/3/3 55/55/55
f 2/3/3 56/56/56 55/55/55
f 56/56/56 57/57/57 55/55/55
f 55/55/55 57/57/57 53/54/54
f 57/57/57 58/58/58 53/54/54
f 53/54/54 58/58/58 59/59/59
f 60/60/60 62/61/61 61/62/62
f 62/61/61 63/63/63 61/62/62
f 61/62/62 63/63/63 64/64/64
f 64/64/64 63/63/63 65/65/65
f 63/63/63 66/66/66 65/65/65
f 65/65/65 66/66/66 67/67/67
f 66/66/66 68/68/68 67/67/67
f 68/68/68 69/69/69 67/67/67
f 67/67/67 69/69/69 70/70/70
f 70/70/70 69/69/69 71/71/71
f 69/69/69 72/72/72 71/71/71
f 71/71/71 72/72/72 73/73/73
f 74/74/74 76/75/75 75/76/76
f 76/75/75 77/77/77 75/76/76
f 75/76/76 77/77/77 78/78/78
f 77/77/77 79/79/79 78/78/78
f 78/78/78 79/79/79 80/80/80
f 79/79/79 81/81/81 80/80/80
f 80/80/80 81/81/81 82/82/82
f 81/81/81 83/83/83 82/82/82
f 82/82/82 83/83/83 84/84/84
f 83/83/83 85/85/85 84/84/84
f 84/84/84 85/85/85 86/86/86
f 85/85/85 87/87/87 86/86/86
f 86/86/86 87/87/87 88/88/88
f 88/88/88 87/87/87 89/89/89
f 89/89/89 87/87/87 90/90/90
f 87/87/87 91/91/91 90/90/90
f 91/91/91 92/92/92 90/90/90
f 90/90/90 92/92/92 93/93/93
f 93/93/93 92/92/92 94/94/94
f 92/92/92 95/95/95 94/94/94
f 94/94/94 95/95/95 96/96/96
f 96/96/96 95/95/95 97/97/97
f 97/97/97 95/95/95 98/98/84
f 98/98/84 95/95/95 99/99/98
f 95/95/95 92/92/92 99/99/98
f 99/99/98 92/92/92 100/100/99
f 92/92/92 91/91/91 100/100/99
f 100/100/99 91/91/91 101/101/100
f 91/91/91 87/87/87 101/101/100
f 87/87/87 85/85/85 101/101/100
f 101/101/100 85/85/85 102/102/101
f 85/85/85 83/83/83 102/102/101
f 83/83/83 81/81/81 102/102/101
f 102/102/101 81/81/81 103/103/102
f 103/103/102 81/81/81 104/104/103
f 81/81/81 79/79/79 104/104/103
f 104/104/103 79/79/79 105/105/104
f 79/79/79 77/77/77 105/105/104
f 105/105/104 77/77/77 106/106/105
f 77/77/77 76/75/75 106/106/105
f 107/107/106 109/108/107 108/109/108
f 109/108/107 110/110/109 108/109/108
f 108/109/108 110/110/109 111/111/110
f 110/110/109 112/112/111 111/111/110
f 112/112/111 113/113/112 111/111/110
f 111/111/110 113/113/112 114/114/113
f 114/114/113 113/113/112 115/115/114
f 113/113/112 116/116/115 115/115/114
f 115/115/114 116/116/115 117/117/116
f 116/116/115 118/118/117 117/117/116
f 117/117/116 118/118/117 119/119/118
f 119/119/118 118/118/117 66/66/66
f 66/66/66 118/118/117 68/68/68
f 68/68/68 118/118/117 69/69/69
f 118/118/117 120/120/119 69/69/69
f 69/69/69 120/120/119 121/121/120
f 120/120/119 122/122/121 121/121/120
f 122/122/121 123/123/122 121/121/120
f 121/121/120 123/123/122 124/124/123
f 124/124/123 123/123/122 125/125/124
f 123/123/122 126/126/125 125/125/124
f 126/126/125 127/127/126 125/125/124
f 125/125/124 127/127/126 128/128/127
f 128/128/127 127/127/126 129/129/128
f 127/127/126 130/130/129 129/129/128
f 129/129/128 130/130/129 131/131/130
f 130/130/129 132/132/131 131/131/130
f 131/131/130 132/132/131 133/133/132
f 133/133/132 132/132/131 134/134/133
f 132/132/131 135/135/134 134/134/133
f 134/134/133 135/135/134 136/136/60
f 136/136/60 135/135/134 137/137/135
f 135/135/134 138/138/136 137/137/135
f 137/137/135 138/138/136 139/139/137
f 138/138/136 140/140/138 139/139/137
f 141/141/139 143/142/140 142/143/141
f 142/143/141 143/142/140 144/144/142
f 143/142/140 145/145/143 144/144/142
f 144/144/142 145/145/143 146/146/144
f 146/146/144 145/145/143 147/147/145
f 145/145/143 148/148/146 147/147/145
f 147/147/145 148/148/146 149/149/147
f 150/150/148 142/143/141 151/151/149
f 151/151/149 142/143/141 152/152/150
f 142/143/141 144/144/142 152/152/150
f 152/152/150 144/144/142 153/153/151
f 144/144/142 146/146/144 153/153/151
f 154/149/152 156/154/153 155/147/154
f 156/154/153 157/155/155 155/147/154
f 155/147/154 157/155/155 158/146/156
f 158/146/156 157/155/155 159/153/157
f 157/155/155 160/156/158 159/153/157
f 160/156/158 161/157/159 159/153/157
f 159/153/157 161/157/159 162/2/160
f 162/2/160 161/157/159 163/3/161
f 161/157/159 164/158/162 163/3/161
f 163/3/161 164/158/162 165/56/163
f 164/158/162 166/159/164 165/56/163
f 167/160/165 115/115/114 168/161/166
f 115/115/114 117/117/116 168/161/166
f 168/161/166 117/117/116 169/162/167
f 117/117/116 119/119/118 169/162/167
f 170/163/168 171/164/169 143/142/140
f 171/164/169 148/148/146 143/142/140
f 143/142/140 148/148/146 145/145/143
f 172/165/170 151/151/149 54/53/53
f 54/53/53 151/151/149 1/1/1
f 151/151/149 152/152/150 1/1/1
f 1/1/1 152/152/150 3/2/2
f 152/152/150 153/153/151 3/2/2
f 173/141/171 175/142/172 174/143/173
f 175/142/172 176/166/174 174/143/173
f 174/143/173 176/166/174 177/167/175
f 176/166/174 178/168/176 177/167/175
f 178/168/176 179/169/177 177/167/175
f 177/167/175 179/169/177 180/170/178
f 179/169/177 181/171/179 180/170/178
f 180/170/178 181/171/179 182/172/180
f 182/172/180 181/171/179 183/173/181
f 181/171/179 184/174/182 183/173/181
f 184/174/182 185/56/183 183/173/181
f 185/56/183 186/57/184 183/173/181
f 183/173/181 186/57/184 187/54/185
f 186/57/184 188/58/186 187/54/185
f 187/54/185 188/58/186 189/59/187
f 190/149/188 192/175/189 191/148/190
f 191/148/190 192/175/189 176/166/174
f 192/175/189 178/168/176 176/166/174
f 193/176/191 195/177/192 194/178/193
f 194/178/193 195/177/192 196/179/194
f 195/177/192 197/180/195 196/179/194
f 196/179/194 197/180/195 198/181/196
f 197/180/195 199/106/197 198/181/196
f 198/181/196 199/106/197 200/182/198
f 199/106/197 201/75/199 200/182/198
f 200/182/198 201/75/199 202/77/200
f 201/75/199 203/74/201 202/77/200
f 203/74/201 204/76/202 202/77/200
f 202/77/200 204/76/202 205/79/203
f 204/76/202 206/78/204 205/79/203
f 205/79/203 206/78/204 207/81/205
f 206/78/204 208/80/206 207/81/205
f 208/80/206 209/82/207 207/81/205
f 207/81/205 209/82/207 210/83/208
f 210/83/208 209/82/207 211/85/209
f 209/82/207 212/84/210 211/85/209
f 211/85/209 212/84/210 213/183/211
f 212/84/210 214/86/212 213/183/211
f 214/86/212 215/88/213 213/183/211
f 215/88/213 216/89/214 213/183/211
f 216/89/214 217/90/215 213/183/211
f 217/90/215 218/91/216 213/183/211
f 213/183/211 218/91/216 211/85/209
f 218/91/216 219/101/217 211/85/209
f 211/85/209 219/101/217 210/83/208
f 219/101/217 220/102/218 210/83/208
f 210/83/208 220/102/218 207/81/205
f 220/102/218 221/103/219 207/81/205
f 207/81/205 221/103/219 205/79/203
f 221/103/219 222/104/220 205/79/203
f 205/79/203 222/104/220 202/77/200
f 202/77/200 222/104/220 200/182/198
f 222/104/220 223/184/221 200/182/198
f 200/182/198 223/184/221 198/181/196
f 223/184/221 224/185/222 198/181/196
f 198/181/196 224/185/222 196/179/194
f 224/185/222 225/186/223 196/179/194
f 196/179/194 225/186/223 194/178/193
f 226/160/224 228/161/225 227/115/226
f 227/115/226 228/161/225 229/187/227
f 228/161/225 230/162/228 229/187/227
f 230/162/228 231/119/229 229/187/227
f 229/187/227 231/119/229 232/188/230
f 231/119/229 233/66/231 232/188/230
f 232/188/230 233/66/231 234/189/232
f 233/66/231 235/65/233 234/189/232
f 235/65/233 236/67/234 234/189/232
f 236/67/234 237/70/235 234/189/232
f 234/189/232 237/70/235 238/69/236
f 238/69/236 237/70/235 239/72/237
f 237/70/235 240/71/238 239/72/237
f 239/72/237 240/71/238 241/73/239
f 242/165/240 244/151/241 243/53/242
f 244/151/241 180/170/178 243/53/242
f 180/170/178 182/172/180 243/53/242
f 182/172/180 183/173/181 243/53/242
f 183/173/181 187/54/185 243/53/242
f 243/53/242 187/54/185 245/52/243
f 246/159/244 248/56/245 247/158/246
f 248/56/245 249/174/247 247/158/246
f 249/174/247 250/171/248 247/158/246
f 247/158/246 250/171/248 251/157/249
f 251/157/249 250/171/248 252/156/250
f 250/171/248 253/169/251 252/156/250
f 253/169/251 254/168/252 252/156/250
f 252/156/250 254/168/252 255/155/253
f 255/155/253 254/168/252 256/154/254
f 254/168/252 257/175/255 256/154/254
f 256/154/254 257/175/255 258/149/256
f 259/96/257 261/97/258 260/94/259
f 261/97/258 262/95/260 260/94/259
f 260/94/259 262/95/260 263/93/261
f 262/95/260 264/92/262 263/93/261
f 263/93/261 264/92/262 217/90/215
f 217/90/215 264/92/262 218/91/216
f 218/91/216 264/92/262 219/101/217
f 264/92/262 265/100/263 219/101/217
f 219/101/217 265/100/263 220/102/218
f 265/100/263 266/190/264 220/102/218
f 266/190/264 267/191/265 220/102/218
f 220/102/218 267/191/265 221/103/219
f 221/103/219 267/191/265 222/104/220
f 222/104/220 267/191/265 223/184/221
f 267/191/265 268/192/266 223/184/221
f 223/184/221 268/192/266 224/185/222
f 268/192/266 269/193/206 224/185/222
f 224/185/222 269/193/206 225/186/223
f 270/107/267 272/109/268 271/108/269
f 272/109/268 273/194/270 271/108/269
f 271/108/269 273/194/270 274/135/271
f 273/194/270 275/132/272 274/135/271
f 274/135/271 275/132/272 276/195/273
f 276/195/273 275/132/272 277/133/274
f 277/133/274 275/132/272 278/131/275
f 275/132/272 279/196/276 278/131/275
f 278/131/275 279/196/276 280/129/277
f 280/129/277 279/196/276 281/128/278
f 279/196/276 282/197/279 281/128/278
f 281/128/278 282/197/279 283/125/280
f 282/197/279 284/198/281 283/125/280
f 284/198/281 285/199/282 283/125/280
f 283/125/280 285/199/282 286/124/283
f 286/124/283 285/199/282 287/121/284
f 285/199/282 288/200/285 287/121/284
f 288/200/285 289/201/286 287/121/284
f 287/121/284 289/201/286 238/69/236
f 238/69/236 289/201/286 234/189/232
f 234/189/232 289/201/286 232/188/230
f 289/201/286 290/202/287 232/188/230
f 232/188/230 290/202/287 229/187/227
f 229/187/227 290/202/287 227/115/226
f 227/115/226 290/202/287 291/114/288
f 290/202/287 292/203/289 291/114/288
f 291/114/288 292/203/289 293/111/290
f 292/203/289 294/204/291 293/111/290
f 293/111/290 294/204/291 272/109/268
f 272/109/268 294/204/291 273/194/270
f 294/204/291 279/196/276 273/194/270
f 273/194/270 279/196/276 275/132/272
f 295/140/292 297/138/293 296/139/294
f 296/139/294 297/138/293 298/137/295
f 297/138/293 274/135/271 298/137/295
f 298/137/295 274/135/271 299/136/60
f 274/135/271 276/195/273 299/136/60
f 300/60/60 302/205/296 301/61/297
f 302/205/296 303/64/298 301/61/297
f 301/61/297 303/64/298 304/63/299
f 304/63/299 303/64/298 233/66/231
f 303/64/298 235/65/233 233/66/231
f 305/150/300 174/143/173 244/151/241
f 244/151/241 174/143/173 180/170/178
f 174/143/173 177/167/175 180/170/178
f 306/163/301 307/164/302 175/142/172
f 175/142/172 307/164/302 176/166/174
f 307/164/302 191/148/190 176/166/174
f 308/206/303 310/207/304 309/208/305
f 309/208/305 310/207/304 311/209/306
f 310/207/304 312/210/307 311/209/306
f 311/209/306 312/210/307 313/211/308
f 312/210/307 314/212/309 313/211/308
f 313/211/308 314/212/309 315/213/310
f 314/212/309 316/214/311 315/213/310
f 316/214/311 317/215/312 315/213/310
f 315/213/310 317/215/312 318/216/313
f 318/216/313 317/215/312 319/217/314
f 317/215/312 320/218/315 319/217/314
f 320/218/315 321/219/316 319/217/314
f 319/217/314 321/219/316 322/220/317
f 321/219/316 323/221/318 322/220/317
f 323/221/318 324/222/319 322/220/317
f 322/220/317 324/222/319 325/223/320
f 324/222/319 326/224/321 325/223/320
f 325/223/320 326/224/321 327/225/322
f 326/224/321 328/226/323 327/225/322
f 327/225/322 328/226/323 318/216/313
f 318/216/313 328/226/323 315/213/310
f 315/213/310 328/226/323 313/211/308
f 313/211/308 328/226/323 329/227/324
f 328/226/323 330/228/325 329/227/324
f 329/227/324 330/228/325 331/229/326
f 330/228/325 332/230/327 331/229/326
f 331/229/326 332/230/327 333/231/328
f 332/230/327 334/232/329 333/231/328
f 334/232/329 335/233/330 333/231/328
f 333/231/328 335/233/330 336/234/331
f 335/233/330 337/235/332 336/234/331
f 336/234/331 337/235/332 338/236/333
f 338/236/333 337/235/332 339/237/334
f 337/235/332 340/238/335 339/237/334
f 339/237/334 340/238/335 341/239/336
f 340/238/335 342/240/337 341/239/336
f 341/239/336 342/240/337 343/241/338
f 342/240/337 344/242/339 343/241/338
f 343/241/338 344/242/339 345/243/340
f 345/243/340 344/242/339 324/222/319
f 344/242/339 346/244/341 324/222/319
f 324/222/319 346/244/341 347/245/342
f 346/244/341 348/246/343 347/245/342
f 348/246/343 335/233/330 347/245/342
f 335/233/330 334/232/329 347/245/342
f 334/232/329 332/230/327 347/245/342
f 332/230/327 349/247/344 347/245/342
f 347/245/342 349/247/344 324/222/319
f 324/222/319 349/247/344 326/224/321
f 349/247/344 332/230/327 326/224/321
f 332/230/327 330/228/325 326/224/321
f 326/224/321 330/228/325 328/226/323
f 350/248/345 352/249/346 351/250/347
f 351/250/347 352/249/346 353/251/348
f 352/249/346 354/252/349 353/251/348
f 353/251/348 354/252/349 355/253/350
f 355/253/350 354/252/349 356/254/351
f 354/252/349 357/255/352 356/254/351
f 357/255/352 358/256/353 356/254/351
f 358/256/353 359/257/354 356/254/351
f 356/254/351 359/257/354 360/258/355
f 360/258/355 359/257/354 361/259/356
f 359/257/354 362/260/357 361/259/356
f 362/260/357 363/261/358 361/259/356
f 361/259/356 363/261/358 364/262/359
f 363/261/358 365/263/360 364/262/359
f 364/262/359 365/263/360 366/264/361
f 365/263/360 367/265/362 366/264/361
f 366/264/361 367/265/362 368/266/363
f 367/265/362 369/267/364 368/266/363
f 368/266/363 369/267/364 370/268/365
f 369/267/364 371/269/366 370/268/365
f 370/268/365 371/269/366 372/270/367
f 371/269/366 373/271/368 372/270/367
f 372/270/367 373/271/368 374/272/369
f 373/271/368 375/273/370 374/272/369
f 374/272/369 375/273/370 376/274/371
f 375/273/370 377/275/372 376/274/371
f 376/274/371 377/275/372 378/276/373
f 377/275/372 379/277/374 378/276/373
f 378/276/373 379/277/374 380/278/375
f 379/277/374 381/279/376 380/278/375
f 380/278/375 381/279/376 382/280/377
f 381/279/376 383/281/378 382/280/377
f 382/280/377 383/281/378 384/282/379
f 384/282/379 383/281/378 385/283/380
f 383/281/378 386/284/381 385/283/380
f 385/283/380 386/284/381 387/285/382
f 387/285/382 386/284/381 388/286/383
f 386/284/381 389/287/384 388/286/383
f 388/286/383 389/287/384 390/288/385
f 389/287/384 391/289/386 390/288/385
f 391/289/386 392/290/387 390/288/385
f 390/288/385 392/290/387 393/291/388
f 394/292/389 396/293/390 395/294/391
f 396/293/390 397/295/392 395/294/391
f 398/296/393 400/297/394 399/292/395
f 400/297/394 401/293/396 399/292/395
f 402/297/397 404/298/398 403/293/399
f 404/298/398 405/299/400 403/293/399
f 406/300/401 408/301/402 407/295/403
f 408/301/402 409/294/404 407/295/403
f 410/302/405 412/296/406 411/303/407
f 412/296/406 413/292/408 411/303/407
f 414/304/409 416/305/410 415/306/411
f 415/306/411 416/305/410 417/307/412
f 416/305/410 418/308/413 417/307/412
f 417/307/412 418/308/413 419/309/414
f 418/308/413 420/310/415 419/309/414
f 419/309/414 420/310/415 421/311/416
f 420/310/415 422/312/417 421/311/416
f 421/311/416 422/312/417 423/313/418
f 422/312/417 424/314/419 423/313/418
f 424/314/419 425/315/420 423/313/418
f 423/313/418 425/315/420 426/316/421
f 425/315/420 427/317/422 426/316/421
f 426/316/421 427/317/422 428/318/423
f 427/317/422 429/319/424 428/318/423
f 428/318/423 429/319/424 430/320/425
f 429/319/424 431/321/426 430/320/425
f 430/320/425 431/321/426 432/322/427
f 431/321/426 433/323/428 432/322/427
f 432/322/427 433/323/428 434/324/429
f 434/324/429 433/323/428 435/325/430
f 433/323/428 436/326/431 435/325/430
f 435/325/430 436/326/431 437/327/432
f 436/326/431 438/328/433 437/327/432
f 437/327/432 438/328/433 439/329/434
f 438/328/433 440/330/435 439/329/434
f 439/329/434 440/330/435 441/331/436
f 440/330/435 442/332/437 441/331/436
f 441/331/436 442/332/437 443/333/438
f 442/332/437 444/334/439 443/333/438
f 443/333/438 444/334/439 445/335/440
f 444/334/439 446/336/441 445/335/440
f 445/335/440 446/336/441 447/337/442
f 446/336/441 448/338/443 447/337/442
f 447/337/442 448/338/443 449/339/444
f 448/338/443 450/340/445 449/339/444
f 449/339/444 450/340/445 451/341/446
f 450/340/445 452/342/447 451/341/446
f 451/341/446 452/342/447 453/343/448
f 452/342/447 454/344/449 453/343/448
f 453/343/448 454/344/449 455/345/450
f 454/344/449 456/346/451 455/345/450
f 455/345/450 456/346/451 457/347/452
f 456/346/451 458/348/453 457/347/452
f 457/347/452 458/348/453 459/349/454
f 458/348/453 460/350/455 459/349/454
f 459/349/454 460/350/455 461/351/456
f 460/350/455 462/352/457 461/351/456
f 461/351/456 462/352/457 463/353/458
f 462/352/457 464/354/459 463/353/458
f 463/353/458 464/354/459 465/355/460
f 465/355/460 464/354/459 466/356/461
f 466/356/461 464/354/459 467/357/462
f 464/354/459 468/358/463 467/357/462
f 467/357/462 468/358/463 469/359/464
f 468/358/463 470/360/465 469/359/464
f 470/360/465 471/361/466 469/359/464
f 469/359/464 471/361/466 472/362/467
f 471/361/466 473/363/468 472/362/467
f 472/362/467 473/363/468 474/364/469
f 473/363/468 475/365/470 474/364/469
f 474/364/469 475/365/470 476/366/471
f 475/365/470 477/367/472 476/366/471
f 476/366/471 477/367/472 478/368/473
f 478/368/473 477/367/472 479/369/474
f 477/367/472 480/370/475 479/369/474
f 480/370/475 481/371/476 479/369/474
f 479/369/474 481/371/476 482/372/477
f 482/372/477 481/371/476 483/373/478
f 481/371/476 484/374/479 483/373/478
f 484/374/479 485/375/480 483/373/478
f 483/373/478 485/375/480 486/376/481
f 485/375/480 487/377/482 486/376/481
f 486/376/481 487/377/482 488/378/483
f 487/377/482 489/379/484 488/378/483
f 488/378/483 489/379/484 490/380/485
f 490/380/485 489/379/484 491/381/486
f 491/381/486 489/379/484 492/382/487
f 489/379/484 493/383/488 492/382/487
f 493/383/488 494/384/489 492/382/487
f 492/382/487 494/384/489 495/385/490
f 494/384/489 496/386/491 495/385/490
f 495/385/490 496/386/491 497/387/492
f 496/386/491 498/388/493 497/387/492
f 497/387/492 498/388/493 499/389/494
f 498/388/493 500/390/495 499/389/494
f 499/389/494 500/390/495 501/391/496
f 500/390/495 502/392/497 501/391/496
f 501/391/496 502/392/497 503/393/498
f 502/392/497 504/394/499 503/393/498
f 503/393/498 504/394/499 505/395/500
f 504/394/499 506/396/501 505/395/500
f 505/395/500 506/396/501 507/397/502
f 506/396/501 508/398/503 507/397/502
f 507/397/502 508/398/503 509/399/504
f 509/399/504 508/398/503 510/400/505
f 508/398/503 511/401/506 510/400/505
f 510/400/505 511/401/506 512/402/507
f 511/401/506 513/403/508 512/402/507
f 512/402/507 513/403/508 422/312/417
f 513/403/508 424/314/419 422/312/417
f 514/404/509 516/405/510 515/406/511
f 516/405/510 517/407/512 515/406/511
f 515/406/511 517/407/512 518/408/513
f 518/408/513 517/407/512 519/409/514
f 517/407/512 520/410/515 519/409/514
f 519/409/514 520/410/515 521/411/516
f 520/410/515 522/412/517 521/411/516
f 521/411/516 522/412/517 523/413/518
f 522/412/517 524/414/519 523/413/518
f 524/414/519 525/415/520 523/413/518
f 523/413/518 525/415/520 526/416/521
f 525/415/520 527/417/522 526/416/521
f 527/417/522 528/418/523 526/416/521
f 528/418/523 529/419/524 526/416/521
f 526/416/521 529/419/524 530/420/525
f 529/419/524 531/421/526 530/420/525
f 530/420/525 531/421/526 532/422/527
f 532/422/527 531/421/526 533/423/528
f 531/421/526 534/424/529 533/423/528
f 534/424/529 535/425/530 533/423/528
f 535/425/530 536/426/531 533/423/528
f 536/426/531 537/427/532 533/423/528
f 533/423/528 537/427/532 532/422/527
f 537/427/532 538/428/533 532/422/527
f 532/422/527 538/428/533 539/429/534
f 538/428/533 540/430/535 539/429/534
f 540/430/535 541/431/536 539/429/534
f 541/431/536 542/432/537 539/429/534
f 542/432/537 530/420/525 539/429/534
f 539/429/534 530/420/525 532/422/527
f 543/433/538 545/434/539 544/435/540
f 544/435/540 545/434/539 546/436/541
f 545/434/539 547/437/542 546/436/541
f 546/436/541 547/437/542 548/438/543
f 548/438/543 547/437/542 549/439/544
f 547/437/542 550/440/545 549/439/544
f 549/439/544 550/440/545 551/441/546
f 550/440/545 552/442/547 551/441/546
f 553/435/548 555/436/549 554/443/550
f 554/443/550 555/436/549 556/444/551
f 555/436/549 557/438/552 556/444/551
f 556/444/551 557/438/552 558/445/553
f 558/445/553 557/438/552 559/446/554
f 557/438/552 560/439/555 559/446/554
f 559/446/554 560/439/555 561/447/556
f 560/439/555 562/441/557 561/447/556
f 563/448/558 565/449/559 564/433/560
f 564/433/560 565/449/559 566/434/561
f 565/449/559 567/450/562 566/434/561
f 566/434/561 567/450/562 568/437/563
f 568/437/563 567/450/562 569/440/564
f 567/450/562 570/451/565 569/440/564
f 570/451/565 571/452/566 569/440/564
f 569/440/564 571/452/566 572/442/567
f 573/453/568 575/454/569 574/435/570
f 575/454/569 576/433/571 574/435/570
f 577/455/572 579/456/573 578/457/574
f 578/457/574 579/456/573 580/458/575
f 579/456/573 581/459/576 580/458/575
f 580/458/575 581/459/576 582/460/577
f 581/459/576 583/461/578 582/460/577
f 583/461/578 584/462/579 582/460/577
f 582/460/577 584/462/579 585/463/580
f 584/462/579 586/464/581 585/463/580
f 586/464/581 587/465/582 585/463/580
f 587/465/582 588/466/583 585/463/580
f 585/463/580 588/466/583 589/467/584
f 588/466/583 590/468/585 589/467/584
f 589/467/584 590/468/585 591/469/586
f 590/468/585 592/470/587 591/469/586
f 592/470/587 593/471/588 591/469/586
f 591/469/586 593/471/588 594/472/589
f 594/472/589 593/471/588 595/473/590
f 593/471/588 596/474/591 595/473/590
f 595/473/590 596/474/591 597/475/592
f 596/474/591 598/476/593 597/475/592
f 599/477/594 601/478/595 600/479/596
f 600/479/596 601/478/595 602/480/597
f 601/478/595 518/408/513 602/480/597
f 518/408/513 519/409/514 602/480/597
f 602/480/597 519/409/514 603/481/598
f 519/409/514 521/411/516 603/481/598
f 603/481/598 521/411/516 604/482/599
f 521/411/516 523/413/518 604/482/599
f 604/482/599 523/413/518 605/483/600
f 605/483/600 523/413/518 606/484/601
f 606/484/601 523/413/518 607/485/602
f 523/413/518 526/416/521 607/485/602
f 607/485/602 526/416/521 608/486/603
f 608/486/603 526/416/521 609/487/604
f 609/487/604 526/416/521 542/432/537
f 526/416/521 530/420/525 542/432/537
f 610/488/605 612/489/606 611/490/607
f 611/490/607 612/489/606 613/491/608
f 612/489/606 614/492/609 613/491/608
f 614/492/609 336/234/331 613/491/608
f 613/491/608 336/234/331 615/493/610
f 336/234/331 338/236/333 615/493/610
f 616/494/611 618/495/612 617/496/613
f 618/495/612 619/497/614 617/496/613
f 620/498/615 622/499/616 621/500/617
f 621/500/617 622/499/616 623/501/618
f 622/499/616 624/502/619 623/501/618
f 623/501/618 624/502/619 625/503/620
f 625/503/620 624/502/619 626/504/621
f 624/502/619 627/505/622 626/504/621
f 627/505/622 628/506/623 626/504/621
f 626/504/621 628/506/623 629/507/624
f 629/507/624 628/506/623 630/508/625
f 628/506/623 631/509/626 630/508/625
f 631/509/626 632/510/627 630/508/625
f 630/508/625 632/510/627 633/511/628
f 632/510/627 634/512/629 633/511/628
f 633/511/628 634/512/629 635/513/630
f 635/513/630 634/512/629 636/514/631
f 634/512/629 637/515/632 636/514/631
f 636/514/631 637/515/632 638/516/633
f 637/515/632 639/517/634 638/516/633
f 639/517/634 640/518/635 638/516/633
f 638/516/633 640/518/635 641/519/636
f 640/518/635 642/520/637 641/519/636
f 641/519/636 642/520/637 643/521/638
f 642/520/637 644/522/639 643/521/638
f 643/521/638 644/522/639 645/523/640
f 644/522/639 646/524/641 645/523/640
f 645/523/640 646/524/641 647/525/642
f 646/524/641 648/526/643 647/525/642
f 647/525/642 648/526/643 649/527/644
f 649/527/644 648/526/643 650/528/645
f 648/526/643 651/529/646 650/528/645
f 650/528/645 651/529/646 652/530/647
f 651/529/646 653/531/648 652/530/647
f 652/530/647 653/531/648 654/532/649
f 653/531/648 655/533/650 654/532/649
f 655/533/650 656/534/651 654/532/649
f 654/532/649 656/534/651 657/535/652
f 656/534/651 658/536/653 657/535/652
f 657/535/652 658/536/653 659/537/654
f 658/536/653 620/498/655 659/537/654
f 659/537/654 620/498/655 660/500/656
f 661/538/657 663/496/658 662/539/659
f 663/496/658 664/497/660 662/539/659
f 665/539/661 667/497/662 666/540/663
f 667/497/662 668/541/664 666/540/663
f 669/542/665 671/495/666 670/543/667
f 671/495/666 672/494/668 670/543/667
f 673/544/669 675/545/670 674/538/671
f 675/545/670 676/496/672 674/538/671
f 677/546/673 679/547/674 678/548/675
f 679/547/674 680/549/676 678/548/675
f 680/549/676 681/550/677 678/548/675
f 678/548/675 681/550/677 682/551/678
f 681/550/677 683/552/679 682/551/678
f 682/551/678 683/552/679 684/553/680
f 683/552/679 439/329/434 684/553/680
f 684/553/680 439/329/434 441/331/436
f 685/554/681 687/555/682 686/556/683
f 687/555/682 688/557/684 686/556/683
f 686/556/683 688/557/684 689/558/685
f 688/557/684 690/559/686 689/558/685
f 689/558/685 690/559/686 691/560/687
f 690/559/686 692/561/688 691/560/687
f 692/561/688 693/562/689 691/560/687
f 691/560/687 693/562/689 694/563/690
f 695/564/691 697/441/692 696/565/693
f 697/441/692 698/442/694 696/565/693
f 699/566/695 701/567/696 700/568/697
f 701/567/696 702/569/698 700/568/697
f 700/568/697 702/569/698 703/570/699
f 702/569/698 704/571/700 703/570/699
f 703/570/699 704/571/700 705/572/701
f 705/572/701 704/571/700 706/573/702
f 704/571/700 707/574/703 706/573/702
f 706/573/702 707/574/703 708/575/704
f 708/575/704 707/574/703 709/576/705
f 709/576/705 707/574/703 710/577/706
f 707/574/703 711/578/707 710/577/706
f 710/577/706 711/578/707 712/579/708
f 712/579/708 711/578/707 713/580/709
f 711/578/707 714/581/710 713/580/709
f 713/580/709 714/581/710 715/582/711
f 714/581/710 716/583/712 715/582/711
f 716/583/712 717/584/713 715/582/711
f 715/582/711 717/584/713 718/585/714
f 718/585/714 717/584/713 719/586/715
f 719/586/715 717/584/713 720/587/716
f 717/584/713 716/583/712 720/587/716
f 720/587/716 716/583/712 721/588/717
f 716/583/712 714/581/710 721/588/717
f 721/588/717 714/581/710 722/589/718
f 714/581/710 711/578/707 722/589/718
f 722/589/718 711/578/707 723/590/719
f 723/590/719 711/578/707 724/591/720
f 711/578/707 707/574/703 724/591/720
f 724/591/720 707/574/703 725/592/721
f 707/574/703 704/571/700 725/592/721
f 725/592/721 704/571/700 726/593/722
f 726/593/722 704/571/700 727/594/723
f 704/571/700 702/569/698 727/594/723
f 728/595/724 730/596/725 729/597/726
f 729/597/726 730/596/725 731/598/727
f 731/598/727 730/596/725 732/599/728
f 730/596/725 733/600/729 732/599/728
f 733/600/729 734/601/730 732/599/728
f 732/599/728 734/601/730 372/270/367
f 372/270/367 734/601/730 735/602/731
f 734/601/730 736/603/732 735/602/731
f 735/602/731 736/603/732 737/604/733
f 736/603/732 738/605/734 737/604/733
f 737/604/733 738/605/734 739/606/735
f 739/606/735 738/605/734 740/607/736
f 738/605/734 741/608/737 740/607/736
f 741/608/737 742/609/738 740/607/736
f 740/607/736 742/609/738 743/610/739
f 743/610/739 742/609/738 744/611/740
f 742/609/738 745/612/741 744/611/740
f 745/612/741 746/613/742 744/611/740
f 744/611/740 746/613/742 747/614/743
f 746/613/742 748/615/744 747/614/743
f 747/614/743 748/615/744 749/616/745
f 749/616/745 748/615/744 750/617/746
f 748/615/744 751/618/747 750/617/746
f 751/618/747 752/619/748 750/617/746
f 752/619/748 753/620/749 750/617/746
f 750/617/746 753/620/749 749/616/745
f 753/620/749 754/621/750 749/616/745
f 754/621/750 755/622/751 749/616/745
f 749/616/745 755/622/751 747/614/743
f 755/622/751 756/623/752 747/614/743
f 756/623/752 757/624/753 747/614/743
f 747/614/743 757/624/753 744/611/740
f 757/624/753 758/625/754 744/611/740
f 744/611/740 758/625/754 743/610/739
f 758/625/754 759/626/755 743/610/739
f 759/626/755 760/627/756 743/610/739
f 743/610/739 760/627/756 740/607/736
f 740/607/736 760/627/756 739/606/735
f 760/627/756 761/628/757 739/606/735
f 761/628/757 762/629/758 739/606/735
f 739/606/735 762/629/758 737/604/733
f 762/629/758 763/630/759 737/604/733
f 763/630/759 764/631/760 737/604/733
f 737/604/733 764/631/760 735/602/731
f 764/631/760 765/632/761 735/602/731
f 735/602/731 765/632/761 372/270/367
f 372/270/367 765/632/761 370/268/365
f 765/632/761 766/633/762 370/268/365
f 370/268/365 766/633/762 368/266/363
f 368/266/363 766/633/762 366/264/361
f 366/264/361 766/633/762 364/262/359
f 364/262/359 766/633/762 361/259/356
f 766/633/762 767/634/763 361/259/356
f 361/259/356 767/634/763 360/258/355
f 767/634/763 768/635/764 360/258/355
f 768/635/764 769/636/765 360/258/355
f 360/258/355 769/636/765 356/254/351
f 769/636/765 770/637/766 356/254/351
f 770/637/766 771/638/767 356/254/351
f 356/254/351 771/638/767 355/253/350
f 355/253/350 771/638/767 353/251/348
f 771/638/767 772/639/768 353/251/348
f 772/639/768 773/640/769 353/251/348
f 353/251/348 773/640/769 351/250/347
f 773/640/769 774/641/770 351/250/347
f 351/250/347 774/641/770 775/642/771
f 774/641/770 776/643/772 775/642/771
f 775/642/771 776/643/772 363/261/358
f 776/643/772 777/644/773 363/261/358
f 777/644/773 778/645/774 363/261/358
f 363/261/358 778/645/774 365/263/360
f 778/645/774 779/646/775 365/263/360
f 779/646/775 780/647/776 365/263/360
f 365/263/360 780/647/776 367/265/362
f 780/647/776 781/648/777 367/265/362
f 781/648/777 782/649/778 367/265/362
f 367/265/362 782/649/778 369/267/364
f 782/649/778 783/650/779 369/267/364
f 369/267/364 783/650/779 371/269/366
f 371/269/366 783/650/779 373/271/368
f 373/271/368 783/650/779 375/273/370
f 783/650/779 782/649/778 375/273/370
f 375/273/370 782/649/778 377/275/372
f 782/649/778 781/648/777 377/275/372
f 377/275/372 781/648/777 379/277/374
f 781/648/777 780/647/776 379/277/374
f 379/277/374 780/647/776 381/279/376
f 780/647/776 784/651/780 381/279/376
f 381/279/376 784/651/780 383/281/378
f 383/281/378 784/651/780 386/284/381
f 784/651/780 785/652/781 386/284/381
f 386/284/381 785/652/781 389/287/384
f 785/652/781 786/653/782 389/287/384
f 389/287/384 786/653/782 787/654/783
f 786/653/782 788/655/784 787/654/783
f 787/654/783 788/655/784 789/656/785
f 788/655/784 790/657/786 789/656/785
f 790/657/786 791/658/787 789/656/785
f 789/656/785 791/658/787 787/654/783
f 791/658/787 792/659/788 787/654/783
f 787/654/783 792/659/788 389/287/384
f 389/287/384 792/659/788 391/289/386
f 792/659/788 793/660/789 391/289/386
f 391/289/386 793/660/789 392/290/387
f 392/290/387 793/660/789 794/661/790
f 794/661/790 793/660/789 795/662/791
f 795/662/791 793/660/789 791/658/787
f 793/660/789 792/659/788 791/658/787
f 796/663/792 798/664/793 797/665/794
f 798/664/793 799/666/795 797/665/794
f 799/666/795 800/667/796 797/665/794
f 797/665/794 800/667/796 801/668/797
f 800/667/796 802/669/798 801/668/797
f 801/668/797 802/669/798 803/670/799
f 802/669/798 804/671/800 803/670/799
f 803/670/799 804/671/800 805/672/801
f 805/672/801 804/671/800 806/673/802
f 806/673/802 804/671/800 807/674/803
f 804/671/800 808/675/804 807/674/803
f 808/675/804 809/676/805 807/674/803
f 807/674/803 809/676/805 810/677/806
f 809/676/805 811/678/807 810/677/806
f 810/677/806 811/678/807 812/679/808
f 811/678/807 813/680/809 812/679/808
f 812/679/808 813/680/809 814/681/810
f 813/680/809 815/682/811 814/681/810
f 814/681/810 815/682/811 816/683/812
f 815/682/811 817/684/813 816/683/812
f 816/683/812 817/684/813 818/685/814
f 818/685/814 817/684/813 798/664/793
f 798/664/793 817/684/813 819/686/815
f 817/684/813 815/682/811 819/686/815
f 819/686/815 815/682/811 820/687/816
f 815/682/811 813/680/809 820/687/816
f 820/687/816 813/680/809 821/688/817
f 821/688/817 813/680/809 822/689/818
f 813/680/809 811/678/807 822/689/818
f 811/678/807 809/676/805 822/689/818
f 809/676/805 808/675/804 822/689/818
f 822/689/818 808/675/804 823/690/819
f 808/675/804 804/671/800 823/690/819
f 804/671/800 802/669/798 823/690/819
f 802/669/798 824/691/820 823/690/819
f 823/690/819 824/691/820 822/689/818
f 824/691/820 825/692/821 822/689/818
f 822/689/818 825/692/821 821/688/817
f 821/688/817 825/692/821 820/687/816
f 825/692/821 826/693/822 820/687/816
f 820/687/816 826/693/822 819/686/815
f 819/686/815 826/693/822 798/664/793
f 798/664/793 826/693/822 799/666/795
f 799/666/795 826/693/822 800/667/796
f 826/693/822 827/694/823 800/667/796
f 800/667/796 827/694/823 802/669/798
f 802/669/798 827/694/823 824/691/820
f 824/691/820 827/694/823 825/692/821
f 827/694/823 826/693/822 825/692/821
f 828/695/824 830/696/825 829/697/826
f 829/697/826 830/696/825 831/698/827
f 830/696/825 832/699/828 831/698/827
f 832/699/828 833/700/829 831/698/827
f 831/698/827 833/700/829 829/697/826
f 829/697/826 833/700/829 834/701/830
f 833/700/829 835/702/831 834/701/830
f 834/701/830 835/702/831 836/703/832
f 835/702/831 837/704/833 836/703/832
f 836/703/832 837/704/833 838/705/834
f 838/705/834 837/704/833 839/706/835
f 839/706/835 837/704/833 840/707/836
f 840/707/836 837/704/833 841/708/837
f 837/704/833 835/702/831 841/708/837
f 841/708/837 835/702/831 842/709/838
f 842/709/838 835/702/831 843/710/839
f 835/702/831 833/700/829 843/710/839
f 833/700/829 832/699/828 843/710/839
f 843/710/839 832/699/828 844/711/840
f 832/699/828 845/712/841 844/711/840
f 844/711/840 845/712/841 846/713/842
f 845/712/841 847/714/843 846/713/842
f 846/713/842 847/714/843 848/715/844
f 848/715/844 847/714/843 849/716/845
f 849/716/845 847/714/843 850/717/846
f 847/714/843 851/718/847 850/717/846
f 850/717/846 851/718/847 852/717/848
f 851/718/847 853/718/849 852/717/848
f 854/719/850 856/720/851 855/721/852
f 856/720/851 857/722/853 855/721/852
f 855/721/852 857/722/853 830/696/825
f 857/722/853 858/723/854 830/696/825
f 830/696/825 858/723/854 832/699/828
f 832/699/828 858/723/854 845/712/841
f 858/723/854 859/724/855 845/712/841
f 845/712/841 859/724/855 847/714/843
f 847/714/843 859/724/855 851/718/847
f 851/718/847 859/724/855 856/720/851
f 856/720/851 859/724/855 857/722/853
f 859/724/855 858/723/854 857/722/853
f 860/725/856 862/725/857 861/716/858
f 861/716/858 862/725/857 849/716/845
f 849/716/845 862/725/857 848/715/844
f 848/715/844 862/725/857 863/726/859
f 862/725/857 864/727/860 863/726/859
f 863/726/859 864/727/860 865/728/861
f 864/727/860 866/727/862 865/728/861
f 866/727/862 867/729/863 865/728/861
f 867/729/863 840/707/836 865/728/861
f 865/728/861 840/707/836 868/730/864
f 840/707/836 841/708/837 868/730/864
f 868/730/864 841/708/837 869/731/865
f 841/708/837 842/709/838 869/731/865
f 869/731/865 842/709/838 870/732/866
f 842/709/838 843/710/839 870/732/866
f 843/710/839 844/711/840 870/732/866
f 870/732/866 844/711/840 871/733/867
f 844/711/840 846/713/842 871/733/867
f 846/713/842 848/715/844 871/733/867
f 848/715/844 869/731/865 871/733/867
f 871/733/867 869/731/865 870/732/866
f 872/734/868 874/735/869 873/736/870
f 874/735/869 875/737/871 873/736/870
f 875/737/871 876/717/872 873/736/870
f 873/736/870 876/717/872 877/717/873
f 878/716/874 879/716/875 875/737/871
f 879/716/875 876/717/872 875/737/871
f 880/727/876 882/727/877 881/738/878
f 882/727/877 883/725/879 881/738/878
f 881/738/878 883/725/879 884/739/880
f 883/725/879 885/725/881 884/739/880
f 886/740/882 887/741/883 884/739/880
f 887/741/883 881/738/878 884/739/880
f 888/719/884 890/742/885 889/720/886
f 889/720/886 890/742/885 891/743/887
f 891/743/887 890/742/885 892/744/888
f 890/742/885 893/745/889 892/744/888
f 894/718/890 895/718/891 891/743/887
f 895/718/891 889/720/886 891/743/887
f 896/706/824 898/707/892 897/705/893
f 897/705/893 898/707/892 899/746/894
f 898/707/892 900/747/895 899/746/894
f 900/747/895 901/748/896 899/746/894
f 899/746/894 901/748/896 897/705/893
f 897/705/893 901/748/896 902/703/897
f 901/748/896 903/749/898 902/703/897
f 902/703/897 903/749/898 904/701/899
f 903/749/898 905/750/900 904/701/899
f 904/701/899 905/750/900 906/697/901
f 906/697/901 905/750/900 907/695/902
f 907/695/902 905/750/900 908/696/903
f 908/696/903 905/750/900 909/751/904
f 905/750/900 903/749/898 909/751/904
f 909/751/904 903/749/898 910/752/905
f 910/752/905 903/749/898 911/753/906
f 903/749/898 901/748/896 911/753/906
f 901/748/896 900/747/895 911/753/906
f 911/753/906 900/747/895 912/754/907
f 900/747/895 913/755/908 912/754/907
f 912/754/907 913/755/908 914/756/909
f 913/755/908 915/757/910 914/756/909
f 914/756/909 915/757/910 916/758/911
f 916/758/911 915/757/910 917/717/845
f 917/717/845 915/757/910 918/759/912
f 915/757/910 919/725/913 918/759/912
f 918/759/912 919/725/913 920/716/914
f 919/725/913 921/725/915 920/716/914
f 922/727/916 924/727/917 923/729/918
f 924/727/917 925/760/919 923/729/918
f 923/729/918 925/760/919 898/707/892
f 925/760/919 926/761/920 898/707/892
f 898/707/892 926/761/920 900/747/895
f 900/747/895 926/761/920 913/755/908
f 926/761/920 927/762/921 913/755/908
f 913/755/908 927/762/921 915/757/910
f 915/757/910 927/762/921 919/725/913
f 919/725/913 927/762/921 924/727/917
f 924/727/917 927/762/921 925/760/919
f 927/762/921 926/761/920 925/760/919
f 928/718/922 930/718/923 929/717/924
f 929/717/924 930/718/923 917/717/845
f 917/717/845 930/718/923 916/758/911
f 916/758/911 930/718/923 931/763/925
f 930/718/923 932/720/860 931/763/925
f 931/763/925 932/720/860 933/764/926
f 932/720/860 934/719/927 933/764/926
f 934/719/927 935/721/928 933/764/926
f 935/721/928 908/696/903 933/764/926
f 933/764/926 908/696/903 936/765/929
f 908/696/903 909/751/904 936/765/929
f 936/765/929 909/751/904 937/766/930
f 909/751/904 910/752/905 937/766/930
f 937/766/930 910/752/905 938/767/931
f 910/752/905 911/753/906 938/767/931
f 911/753/906 912/754/907 938/767/931
f 938/767/931 912/754/907 939/768/932
f 912/754/907 914/756/909 939/768/932
f 914/756/909 916/758/911 939/768/932
f 916/758/911 937/766/930 939/768/932
f 939/768/932 937/766/930 938/767/931
f 940/735/868 942/734/869 941/737/870
f 942/734/869 943/736/871 941/737/870
f 943/736/871 944/759/872 941/737/870
f 941/737/870 944/759/872 945/716/873
f 946/717/874 947/717/875 943/736/871
f 947/717/875 944/759/872 943/736/871
f 948/719/933 950/720/934 949/742/935
f 950/720/934 951/718/936 949/742/935
f 949/742/935 951/718/936 952/743/937
f 951/718/936 953/718/938 952/743/937
f 954/744/939 955/745/940 952/743/937
f 955/745/940 949/742/935 952/743/937
f 956/727/941 958/738/942 957/727/943
f 957/727/943 958/738/942 959/739/944
f 959/739/944 958/738/942 960/740/945
f 958/738/942 961/741/946 960/740/945
f 962/725/947 963/725/948 959/739/944
f 963/725/948 957/727/943 959/739/944
f 964/673/949 966/674/950 965/672/951
f 966/674/950 967/769/952 965/672/951
f 967/769/952 968/770/953 965/672/951
f 965/672/951 968/770/953 969/670/797
f 968/770/953 970/771/954 969/670/797
f 969/670/797 970/771/954 971/668/955
f 970/771/954 972/772/956 971/668/955
f 971/668/955 972/772/956 973/665/957
f 973/665/957 972/772/956 974/663/802
f 974/663/802 972/772/956 975/664/958
f 972/772/956 976/773/959 975/664/958
f 976/773/959 977/774/960 975/664/958
f 975/664/958 977/774/960 978/685/961
f 977/774/960 979/775/962 978/685/961
f 978/685/961 979/775/962 980/683/963
f 979/775/962 981/776/964 980/683/963
f 980/683/963 981/776/964 982/681/965
f 981/776/964 983/777/966 982/681/965
f 982/681/965 983/777/966 984/679/812
f 983/777/966 985/778/967 984/679/812
f 984/679/812 985/778/967 986/677/968
f 986/677/968 985/778/967 966/674/950
f 966/674/950 985/778/967 987/779/969
f 985/778/967 983/777/966 987/779/969
f 987/779/969 983/777/966 988/780/970
f 983/777/966 981/776/964 988/780/970
f 988/780/970 981/776/964 989/781/971
f 989/781/971 981/776/964 990/782/972
f 981/776/964 979/775/962 990/782/972
f 979/775/962 977/774/960 990/782/972
f 977/774/960 976/773/959 990/782/972
f 990/782/972 976/773/959 991/783/819
f 976/773/959 972/772/956 991/783/819
f 972/772/956 970/771/954 991/783/819
f 970/771/954 992/784/973 991/783/819
f 991/783/819 992/784/973 990/782/972
f 992/784/973 993/785/821 990/782/972
f 990/782/972 993/785/821 989/781/971
f 989/781/971 993/785/821 988/780/970
f 993/785/821 994/786/974 988/780/970
f 988/780/970 994/786/974 987/779/969
f 987/779/969 994/786/974 966/674/950
f 966/674/950 994/786/974 967/769/952
f 967/769/952 994/786/974 968/770/953
f 994/786/974 995/787/823 968/770/953
f 968/770/953 995/787/823 970/771/954
f 970/771/954 995/787/823 992/784/973
f 992/784/973 995/787/823 993/785/821
f 995/787/823 994/786/974 993/785/821
f 996/788/975 998/789/976 997/790/977
f 998/789/976 999/791/978 997/790/977
f 999/791/978 1000/792/979 997/790/977
f 997/790/977 1000/792/979 1001/793/980
f 1001/793/980 1000/792/979 1002/794/981
f 1000/792/979 1003/795/982 1002/794/981
f 1003/795/982 1004/796/983 1002/794/981
f 1002/794/981 1004/796/983 1005/797/984
f 1004/796/983 1006/798/985 1005/797/984
f 1005/797/984 1006/798/985 1007/799/986
f 1007/799/986 1006/798/985 1008/800/987
f 1006/798/985 1009/801/988 1008/800/987
f 1008/800/987 1009/801/988 1010/802/989
f 1009/801/988 1011/803/990 1010/802/989
f 1010/802/989 1011/803/990 1012/804/991
f 1011/803/990 1013/805/992 1012/804/991
f 1012/804/991 1013/805/992 1014/806/993
f 1013/805/992 1015/807/994 1014/806/993
f 1014/806/993 1015/807/994 1016/808/995
f 1015/807/994 1017/809/996 1016/808/995
f 1016/808/995 1017/809/996 1018/810/997
f 1017/809/996 1019/811/998 1018/810/997
f 1018/810/997 1019/811/998 1020/812/999
f 1019/811/998 1021/813/1000 1020/812/999
f 1020/812/999 1021/813/1000 1022/814/1001
f 1021/813/1000 1023/815/1002 1022/814/1001
f 1022/814/1001 1023/815/1002 1024/816/1003
f 1024/816/1003 1023/815/1002 1025/817/1004
f 1023/815/1002 1026/818/1005 1025/817/1004
f 1026/818/1005 1027/819/1006 1025/817/1004
f 1025/817/1004 1027/819/1006 1028/820/1007
f 1027/819/1006 1029/821/1008 1028/820/1007
f 1028/820/1007 1029/821/1008 1030/822/1009
f 1029/821/1008 1031/823/1010 1030/822/1009
f 1030/822/1009 1031/823/1010 1032/824/1011
f 1031/823/1010 1033/825/1012 1032/824/1011
f 1033/825/1012 1034/826/1013 1032/824/1011
f 1032/824/1011 1034/826/1013 1035/827/1014
f 1034/826/1013 1036/828/1015 1035/827/1014
f 1035/827/1014 1036/828/1015 1037/829/1016
f 1037/829/1016 1036/828/1015 1038/830/1017
f 1036/828/1015 1039/831/1018 1038/830/1017
f 1038/830/1017 1039/831/1018 1040/832/1019
f 1039/831/1018 1041/833/1020 1040/832/1019
f 1041/833/1020 1042/834/1021 1040/832/1019
f 1040/832/1019 1042/834/1021 1043/835/1022
f 1042/834/1021 1044/836/1023 1043/835/1022
f 1043/835/1022 1044/836/1023 1045/837/1024
f 1044/836/1023 1046/838/1025 1045/837/1024
f 1045/837/1024 1046/838/1025 1047/839/1026
f 1046/838/1025 1048/840/1027 1047/839/1026
f 1048/840/1027 1049/841/1028 1047/839/1026
f 1047/839/1026 1049/841/1028 1050/842/1029
f 1050/842/1029 1049/841/1028 1051/843/1030
f 1049/841/1028 1052/844/1031 1051/843/1030
f 1051/843/1030 1052/844/1031 1053/845/1032
f 1052/844/1031 1054/846/1033 1053/845/1032
f 1053/845/1032 1054/846/1033 1055/847/1034
f 1054/846/1033 1056/848/1035 1055/847/1034
f 1055/847/1034 1056/848/1035 1057/849/1036
f 1056/848/1035 1058/850/1037 1057/849/1036
f 1057/849/1036 1058/850/1037 1059/851/1038
f 1058/850/1037 1060/852/1039 1059/851/1038
f 1059/851/1038 1060/852/1039 1061/853/1040
f 1060/852/1039 1062/854/1041 1061/853/1040
f 1061/853/1040 1062/854/1041 1063/855/1042
f 1062/854/1041 1064/856/1043 1063/855/1042
f 1064/856/1043 1065/857/1044 1063/855/1042
f 1063/855/1042 1065/857/1044 1066/858/1045
f 1066/858/1045 1065/857/1044 1067/859/1046
f 1065/857/1044 1068/860/1047 1067/859/1046
f 1067/859/1046 1068/860/1047 1069/861/1048
f 1068/860/1047 1070/862/1049 1069/861/1048
f 1069/861/1048 1070/862/1049 1071/863/1050
f 1070/862/1049 1072/864/1051 1071/863/1050
f 1071/863/1050 1072/864/1051 1073/865/1052
f 1072/864/1051 1074/866/1053 1073/865/1052
f 1073/865/1052 1074/866/1053 1075/867/1054
f 1074/866/1053 1076/868/1055 1075/867/1054
f 1076/868/1055 1077/869/1056 1075/867/1054
f 1075/867/1054 1077/869/1056 1078/870/1057
f 1077/869/1056 1079/871/1058 1078/870/1057
f 1078/870/1057 1079/871/1058 1080/872/1059
f 1079/871/1058 1081/873/1060 1080/872/1059
f 1080/872/1059 1081/873/1060 1082/874/1061
f 1081/873/1060 1083/875/1062 1082/874/1061
f 1082/874/1061 1083/875/1062 1084/876/1063
f 1083/875/1062 1085/877/1064 1084/876/1063
f 1084/876/1063 1085/877/1064 1086/878/1065
f 1085/877/1064 1005/797/984 1086/878/1065
f 1086/878/1065 1005/797/984 1007/799/986
f 1087/879/1066 1089/880/1067 1088/881/1068
f 1089/880/1067 1090/882/1069 1088/881/1068
f 1090/882/1069 1091/883/1070 1088/881/1068
f 1088/881/1068 1091/883/1070 1092/884/1071
f 1091/883/1070 1093/885/1072 1092/884/1071
f 1092/884/1071 1093/885/1072 1094/886/1073
f 1093/885/1072 1068/860/1047 1094/886/1073
f 1094/886/1073 1068/860/1047 1095/887/1074
f 1068/860/1047 1065/857/1044 1095/887/1074
f 1096/888/1075 1098/889/1076 1097/890/1077
f 1097/890/1077 1098/889/1076 1099/891/1078
f 1098/889/1076 1100/892/1079 1099/891/1078
f 1100/892/1079 1101/893/1080 1099/891/1078
f 1099/891/1078 1101/893/1080 1102/894/1081
f 1101/893/1080 1103/895/1082 1102/894/1081
f 1103/895/1082 1104/896/1083 1102/894/1081
f 1104/896/1083 1105/897/1084 1102/894/1081
f 1105/897/1084 1106/898/1085 1102/894/1081
f 1106/898/1085 1107/899/1086 1102/894/1081
f 1102/894/1081 1107/899/1086 1108/900/1087
f 1107/899/1086 1109/901/1088 1108/900/1087
f 1109/901/1088 1110/902/1089 1108/900/1087
f 1110/902/1089 1111/903/1090 1108/900/1087
f 1108/900/1087 1111/903/1090 1112/904/1091
f 1111/903/1090 1113/905/1092 1112/904/1091
f 1114/906/1093 1116/907/1094 1115/908/1095
f 1116/907/1094 1117/909/1096 1115/908/1095
f 1118/906/1097 1120/907/1098 1119/908/1099
f 1120/907/1098 1121/909/1100 1119/908/1099
f 1122/910/1101 1124/911/1102 1123/912/1103
f 1123/912/1103 1124/911/1102 1125/913/1104
f 1124/911/1102 1126/914/1105 1125/913/1104
f 1125/913/1104 1126/914/1105 1127/915/1106
f 1126/914/1105 1128/916/1107 1127/915/1106
f 1128/916/1107 1129/917/1108 1127/915/1106
f 1127/915/1106 1129/917/1108 1125/913/1104
f 1129/917/1108 1130/918/1109 1125/913/1104
f 1130/918/1109 1131/919/1110 1125/913/1104
f 1125/913/1104 1131/919/1110 1123/912/1103
f 1132/920/1111 1134/921/1112 1133/922/1113
f 1134/921/1112 1135/923/1114 1133/922/1113
f 1133/922/1113 1135/923/1114 1136/924/1115
f 1135/923/1114 1137/925/1116 1136/924/1115
f 1137/925/1116 1138/926/1117 1136/924/1115
f 1136/924/1115 1138/926/1117 1139/927/1118
f 1138/926/1117 1140/928/1119 1139/927/1118
f 1139/927/1118 1140/928/1119 1141/929/1120
f 1141/929/1120 1140/928/1119 1142/930/1121
f 1140/928/1119 1143/931/1122 1142/930/1121
f 1142/930/1121 1143/931/1122 1144/932/1123
f 1143/931/1122 1145/933/1124 1144/932/1123
f 1144/932/1123 1145/933/1124 1146/934/1125
f 1146/934/1125 1145/933/1124 1147/935/1126
f 1145/933/1124 1148/936/1127 1147/935/1126
f 1147/935/1126 1148/936/1127 1149/937/1128
f 1148/936/1127 1150/938/1129 1149/937/1128
f 1149/937/1128 1150/938/1129 1151/939/1130
f 1151/939/1130 1150/938/1129 1152/940/1131
f 1150/938/1129 1153/941/1132 1152/940/1131
f 1153/941/1132 1154/942/1133 1152/940/1131
f 1154/942/1133 1155/943/1134 1152/940/1131
f 1152/940/1131 1155/943/1134 1156/944/1135
f 1157/945/1136 1159/946/1137 1158/947/1138
f 1159/946/1137 1160/948/1139 1158/947/1138
f 1160/948/1139 1161/949/1140 1158/947/1138
f 1158/947/1138 1161/949/1140 1162/950/1141
f 1161/949/1140 1163/951/1142 1162/950/1141
f 1163/951/1142 1164/952/1143 1162/950/1141
f 1162/950/1141 1164/952/1143 1165/953/1144
f 1164/952/1143 1166/954/1145 1165/953/1144
f 1166/954/1145 1167/955/1146 1165/953/1144
f 1165/953/1144 1167/955/1146 1168/956/1147
f 1169/957/1148 1171/958/1149 1170/959/1150
f 1171/958/1149 1172/960/1151 1170/959/1150
f 1170/959/1150 1172/960/1151 1173/961/1152
f 1172/960/1151 1174/962/1153 1173/961/1152
f 1173/961/1152 1174/962/1153 1175/963/1154
f 1174/962/1153 1176/964/1155 1175/963/1154
f 1175/963/1154 1176/964/1155 1177/965/1156
f 1177/965/1156 1176/964/1155 1178/966/1157
f 1176/964/1155 1179/967/1158 1178/966/1157
f 1179/967/1158 1180/968/1159 1178/966/1157
f 1180/968/1159 1181/969/1160 1178/966/1157
f 1181/969/1160 1182/970/1161 1178/966/1157
f 1178/966/1157 1182/970/1161 1183/971/1162
f 1182/970/1161 1184/972/1163 1183/971/1162
f 1183/971/1162 1184/972/1163 1185/973/1164
f 1185/973/1164 1184/972/1163 1162/950/1141
f 1184/972/1163 1158/947/1138 1162/950/1141
f 1186/974/1165 1188/975/1166 1187/976/1167
f 1188/975/1166 1189/977/1168 1187/976/1167
f 1187/976/1167 1189/977/1168 1190/978/1169
f 1190/978/1169 1189/977/1168 1191/979/1170
f 1189/977/1168 1192/980/1171 1191/979/1170
f 1191/979/1170 1192/980/1171 1193/981/1172
f 1192/980/1171 1194/982/1173 1193/981/1172
f 1194/982/1173 1195/983/1174 1193/981/1172
f 1193/981/1172 1195/983/1174 1196/984/1175
f 1196/984/1175 1195/983/1174 1197/985/1176
f 1197/985/1176 1195/983/1174 1198/986/1177
f 1198/986/1177 1195/983/1174 1199/987/1178
f 1195/983/1174 1200/988/1179 1199/987/1178
f 1199/987/1178 1200/988/1179 1201/989/1180
f 1200/988/1179 1185/973/1164 1201/989/1180
f 1185/973/1164 1162/950/1141 1201/989/1180
f 1201/989/1180 1162/950/1141 1165/953/1144
f 1202/990/1181 1204/991/1182 1203/992/1183
f 1203/992/1183 1204/991/1182 1205/993/1184
f 1204/991/1182 1206/994/1185 1205/993/1184
f 1206/994/1185 1207/995/1186 1205/993/1184
f 1205/993/1184 1207/995/1186 1208/996/1187
f 1208/996/1187 1207/995/1186 1209/997/1188
f 1209/997/1188 1207/995/1186 1210/998/1189
f 1207/995/1186 1211/999/1190 1210/998/1189
f 1210/998/1189 1211/999/1190 1212/1000/1191
f 1212/1000/1191 1211/999/1190 1213/1001/1192
f 1213/1001/1192 1211/999/1190 1214/1002/1193
f 1211/999/1190 1215/1003/1194 1214/1002/1193
f 1214/1002/1193 1215/1003/1194 1216/1004/1195
f 1216/1004/1195 1215/1003/1194 1217/1005/1196
f 1217/1005/1196 1215/1003/1194 1218/1006/1197
f 1218/1006/1197 1215/1003/1194 1219/1007/1198
f 1215/1003/1194 1220/1008/1199 1219/1007/1198
f 1219/1007/1198 1220/1008/1199 1221/1009/1200
f 1221/1009/1200 1220/1008/1199 1188/975/1166
f 1188/975/1166 1220/1008/1199 1189/977/1168
f 1220/1008/1199 1215/1003/1194 1189/977/1168
f 1189/977/1168 1215/1003/1194 1192/980/1171
f 1215/1003/1194 1211/999/1190 1192/980/1171
f 1211/999/1190 1222/1010/1201 1192/980/1171
f 1192/980/1171 1222/1010/1201 1194/982/1173
f 1222/1010/1201 1223/1011/1202 1194/982/1173
f 1223/1011/1202 1224/1012/1203 1194/982/1173
f 1194/982/1173 1224/1012/1203 1195/983/1174
f 1224/1012/1203 1225/1013/1204 1195/983/1174
f 1195/983/1174 1225/1013/1204 1200/988/1179
f 1200/988/1179 1225/1013/1204 1185/973/1164
f 1185/973/1164 1225/1013/1204 1183/971/1162
f 1225/1013/1204 1224/1012/1203 1183/971/1162
f 1183/971/1162 1224/1012/1203 1178/966/1157
f 1224/1012/1203 1223/1011/1202 1178/966/1157
f 1178/966/1157 1223/1011/1202 1177/965/1156
f 1223/1011/1202 1222/1010/1201 1177/965/1156
f 1177/965/1156 1222/1010/1201 1175/963/1154
f 1222/1010/1201 1211/999/1190 1175/963/1154
f 1211/999/1190 1207/995/1186 1175/963/1154
f 1207/995/1186 1206/994/1185 1175/963/1154
f 1175/963/1154 1206/994/1185 1173/961/1152
f 1206/994/1185 1204/991/1182 1173/961/1152
f 1173/961/1152 1204/991/1182 1170/959/1150
f 1226/1014/1205 1227/1015/1206 1221/1009/1200
f 1227/1015/1206 1219/1007/1198 1221/1009/1200
f 1228/1016/1207 1230/1017/1208 1229/1018/1209
f 1229/1018/1209 1230/1017/1208 1231/1019/1210
f 1230/1017/1208 1232/1020/1211 1231/1019/1210
f 1231/1019/1210 1232/1020/1211 1233/1021/1212
f 1232/1020/1211 1234/1022/1213 1233/1021/1212
f 1233/1021/1212 1234/1022/1213 1235/1023/1214
f 1234/1022/1213 1236/1024/1215 1235/1023/1214
f 1235/1023/1214 1236/1024/1215 1237/1025/1216
f 1236/1024/1215 1238/1026/1217 1237/1025/1216
f 1238/1026/1217 1239/1027/1218 1237/1025/1216
f 1239/1027/1218 1240/1028/1219 1237/1025/1216
f 1240/1028/1219 1241/1029/1220 1237/1025/1216
f 1237/1025/1216 1241/1029/1220 1235/1023/1214
f 1235/1023/1214 1241/1029/1220 1233/1021/1212
f 1241/1029/1220 1242/1030/1221 1233/1021/1212
f 1233/1021/1212 1242/1030/1221 1231/1019/1210
f 1231/1019/1210 1242/1030/1221 1229/1018/1209
f 1242/1030/1221 1243/1031/1222 1229/1018/1209
f 1229/1018/1209 1243/1031/1222 1244/1032/1223
f 1244/1032/1223 1243/1031/1222 1245/1033/1224
f 1245/1033/1224 1243/1031/1222 1246/1034/1225
f 1246/1034/1225 1243/1031/1222 1241/1029/1220
f 1243/1031/1222 1242/1030/1221 1241/1029/1220
f 1247/1035/1226 1249/1036/1227 1248/1037/1228
f 1249/1036/1227 1250/1038/1229 1248/1037/1228
f 1248/1037/1228 1250/1038/1229 1251/1039/1230
f 1250/1038/1229 1252/1040/1231 1251/1039/1230
f 1251/1039/1230 1252/1040/1231 1253/1041/1232
f 1253/1041/1232 1252/1040/1231 1254/1042/1233
f 1252/1040/1231 1255/1043/1234 1254/1042/1233
f 1254/1042/1233 1255/1043/1234 1256/1044/1235
f 1255/1043/1234 1257/1045/1236 1256/1044/1235
f 1256/1044/1235 1257/1045/1236 1258/1046/1237
f 1259/1047/1238 1261/1048/1239 1260/1049/1240
f 1260/1049/1240 1261/1048/1239 1262/1050/1241
f 1261/1048/1239 1263/1051/1242 1262/1050/1241
f 1262/1050/1241 1263/1051/1242 1264/1052/1243
f 1263/1051/1242 1239/1027/1218 1264/1052/1243
f 1239/1027/1218 1238/1026/1217 1264/1052/1243
f 1264/1052/1243 1238/1026/1217 1265/1053/1244
f 1265/1053/1244 1238/1026/1217 1266/1054/1245
f 1238/1026/1217 1236/1024/1215 1266/1054/1245
f 1236/1024/1215 1234/1022/1213 1266/1054/1245
f 1266/1054/1245 1234/1022/1213 1267/1055/1246
f 1234/1022/1213 1232/1020/1211 1267/1055/1246
f 1267/1055/1246 1232/1020/1211 1268/1056/1247
f 1232/1020/1211 1230/1017/1208 1268/1056/1247
f 1268/1056/1247 1230/1017/1208 1269/1057/1248
f 1269/1057/1248 1230/1017/1208 1249/1036/1227
f 1230/1017/1208 1244/1032/1223 1249/1036/1227
f 1244/1032/1223 1245/1033/1224 1249/1036/1227
f 1245/1033/1224 1270/1058/1249 1249/1036/1227
f 1249/1036/1227 1270/1058/1249 1250/1038/1229
f 1270/1058/1249 1271/1059/1250 1250/1038/1229
f 1250/1038/1229 1271/1059/1250 1252/1040/1231
f 1252/1040/1231 1271/1059/1250 1255/1043/1234
f 1255/1043/1234 1271/1059/1250 1257/1045/1236
f 1257/1045/1236 1271/1059/1250 1272/1060/1251
f 1271/1059/1250 1270/1058/1249 1272/1060/1251
f 1272/1060/1251 1270/1058/1249 1273/1061/1252
f 1273/1061/1252 1270/1058/1249 1240/1028/1219
f 1270/1058/1249 1274/1062/1253 1240/1028/1219
f 1274/1062/1253 1246/1034/1225 1240/1028/1219
f 1240/1028/1219 1246/1034/1225 1241/1029/1220
f 1275/1063/1254 1277/1064/1255 1276/1065/1256
f 1277/1064/1255 1278/1066/1257 1276/1065/1256
f 1276/1065/1256 1278/1066/1257 1279/1067/1258
f 1278/1066/1257 1280/1068/1259 1279/1067/1258
f 1279/1067/1258 1280/1068/1259 1269/1057/1248
f 1280/1068/1259 1281/1069/1260 1269/1057/1248
f 1281/1069/1260 1267/1055/1246 1269/1057/1248
f 1269/1057/1248 1267/1055/1246 1268/1056/1247
f 106/106/105 1282/180/1261 105/105/104
f 1282/180/1261 1283/1070/1262 105/105/104
f 105/105/104 1283/1070/1262 104/104/103
f 1283/1070/1262 1284/184/1263 104/104/103
f 104/104/103 1284/184/1263 103/103/102
f 1284/184/1263 1285/191/1264 103/103/102
f 103/103/102 1285/191/1264 102/102/101
f 1285/191/1264 1286/190/1265 102/102/101
f 102/102/101 1286/190/1265 101/101/100
f 101/101/100 1286/190/1265 100/100/99
f 100/100/99 1286/190/1265 99/99/98
f 1286/190/1265 1287/1071/1266 99/99/98
f 99/99/98 1287/1071/1266 98/98/84
f 98/98/84 1287/1071/1266 1288/1072/82
f 1287/1071/1266 1289/192/1267 1288/1072/82
f 1288/1072/82 1289/192/1267 1290/193/1268
f 1290/193/1268 1289/192/1267 1291/186/82
f 1289/192/1267 1292/185/1269 1291/186/82
f 1291/186/82 1292/185/1269 1293/178/1270
f 1292/185/1269 1294/1073/1271 1293/178/1270
f 1293/178/1270 1294/1073/1271 1295/176/1272
f 1295/176/1272 1294/1073/1271 1296/177/1273
f 1294/1073/1271 1283/1070/1262 1296/177/1273
f 1296/177/1273 1283/1070/1262 1282/180/1261
f 109/108/107 135/135/134 110/110/109
f 135/135/134 132/132/131 110/110/109
f 132/132/131 130/130/129 110/110/109
f 110/110/109 130/130/129 112/112/111
f 130/130/129 127/127/126 112/112/111
f 112/112/111 127/127/126 1297/1074/1274
f 127/127/126 126/126/125 1297/1074/1274
f 126/126/125 1298/1075/1275 1297/1074/1274
f 1297/1074/1274 1298/1075/1275 112/112/111
f 112/112/111 1298/1075/1275 113/113/112
f 113/113/112 1298/1075/1275 116/116/115
f 1298/1075/1275 1299/1076/1276 116/116/115
f 116/116/115 1299/1076/1276 118/118/117
f 118/118/117 1299/1076/1276 120/120/119
f 120/120/119 1299/1076/1276 122/122/121
f 1299/1076/1276 1298/1075/1275 122/122/121
f 122/122/121 1298/1075/1275 1300/1077/1277
f 1298/1075/1275 126/126/125 1300/1077/1277
f 126/126/125 123/123/122 1300/1077/1277
f 1300/1077/1277 123/123/122 122/122/121
f 264/92/262 262/95/260 265/100/263
f 265/100/263 262/95/260 1301/99/1278
f 262/95/260 261/97/258 1301/99/1278
f 261/97/258 1302/98/1279 1301/99/1278
f 1302/98/1279 1303/1072/1280 1301/99/1278
f 1303/1072/1280 1304/1071/1281 1301/99/1278
f 1301/99/1278 1304/1071/1281 265/100/263
f 265/100/263 1304/1071/1281 266/190/264
f 1304/1071/1281 268/192/266 266/190/264
f 266/190/264 268/192/266 267/191/265
f 269/193/206 268/192/266 1303/1072/1280
f 268/192/266 1304/1071/1281 1303/1072/1280
f 337/235/332 335/233/330 340/238/335
f 335/233/330 348/246/343 340/238/335
f 340/238/335 348/246/343 342/240/337
f 348/246/343 1305/1078/1282 342/240/337
f 342/240/337 1305/1078/1282 344/242/339
f 344/242/339 1305/1078/1282 346/244/341
f 1305/1078/1282 348/246/343 346/244/341
f 384/282/379 1306/1079/1283 382/280/377
f 1306/1079/1283 1307/1080/1284 382/280/377
f 382/280/377 1307/1080/1284 380/278/375
f 1307/1080/1284 1308/1081/1285 380/278/375
f 1308/1081/1285 1309/1082/1286 380/278/375
f 380/278/375 1309/1082/1286 378/276/373
f 378/276/373 1309/1082/1286 376/274/371
f 1309/1082/1286 1310/1083/1287 376/274/371
f 1310/1083/1287 729/597/726 376/274/371
f 729/597/726 731/598/727 376/274/371
f 376/274/371 731/598/727 1311/1084/1288
f 731/598/727 732/599/728 1311/1084/1288
f 732/599/728 372/270/367 1311/1084/1288
f 372/270/367 374/272/369 1311/1084/1288
f 1311/1084/1288 374/272/369 376/274/371
f 580/458/575 582/460/577 1312/1085/1289
f 1312/1085/1289 582/460/577 1313/1086/1290
f 582/460/577 725/592/721 1313/1086/1290
f 1313/1086/1290 725/592/721 1314/1087/1291
f 725/592/721 726/593/722 1314/1087/1291
f 595/473/590 597/475/592 594/472/589
f 597/475/592 1315/1088/1292 594/472/589
f 594/472/589 1315/1088/1292 1316/1089/1293
f 1315/1088/1292 1317/1090/1294 1316/1089/1293
f 1316/1089/1293 1317/1090/1294 1318/1091/1295
f 1317/1090/1294 1319/1092/1296 1318/1091/1295
f 1318/1091/1295 1319/1092/1296 721/588/717
f 1319/1092/1296 720/587/716 721/588/717
f 686/556/683 689/558/685 1320/1093/1297
f 689/558/685 1321/1094/1298 1320/1093/1297
f 1320/1093/1297 1321/1094/1298 1322/1095/1299
f 1321/1094/1298 1323/1096/1300 1322/1095/1299
f 1322/1095/1299 1323/1096/1300 1324/1097/1301
f 1324/1097/1301 1323/1096/1300 1325/1098/1302
f 1325/1098/1302 1323/1096/1300 1326/1099/1303
f 1323/1096/1300 1327/1100/1304 1326/1099/1303
f 1326/1099/1303 1327/1100/1304 1328/1101/1305
f 1328/1101/1305 1327/1100/1304 1329/1102/1306
f 1329/1102/1306 1327/1100/1304 1330/1103/1307
f 1327/1100/1304 1331/1104/1308 1330/1103/1307
f 1331/1104/1308 1332/1105/1309 1330/1103/1307
f 1330/1103/1307 1332/1105/1309 1333/1106/1310
f 1333/1106/1310 1332/1105/1309 1334/1107/1311
f 1334/1107/1311 1332/1105/1309 1335/1108/1312
f 1332/1105/1309 1336/1109/1313 1335/1108/1312
f 1335/1108/1312 1336/1109/1313 1337/1110/1314
f 1336/1109/1313 1338/1111/1315 1337/1110/1314
f 1337/1110/1314 1338/1111/1315 1339/1112/1316
f 1339/1112/1316 1338/1111/1315 1340/1113/1317
f 1340/1113/1317 1338/1111/1315 1341/1114/1318
f 1341/1114/1318 1338/1111/1315 1342/1115/1319
f 1338/1111/1315 1336/1109/1313 1342/1115/1319
f 1342/1115/1319 1336/1109/1313 1331/1104/1308
f 1336/1109/1313 1332/1105/1309 1331/1104/1308
f 691/560/687 1343/1116/1320 689/558/685
f 689/558/685 1343/1116/1320 1321/1094/1298
f 1343/1116/1320 1344/1117/1321 1321/1094/1298
f 1344/1117/1321 1345/1118/1322 1321/1094/1298
f 1321/1094/1298 1345/1118/1322 1323/1096/1300
f 1345/1118/1322 1346/1119/1323 1323/1096/1300
f 1346/1119/1323 1347/1120/1324 1323/1096/1300
f 1323/1096/1300 1347/1120/1324 1327/1100/1304
f 1347/1120/1324 1348/1121/1325 1327/1100/1304
f 1348/1121/1325 1349/1122/1326 1327/1100/1304
f 1327/1100/1304 1349/1122/1326 1331/1104/1308
f 1349/1122/1326 1342/1115/1319 1331/1104/1308
f 868/730/864 869/731/865 865/728/861
f 865/728/861 869/731/865 863/726/859
f 869/731/865 848/715/844 863/726/859
f 936/765/929 937/766/930 933/764/926
f 933/764/926 937/766/930 931/763/925
f 937/766/930 916/758/911 931/763/925
f 1097/890/1077 1099/891/1078 1350/1123/1327
f 1350/1123/1327 1099/891/1078 1351/1124/1328
f 1351/1124/1328 1099/891/1078 1352/1125/1329
f 1352/1125/1329 1099/891/1078 1353/1126/1330
f 1353/1126/1330 1099/891/1078 1354/1127/1331
f 1354/1127/1331 1099/891/1078 1355/1128/1332
f 1099/891/1078 1102/894/1081 1355/1128/1332
f 1355/1128/1332 1102/894/1081 1356/1129/1333
f 1356/1129/1333 1102/894/1081 1357/1130/1334
f 1357/1130/1334 1102/894/1081 1358/1131/1335
f 1102/894/1081 1108/900/1087 1358/1131/1335
f 1358/1131/1335 1108/900/1087 1359/1132/1336
f 1359/1132/1336 1108/900/1087 1360/1133/1337
f 1360/1133/1337 1108/900/1087 1361/1134/1338
f 1361/1134/1338 1108/900/1087 1362/1135/1339
f 1362/1135/1339 1108/900/1087 1363/1136/1340
f 1363/1136/1340 1108/900/1087 1364/1137/1341
f 1108/900/1087 1112/904/1091 1364/1137/1341
f 1126/914/1105 1365/1138/1342 1128/916/1107
f 1365/1138/1342 1366/1139/1343 1128/916/1107
f 1128/916/1107 1366/1139/1343 1367/1140/1344
f 1366/1139/1343 1368/1141/1345 1367/1140/1344
f 1367/1140/1344 1368/1141/1345 1369/1142/1346
f 1368/1141/1345 1370/1143/1347 1369/1142/1346
f 1370/1143/1347 1371/1144/1348 1369/1142/1346
f 1369/1142/1346 1371/1144/1348 1372/1145/1349
f 1371/1144/1348 1373/1146/1350 1372/1145/1349
f 1372/1145/1349 1373/1146/1350 1374/1147/1351
f 1373/1146/1350 1375/1148/1352 1374/1147/1351
f 1375/1148/1352 1376/1149/1353 1374/1147/1351
f 1376/1149/1353 1377/1150/1354 1374/1147/1351
f 1374/1147/1351 1377/1150/1354 1378/1151/1355
f 1377/1150/1354 1379/1152/1356 1378/1151/1355
f 1378/1151/1355 1379/1152/1356 1380/1153/1357
f 1379/1152/1356 1381/1154/1358 1380/1153/1357
f 1381/1154/1358 1382/1155/1359 1380/1153/1357
f 1382/1155/1359 1383/1156/1360 1380/1153/1357
f 1383/1156/1360 1384/1157/1361 1380/1153/1357
f 1380/1153/1357 1384/1157/1361 1385/1151/1362
f 1385/1151/1362 1384/1157/1361 1386/1158/1363
f 1386/1158/1363 1384/1157/1361 1387/1159/1364
f 1384/1157/1361 1388/1160/1365 1387/1159/1364
f 1387/1159/1364 1388/1160/1365 1389/1161/1366
f 1388/1160/1365 1390/1162/1367 1389/1161/1366
f 1389/1161/1366 1390/1162/1367 1129/917/1108
f 1129/917/1108 1390/1162/1367 1130/918/1109
f 1390/1162/1367 1391/1163/1368 1130/918/1109
f 1391/1163/1368 1392/1164/1369 1130/918/1109
f 1130/918/1109 1392/1164/1369 1131/919/1110
f 1260/1049/1240 1262/1050/1241 1393/1165/1370
f 1393/1165/1370 1262/1050/1241 1394/1166/1371
f 1262/1050/1241 1264/1052/1243 1394/1166/1371
f 1264/1052/1243 1265/1053/1244 1394/1166/1371
f 1394/1166/1371 1265/1053/1244 1280/1068/1259
f 1280/1068/1259 1265/1053/1244 1281/1069/1260
f 1265/1053/1244 1266/1054/1245 1281/1069/1260
f 1281/1069/1260 1266/1054/1245 1267/1055/1246
f 1277/1064/1255 1393/1165/1370 1278/1066/1257
f 1393/1165/1370 1394/1166/1371 1278/1066/1257
f 1278/1066/1257 1394/1166/1371 1280/1068/1259
f 1287/1071/1266 1286/190/1265 1289/192/1267
f 1286/190/1265 1285/191/1264 1289/192/1267
f 1289/192/1267 1285/191/1264 1292/185/1269
f 1285/191/1264 1284/184/1263 1292/185/1269
f 1292/185/1269 1284/184/1263 1294/1073/1271
f 1284/184/1263 1283/1070/1262 1294/1073/1271
f 582/460/577 585/463/580 725/592/721
f 725/592/721 585/463/580 724/591/720
f 724/591/720 585/463/580 723/590/719
f 585/463/580 589/467/584 723/590/719
f 723/590/719 589/467/584 722/589/718
f 589/467/584 591/469/586 722/589/718
f 591/469/586 1318/1091/1295 722/589/718
f 722/589/718 1318/1091/1295 721/588/717
f 594/472/589 1316/1089/1293 591/469/586
f 1316/1089/1293 1318/1091/1295 591/469/586
f 1377/1150/1354 1376/1149/1353 1379/1152/1356
f 1376/1149/1353 1395/1167/1372 1379/1152/1356
f 1395/1167/1372 1396/1168/1373 1379/1152/1356
f 1396/1168/1373 1397/1169/1374 1379/1152/1356
f 1397/1169/1374 1398/1170/1375 1379/1152/1356
f 1379/1152/1356 1398/1170/1375 1381/1154/1358
f 1384/1157/1361 1383/1156/1360 1388/1160/1365
f 1383/1156/1360 1399/1171/1376 1388/1160/1365
f 1388/1160/1365 1399/1171/1376 1390/1162/1367
f 1399/1171/1376 1391/1163/1368 1390/1162/1367
f 1400/1172/1377 1402/1173/1378 1401/1174/1379
f 1402/1173/1378 1403/1175/1380 1401/1174/1379
f 1401/1174/1379 1403/1175/1380 1404/1176/1381
f 1403/1175/1380 1405/1177/1382 1404/1176/1381
f 1404/1176/1381 1405/1177/1382 1406/1178/1383
f 1405/1177/1382 1407/1179/1384 1406/1178/1383
f 1406/1178/1383 1407/1179/1384 1408/1180/1385
f 1407/1179/1384 1409/1181/1386 1408/1180/1385
f 1409/1181/1386 1410/1182/1387 1408/1180/1385
f 1408/1180/1385 1410/1182/1387 1411/1183/1388
f 1410/1182/1387 1412/1184/1389 1411/1183/1388
f 1411/1183/1388 1412/1184/1389 1413/1185/1390
f 1412/1184/1389 1414/1186/1391 1413/1185/1390
f 1413/1185/1390 1414/1186/1391 1415/1187/1392
f 1414/1186/1391 1416/1188/1393 1415/1187/1392
f 1415/1187/1392 1416/1188/1393 1400/1172/1377
f 1416/1188/1393 1417/1189/1394 1400/1172/1377
f 1400/1172/1377 1417/1189/1394 1402/1173/1378
f 1417/1189/1394 1418/1190/1395 1402/1173/1378
f 1418/1190/1395 1419/1191/1396 1402/1173/1378
f 1402/1173/1378 1419/1191/1396 1403/1175/1380
f 1419/1191/1396 1420/1192/1397 1403/1175/1380
f 1403/1175/1380 1420/1192/1397 1405/1177/1382
f 1420/1192/1397 1421/1193/1398 1405/1177/1382
f 1405/1177/1382 1421/1193/1398 1407/1179/1384
f 1421/1193/1398 1422/1194/1399 1407/1179/1384
f 1407/1179/1384 1422/1194/1399 1409/1181/1386
f 1422/1194/1399 1423/1195/1400 1409/1181/1386
f 1409/1181/1386 1423/1195/1400 1410/1182/1387
f 1423/1195/1400 1424/1196/1401 1410/1182/1387
f 1410/1182/1387 1424/1196/1401 1412/1184/1389
f 1424/1196/1401 1425/1197/1402 1412/1184/1389
f 1412/1184/1389 1425/1197/1402 1414/1186/1391
f 1425/1197/1402 1426/1198/1403 1414/1186/1391
f 1414/1186/1391 1426/1198/1403 1416/1188/1393
f 1426/1198/1403 1427/1199/1404 1416/1188/1393
f 1416/1188/1393 1427/1199/1404 1417/1189/1394
f 1417/1189/1394 1427/1199/1404 1418/1190/1395
f 1427/1199/1404 1428/1200/1405 1418/1190/1395
f 1428/1200/1405 1429/1201/1406 1418/1190/1395
f 1418/1190/1395 1429/1201/1406 1419/1191/1396
f 1429/1201/1406 1430/1202/1407 1419/1191/1396
f 1419/1191/1396 1430/1202/1407 1420/1192/1397
f 1430/1202/1407 1431/1203/1408 1420/1192/1397
f 1420/1192/1397 1431/1203/1408 1421/1193/1398
f 1431/1203/1408 1432/1204/1409 1421/1193/1398
f 1421/1193/1398 1432/1204/1409 1422/1194/1399
f 1432/1204/1409 1433/1205/1410 1422/1194/1399
f 1422/1194/1399 1433/1205/1410 1423/1195/1400
f 1433/1205/1410 1434/1206/1411 1423/1195/1400
f 1423/1195/1400 1434/1206/1411 1424/1196/1401
f 1434/1206/1411 1435/1207/1412 1424/1196/1401
f 1424/1196/1401 1435/1207/1412 1425/1197/1402
f 1435/1207/1412 1436/1208/1413 1425/1197/1402
f 1425/1197/1402 1436/1208/1413 1426/1198/1403
f 1436/1208/1413 1437/1209/1414 1426/1198/1403
f 1426/1198/1403 1437/1209/1414 1427/1199/1404
f 1427/1199/1404 1437/1209/1414 1428/1200/1405
f 1437/1209/1414 1438/1210/1415 1428/1200/1405
f 1438/1210/1415 1439/1211/1416 1428/1200/1405
f 1428/1200/1405 1439/1211/1416 1429/1201/1406
f 1439/1211/1416 1440/1212/1417 1429/1201/1406
f 1429/1201/1406 1440/1212/1417 1430/1202/1407
f 1440/1212/1417 1441/1213/1418 1430/1202/1407
f 1430/1202/1407 1441/1213/1418 1431/1203/1408
f 1441/1213/1418 1442/1214/1419 1431/1203/1408
f 1431/1203/1408 1442/1214/1419 1432/1204/1409
f 1442/1214/1419 1443/1215/1420 1432/1204/1409
f 1432/1204/1409 1443/1215/1420 1433/1205/1410
f 1443/1215/1420 1444/1216/1421 1433/1205/1410
f 1433/1205/1410 1444/1216/1421 1434/1206/1411
f 1444/1216/1421 1445/1217/1422 1434/1206/1411
f 1434/1206/1411 1445/1217/1422 1435/1207/1412
f 1445/1217/1422 1446/1218/1423 1435/1207/1412
f 1435/1207/1412 1446/1218/1423 1436/1208/1413
f 1446/1218/1423 1447/1219/1424 1436/1208/1413
f 1436/1208/1413 1447/1219/1424 1437/1209/1414
f 1437/1209/1414 1447/1219/1424 1438/1210/1415
f 1447/1219/1424 1448/1220/1425 1438/1210/1415
f 1448/1220/1425 1449/1221/1426 1438/1210/1415
f 1438/1210/1415 1449/1221/1426 1439/1211/1416
f 1449/1221/1426 1450/1222/1427 1439/1211/1416
f 1439/1211/1416 1450/1222/1427 1440/1212/1417
f 1450/1222/1427 1451/1223/1428 1440/1212/1417
f 1440/1212/1417 1451/1223/1428 1441/1213/1418
f 1451/1223/1428 1452/1224/1429 1441/1213/1418
f 1441/1213/1418 1452/1224/1429 1442/1214/1419
f 1452/1224/1429 1453/1225/1430 1442/1214/1419
f 1442/1214/1419 1453/1225/1430 1443/1215/1420
f 1453/1225/1430 1454/1226/1431 1443/1215/1420
f 1443/1215/1420 1454/1226/1431 1444/1216/1421
f 1454/1226/1431 1455/1227/1432 1444/1216/1421
f 1444/1216/1421 1455/1227/1432 1445/1217/1422
f 1455/1227/1432 1456/1228/1433 1445/1217/1422
f 1445/1217/1422 1456/1228/1433 1446/1218/1423
f 1456/1228/1433 1457/1229/1434 1446/1218/1423
f 1446/1218/1423 1457/1229/1434 1447/1219/1424
f 1447/1219/1424 1457/1229/1434 1448/1220/1425
f 1457/1229/1434 1458/1230/1435 1448/1220/1425
f 1448/1220/1425 1458/1230/1435 1449/1221/1426
f 1449/1221/1426 1458/1230/1435 1450/1222/1427
f 1450/1222/1427 1458/1230/1435 1451/1223/1428
f 1451/1223/1428 1458/1230/1435 1452/1224/1429
f 1452/1224/1429 1458/1230/1435 1453/1225/1430
f 1453/1225/1430 1458/1230/1435 1454/1226/1431
f 1454/1226/1431 1458/1230/1435 1455/1227/1432
f 1455/1227/1432 1458/1230/1435 1456/1228/1433
f 1458/1230/1435 1457/1229/1434 1456/1228/1433
f 1459/1231/1436 1461/1232/1437 1460/1233/1438
f 1460/1233/1438 1461/1232/1437 1462/1234/1439
f 1462/1234/1439 1461/1232/1437 1463/1235/1440
f 1463/1235/1440 1461/1232/1437 1464/1236/1441
f 1464/1236/1441 1461/1232/1437 1465/1237/1442
f 1465/1237/1442 1461/1232/1437 1466/1238/1443
f 1466/1238/1443 1461/1232/1437 1467/1239/1444
f 1461/1232/1437 1459/1231/1436 1467/1239/1444
f 1468/1172/1445 1470/1174/1446 1469/1173/1447
f 1469/1173/1447 1470/1174/1446 1471/1175/1448
f 1470/1174/1446 1472/1176/1449 1471/1175/1448
f 1471/1175/1448 1472/1176/1449 1473/1177/1450
f 1472/1176/1449 1474/1178/1451 1473/1177/1450
f 1473/1177/1450 1474/1178/1451 1475/1179/1452
f 1474/1178/1451 1476/1180/1453 1475/1179/1452
f 1475/1179/1452 1476/1180/1453 1477/1181/1454
f 1477/1181/1454 1476/1180/1453 1478/1182/1455
f 1476/1180/1453 1479/1183/1456 1478/1182/1455
f 1478/1182/1455 1479/1183/1456 1480/1184/1457
f 1479/1183/1456 1481/1185/1458 1480/1184/1457
f 1480/1184/1457 1481/1185/1458 1482/1186/1459
f 1481/1185/1458 1483/1187/1460 1482/1186/1459
f 1482/1186/1459 1483/1187/1460 1484/1188/1461
f 1483/1187/1460 1468/1172/1445 1484/1188/1461
f 1484/1188/1461 1468/1172/1445 1485/1189/1462
f 1468/1172/1445 1469/1173/1447 1485/1189/1462
f 1485/1189/1462 1469/1173/1447 1486/1190/1463
f 1486/1190/1463 1469/1173/1447 1487/1191/1464
f 1469/1173/1447 1471/1175/1448 1487/1191/1464
f 1487/1191/1464 1471/1175/1448 1488/1192/1465
f 1471/1175/1448 1473/1177/1450 1488/1192/1465
f 1488/1192/1465 1473/1177/1450 1489/1193/1466
f 1473/1177/1450 1475/1179/1452 1489/1193/1466
f 1489/1193/1466 1475/1179/1452 1490/1194/1467
f 1475/1179/1452 1477/1181/1454 1490/1194/1467
f 1490/1194/1467 1477/1181/1454 1491/1195/1468
f 1477/1181/1454 1478/1182/1455 1491/1195/1468
f 1491/1195/1468 1478/1182/1455 1492/1196/1469
f 1478/1182/1455 1480/1184/1457 1492/1196/1469
f 1492/1196/1469 1480/1184/1457 1493/1197/1470
f 1480/1184/1457 1482/1186/1459 1493/1197/1470
f 1493/1197/1470 1482/1186/1459 1494/1198/1471
f 1482/1186/1459 1484/1188/1461 1494/1198/1471
f 1494/1198/1471 1484/1188/1461 1495/1199/1472
f 1484/1188/1461 1485/1189/1462 1495/1199/1472
f 1485/1189/1462 1486/1190/1463 1495/1199/1472
f 1495/1199/1472 1486/1190/1463 1496/1200/1473
f 1496/1200/1473 1486/1190/1463 1497/1201/1474
f 1486/1190/1463 1487/1191/1464 1497/1201/1474
f 1497/1201/1474 1487/1191/1464 1498/1202/1475
f 1487/1191/1464 1488/1192/1465 1498/1202/1475
f 1498/1202/1475 1488/1192/1465 1499/1203/1476
f 1488/1192/1465 1489/1193/1466 1499/1203/1476
f 1499/1203/1476 1489/1193/1466 1500/1204/1477
f 1489/1193/1466 1490/1194/1467 1500/1204/1477
f 1500/1204/1477 1490/1194/1467 1501/1205/1478
f 1490/1194/1467 1491/1195/1468 1501/1205/1478
f 1501/1205/1478 1491/1195/1468 1502/1206/1479
f 1491/1195/1468 1492/1196/1469 1502/1206/1479
f 1502/1206/1479 1492/1196/1469 1503/1207/1480
f 1492/1196/1469 1493/1197/1470 1503/1207/1480
f 1503/1207/1480 1493/1197/1470 1504/1208/1481
f 1493/1197/1470 1494/1198/1471 1504/1208/1481
f 1504/1208/1481 1494/1198/1471 1505/1209/1482
f 1494/1198/1471 1495/1199/1472 1505/1209/1482
f 1495/1199/1472 1496/1200/1473 1505/1209/1482
f 1505/1209/1482 1496/1200/1473 1506/1210/1483
f 1506/1210/1483 1496/1200/1473 1507/1211/1484
f 1496/1200/1473 1497/1201/1474 1507/1211/1484
f 1507/1211/1484 1497/1201/1474 1508/1212/1485
f 1497/1201/1474 1498/1202/1475 1508/1212/1485
f 1508/1212/1485 1498/1202/1475 1509/1213/1486
f 1498/1202/1475 1499/1203/1476 1509/1213/1486
f 1509/1213/1486 1499/1203/1476 1510/1214/1487
f 1499/1203/1476 1500/1204/1477 1510/1214/1487
f 1510/1214/1487 1500/1204/1477 1511/1215/1488
f 1500/1204/1477 1501/1205/1478 1511/1215/1488
f 1511/1215/1488 1501/1205/1478 1512/1216/1489
f 1501/1205/1478 1502/1206/1479 1512/1216/1489
f 1512/1216/1489 1502/1206/1479 1513/1217/1490
f 1502/1206/1479 1503/1207/1480 1513/1217/1490
f 1513/1217/1490 1503/1207/1480 1514/1218/1491
f 1503/1207/1480 1504/1208/1481 1514/1218/1491
f 1514/1218/1491 1504/1208/1481 1515/1219/1492
f 1504/1208/1481 1505/1209/1482 1515/1219/1492
f 1505/1209/1482 1506/1210/1483 1515/1219/1492
f 1515/1219/1492 1506/1210/1483 1516/1220/1493
f 1516/1220/1493 1506/1210/1483 1517/1221/1494
f 1506/1210/1483 1507/1211/1484 1517/1221/1494
f 1517/1221/1494 1507/1211/1484 1518/1222/1495
f 1507/1211/1484 1508/1212/1485 1518/1222/1495
f 1518/1222/1495 1508/1212/1485 1519/1223/1496
f 1508/1212/1485 1509/1213/1486 1519/1223/1496
f 1519/1223/1496 1509/1213/1486 1520/1224/1497
f 1509/1213/1486 1510/1214/1487 1520/1224/1497
f 1520/1224/1497 1510/1214/1487 1521/1225/1498
f 1510/1214/1487 1511/1215/1488 1521/1225/1498
f 1521/1225/1498 1511/1215/1488 1522/1226/1499
f 1511/1215/1488 1512/1216/1489 1522/1226/1499
f 1522/1226/1499 1512/1216/1489 1523/1227/1500
f 1512/1216/1489 1513/1217/1490 1523/1227/1500
f 1523/1227/1500 1513/1217/1490 1524/1228/1501
f 1513/1217/1490 1514/1218/1491 1524/1228/1501
f 1524/1228/1501 1514/1218/1491 1525/1229/1502
f 1514/1218/1491 1515/1219/1492 1525/1229/1502
f 1515/1219/1492 1516/1220/1493 1525/1229/1502
f 1525/1229/1502 1516/1220/1493 1526/1230/1503
f 1516/1220/1493 1517/1221/1494 1526/1230/1503
f 1517/1221/1494 1518/1222/1495 1526/1230/1503
f 1518/1222/1495 1519/1223/1496 1526/1230/1503
f 1519/1223/1496 1520/1224/1497 1526/1230/1503
f 1520/1224/1497 1521/1225/1498 1526/1230/1503
f 1521/1225/1498 1522/1226/1499 1526/1230/1503
f 1522/1226/1499 1523/1227/1500 1526/1230/1503
f 1523/1227/1500 1524/1228/1501 1526/1230/1503
f 1526/1230/1503 1524/1228/1501 1525/1229/1502
f 1527/1231/1504 1529/1233/1505 1528/1232/1506
f 1529/1233/1505 1530/1234/1507 1528/1232/1506
f 1530/1234/1507 1531/1235/1508 1528/1232/1506
f 1531/1235/1508 1532/1236/1509 1528/1232/1506
f 1532/1236/1509 1533/1237/1510 1528/1232/1506
f 1533/1237/1510 1534/1238/1511 1528/1232/1506
f 1534/1238/1511 1535/1239/1512 1528/1232/1506
f 1528/1232/1506 1535/1239/1512 1527/1231/1504
f 1536/1240/1513 1538/1241/1514 1537/1242/1515
f 1538/1241/1514 1539/1243/1516 1537/1242/1515
f 1537/1242/1515 1539/1243/1516 1540/1244/1517
f 1539/1243/1516 1541/1245/1518 1540/1244/1517
f 1540/1244/1517 1541/1245/1518 1542/1246/1519
f 1541/1245/1518 1543/1247/1520 1542/1246/1519
f 1542/1246/1519 1543/1247/1520 1544/1248/1521
f 1543/1247/1520 1545/1249/1522 1544/1248/1521
f 1545/1249/1522 638/516/633 1544/1248/1521
f 638/516/633 641/519/636 1544/1248/1521
f 641/519/636 643/521/638 1544/1248/1521
f 1544/1248/1521 643/521/638 1542/1246/1519
f 643/521/638 645/523/640 1542/1246/1519
f 1542/1246/1519 645/523/640 1540/1244/1517
f 645/523/640 647/525/642 1540/1244/1517
f 1540/1244/1517 647/525/642 1537/1242/1515
f 647/525/642 649/527/644 1537/1242/1515
f 649/527/644 1546/1250/1523 1537/1242/1515
f 1537/1242/1515 1546/1250/1523 1536/1240/1513
f 1546/1250/1523 1547/1251/1524 1536/1240/1513
f 1536/1240/1513 1547/1251/1524 1548/1252/1525
f 1548/1252/1525 1547/1251/1524 1549/1253/1526
f 1547/1251/1524 1550/1254/1527 1549/1253/1526
f 1549/1253/1526 1550/1254/1527 1551/1255/1528
f 1550/1254/1527 1552/1256/1529 1551/1255/1528
f 1551/1255/1528 1552/1256/1529 1553/1257/1530
f 1552/1256/1529 1554/1258/1531 1553/1257/1530
f 1553/1257/1530 1554/1258/1531 1555/1259/1532
f 1554/1258/1531 659/537/654 1555/1259/1532
f 659/537/654 1556/500/1533 1555/1259/1532
f 1555/1259/1532 1556/500/1533 1557/1260/1534
f 1556/500/1533 1558/1261/1535 1557/1260/1534
f 1558/1261/1535 1559/1262/1536 1557/1260/1534
f 1557/1260/1534 1559/1262/1536 1555/1259/1532
f 1559/1262/1536 1560/1263/1537 1555/1259/1532
f 1555/1259/1532 1560/1263/1537 1553/1257/1530
f 1560/1263/1537 1561/1264/1538 1553/1257/1530
f 1553/1257/1530 1561/1264/1538 1551/1255/1528
f 1561/1264/1538 1562/1265/1539 1551/1255/1528
f 1562/1265/1539 1563/1266/1540 1551/1255/1528
f 1551/1255/1528 1563/1266/1540 1564/1267/1541
f 1563/1266/1540 1565/1268/1542 1564/1267/1541
f 1565/1268/1542 1566/1269/1543 1564/1267/1541
f 1564/1267/1541 1566/1269/1543 1567/1270/1544
f 1566/1269/1543 1568/1271/1545 1567/1270/1544
f 1568/1271/1545 1569/1272/1546 1567/1270/1544
f 1567/1270/1544 1569/1272/1546 1570/1273/1547
f 1569/1272/1546 1571/1274/1548 1570/1273/1547
f 1570/1273/1547 1571/1274/1548 1572/1275/1549
f 1571/1274/1548 1573/1276/1550 1572/1275/1549
f 1573/1276/1550 1574/1277/1551 1572/1275/1549
f 1572/1275/1549 1574/1277/1551 1575/1278/1552
f 1574/1277/1551 1576/1279/1553 1575/1278/1552
f 1575/1278/1552 1576/1279/1553 1541/1245/1518
f 1576/1279/1553 1577/1280/1554 1541/1245/1518
f 1577/1280/1554 1578/1281/1555 1541/1245/1518
f 1541/1245/1518 1578/1281/1555 1543/1247/1520
f 1578/1281/1555 1579/1282/1556 1543/1247/1520
f 1543/1247/1520 1579/1282/1556 1545/1249/1522
f 1579/1282/1556 1580/1283/1557 1545/1249/1522
f 1580/1283/1557 1581/1284/1558 1545/1249/1522
f 1545/1249/1522 1581/1284/1558 638/516/633
f 638/516/633 1581/1284/1558 1582/514/1559
f 1581/1284/1558 1583/1285/1560 1582/514/1559
f 1583/1285/1560 1584/1286/1561 1582/514/1559
f 1582/514/1559 1584/1286/1561 1585/513/1562
f 1584/1286/1561 1586/1287/1563 1585/513/1562
f 1585/513/1562 1586/1287/1563 1587/511/1564
f 1586/1287/1563 1588/1288/1565 1587/511/1564
f 1587/511/1564 1588/1288/1565 1589/508/1566
f 1588/1288/1565 772/639/768 1589/508/1566
f 1589/508/1566 772/639/768 1590/507/1567
f 772/639/768 771/638/767 1590/507/1567
f 771/638/767 770/637/766 1590/507/1567
f 1590/507/1567 770/637/766 1591/504/1568
f 770/637/766 1592/1289/1569 1591/504/1568
f 1591/504/1568 1592/1289/1569 1593/503/1570
f 1592/1289/1569 1594/1290/1571 1593/503/1570
f 1593/503/1570 1594/1290/1571 1595/501/1572
f 1594/1290/1571 1596/1291/1573 1595/501/1572
f 1595/501/1572 1596/1291/1573 1556/500/1533
f 1556/500/1533 1596/1291/1573 1558/1261/1535
f 1558/1261/1535 1596/1291/1573 1597/1292/1574
f 1596/1291/1573 1594/1290/1571 1597/1292/1574
f 1597/1292/1574 1594/1290/1571 1598/1293/1575
f 1594/1290/1571 1592/1289/1569 1598/1293/1575
f 1598/1293/1575 1592/1289/1569 769/636/765
f 1592/1289/1569 770/637/766 769/636/765
f 1546/1250/1523 649/527/644 1547/1251/1524
f 649/527/644 650/528/645 1547/1251/1524
f 1547/1251/1524 650/528/645 1550/1254/1527
f 650/528/645 652/530/647 1550/1254/1527
f 1550/1254/1527 652/530/647 1552/1256/1529
f 652/530/647 654/532/649 1552/1256/1529
f 654/532/649 657/535/652 1552/1256/1529
f 1552/1256/1529 657/535/652 1554/1258/1531
f 657/535/652 659/537/654 1554/1258/1531
f 772/639/768 1588/1288/1565 773/640/769
f 773/640/769 1588/1288/1565 1599/1294/1576
f 1588/1288/1565 1586/1287/1563 1599/1294/1576
f 1599/1294/1576 1586/1287/1563 1600/1295/1577
f 1586/1287/1563 1584/1286/1561 1600/1295/1577
f 1584/1286/1561 1583/1285/1560 1600/1295/1577
f 1600/1295/1577 1583/1285/1560 1601/1296/1578
f 1583/1285/1560 1602/1297/1579 1601/1296/1578
f 1601/1296/1578 1602/1297/1579 1603/1298/1580
f 1602/1297/1579 1604/1299/1581 1603/1298/1580
f 1603/1298/1580 1604/1299/1581 1605/1300/1582
f 1604/1299/1581 1606/1301/1583 1605/1300/1582
f 1606/1301/1583 1607/1302/1584 1605/1300/1582
f 1605/1300/1582 1607/1302/1584 1603/1298/1580
f 1607/1302/1584 1608/1303/1585 1603/1298/1580
f 1603/1298/1580 1608/1303/1585 1601/1296/1578
f 1601/1296/1578 1608/1303/1585 1600/1295/1577
f 1608/1303/1585 1609/1304/1586 1600/1295/1577
f 1600/1295/1577 1609/1304/1586 1599/1294/1576
f 1609/1304/1586 1610/1305/1587 1599/1294/1576
f 1599/1294/1576 1610/1305/1587 773/640/769
f 773/640/769 1610/1305/1587 774/641/770
f 774/641/770 1610/1305/1587 776/643/772
f 776/643/772 1610/1305/1587 1611/1306/1588
f 1610/1305/1587 1609/1304/1586 1611/1306/1588
f 1611/1306/1588 1609/1304/1586 1612/1307/1589
f 1609/1304/1586 1608/1303/1585 1612/1307/1589
f 1612/1307/1589 1608/1303/1585 1613/1308/1590
f 1608/1303/1585 1607/1302/1584 1613/1308/1590
f 1607/1302/1584 1614/1309/1591 1613/1308/1590
f 1613/1308/1590 1614/1309/1591 1612/1307/1589
f 1614/1309/1591 1615/1310/1592 1612/1307/1589
f 1615/1310/1592 1616/1311/1593 1612/1307/1589
f 1612/1307/1589 1616/1311/1593 1611/1306/1588
f 1616/1311/1593 1617/1312/1594 1611/1306/1588
f 1611/1306/1588 1617/1312/1594 776/643/772
f 776/643/772 1617/1312/1594 777/644/773
f 777/644/773 1617/1312/1594 778/645/774
f 1617/1312/1594 1618/1313/1595 778/645/774
f 778/645/774 1618/1313/1595 779/646/775
f 1618/1313/1595 1619/1314/1596 779/646/775
f 1619/1314/1596 1620/1315/1597 779/646/775
f 779/646/775 1620/1315/1597 780/647/776
f 780/647/776 1620/1315/1597 784/651/780
f 784/651/780 1620/1315/1597 785/652/781
f 1620/1315/1597 1621/1316/1598 785/652/781
f 785/652/781 1621/1316/1598 786/653/782
f 786/653/782 1621/1316/1598 788/655/784
f 788/655/784 1621/1316/1598 1619/1314/1596
f 1621/1316/1598 1620/1315/1597 1619/1314/1596
f 769/636/765 768/635/764 1598/1293/1575
f 768/635/764 1622/1317/1599 1598/1293/1575
f 1598/1293/1575 1622/1317/1599 1597/1292/1574
f 1622/1317/1599 1623/1318/1600 1597/1292/1574
f 1597/1292/1574 1623/1318/1600 1558/1261/1535
f 1623/1318/1600 1624/1319/1601 1558/1261/1535
f 1624/1319/1601 1625/1320/1602 1558/1261/1535
f 1558/1261/1535 1625/1320/1602 1559/1262/1536
f 1559/1262/1536 1625/1320/1602 1626/1321/1603
f 1625/1320/1602 1624/1319/1601 1626/1321/1603
f 1626/1321/1603 1624/1319/1601 1627/1322/1604
f 1627/1322/1604 1624/1319/1601 1628/1323/1605
f 1624/1319/1601 1623/1318/1600 1628/1323/1605
f 1628/1323/1605 1623/1318/1600 1629/1324/1606
f 1623/1318/1600 1622/1317/1599 1629/1324/1606
f 1629/1324/1606 1622/1317/1599 1630/1325/1607
f 1630/1325/1607 1622/1317/1599 1631/1326/1608
f 1622/1317/1599 768/635/764 1631/1326/1608
f 768/635/764 767/634/763 1631/1326/1608
f 1631/1326/1608 767/634/763 1632/1327/1609
f 767/634/763 766/633/762 1632/1327/1609
f 766/633/762 765/632/761 1632/1327/1609
f 765/632/761 764/631/760 1632/1327/1609
f 1632/1327/1609 764/631/760 1631/1326/1608
f 764/631/760 763/630/759 1631/1326/1608
f 1631/1326/1608 763/630/759 1630/1325/1607
f 763/630/759 1633/1328/1610 1630/1325/1607
f 1630/1325/1607 1633/1328/1610 1629/1324/1606
f 1629/1324/1606 1633/1328/1610 1628/1323/1605
f 1633/1328/1610 1634/1329/1611 1628/1323/1605
f 1628/1323/1605 1634/1329/1611 1627/1322/1604
f 1627/1322/1604 1634/1329/1611 1635/1330/1612
f 1634/1329/1611 1633/1328/1610 1635/1330/1612
f 1635/1330/1612 1633/1328/1610 762/629/758
f 1633/1328/1610 763/630/759 762/629/758
f 788/655/784 1619/1314/1596 790/657/786
f 790/657/786 1619/1314/1596 1636/1331/1613
f 1619/1314/1596 1618/1313/1595 1636/1331/1613
f 1618/1313/1595 1617/1312/1594 1636/1331/1613
f 1636/1331/1613 1617/1312/1594 1637/1332/1614
f 1617/1312/1594 1616/1311/1593 1637/1332/1614
f 1616/1311/1593 1615/1310/1592 1637/1332/1614
f 1637/1332/1614 1615/1310/1592 1638/1333/1615
f 1615/1310/1592 1639/1334/1616 1638/1333/1615
f 1638/1333/1615 1639/1334/1616 1640/1335/1617
f 1640/1335/1617 1639/1334/1616 1641/1336/1618
f 1639/1334/1616 1642/1337/1619 1641/1336/1618
f 1642/1337/1619 1643/1338/1620 1641/1336/1618
f 1641/1336/1618 1643/1338/1620 1644/1339/1621
f 1644/1339/1621 1643/1338/1620 1645/1340/1622
f 1643/1338/1620 1646/1341/1623 1645/1340/1622
f 1646/1341/1623 1647/1342/1624 1645/1340/1622
f 1645/1340/1622 1647/1342/1624 1648/1343/1625
f 1648/1343/1625 1647/1342/1624 1649/1344/1626
f 1647/1342/1624 1650/1345/1627 1649/1344/1626
f 1649/1344/1626 1650/1345/1627 1651/1346/1628
f 1650/1345/1627 1652/1347/1629 1651/1346/1628
f 1652/1347/1629 1653/1348/1630 1651/1346/1628
f 1651/1346/1628 1653/1348/1630 1654/1349/1631
f 1654/1349/1631 1653/1348/1630 1655/1350/1632
f 1655/1350/1632 1653/1348/1630 1656/1351/1633
f 1653/1348/1630 1652/1347/1629 1656/1351/1633
f 1652/1347/1629 1657/1352/1634 1656/1351/1633
f 1656/1351/1633 1657/1352/1634 1658/1353/1635
f 1657/1352/1634 1659/1354/1636 1658/1353/1635
f 1658/1353/1635 1659/1354/1636 1660/1355/1637
f 1659/1354/1636 1661/1356/1638 1660/1355/1637
f 1660/1355/1637 1661/1356/1638 1662/1357/1639
f 1662/1357/1639 1661/1356/1638 1663/1358/1640
f 1661/1356/1638 1664/1359/1641 1663/1358/1640
f 1663/1358/1640 1664/1359/1641 754/621/750
f 754/621/750 1664/1359/1641 755/622/751
f 1664/1359/1641 1665/1360/1642 755/622/751
f 755/622/751 1665/1360/1642 756/623/752
f 1665/1360/1642 1666/1361/1643 756/623/752
f 1666/1361/1643 1667/1362/1644 756/623/752
f 756/623/752 1667/1362/1644 757/624/753
f 1667/1362/1644 1668/1363/1645 757/624/753
f 757/624/753 1668/1363/1645 1669/1364/1646
f 1669/1364/1646 1668/1363/1645 1670/1365/1647
f 1668/1363/1645 1667/1362/1644 1670/1365/1647
f 1670/1365/1647 1667/1362/1644 1671/1366/1648
f 1667/1362/1644 1666/1361/1643 1671/1366/1648
f 1671/1366/1648 1666/1361/1643 1672/1367/1649
f 1666/1361/1643 1673/1368/1650 1672/1367/1649
f 1672/1367/1649 1673/1368/1650 1674/1369/1651
f 1673/1368/1650 1675/1370/1652 1674/1369/1651
f 1675/1370/1652 1569/1272/1546 1674/1369/1651
f 1569/1272/1546 1568/1271/1545 1674/1369/1651
f 1674/1369/1651 1568/1271/1545 1676/1371/1653
f 1568/1271/1545 1566/1269/1543 1676/1371/1653
f 1566/1269/1543 1565/1268/1542 1676/1371/1653
f 1676/1371/1653 1565/1268/1542 1677/1372/1654
f 1677/1372/1654 1565/1268/1542 1678/1373/1655
f 1565/1268/1542 1563/1266/1540 1678/1373/1655
f 1563/1266/1540 1562/1265/1539 1678/1373/1655
f 1562/1265/1539 1669/1364/1646 1678/1373/1655
f 1669/1364/1646 1670/1365/1647 1678/1373/1655
f 1678/1373/1655 1670/1365/1647 1677/1372/1654
f 1670/1365/1647 1671/1366/1648 1677/1372/1654
f 1671/1366/1648 1672/1367/1649 1677/1372/1654
f 1677/1372/1654 1672/1367/1649 1676/1371/1653
f 1672/1367/1649 1674/1369/1651 1676/1371/1653
f 762/629/758 761/628/757 1635/1330/1612
f 761/628/757 1679/1374/1656 1635/1330/1612
f 1635/1330/1612 1679/1374/1656 1627/1322/1604
f 1627/1322/1604 1679/1374/1656 1626/1321/1603
f 1679/1374/1656 1680/1375/1657 1626/1321/1603
f 1626/1321/1603 1680/1375/1657 1559/1262/1536
f 1680/1375/1657 1681/1376/1658 1559/1262/1536
f 1559/1262/1536 1681/1376/1658 1560/1263/1537
f 1681/1376/1658 1682/1377/1659 1560/1263/1537
f 1560/1263/1537 1682/1377/1659 1561/1264/1538
f 1682/1377/1659 1683/1378/1660 1561/1264/1538
f 1683/1378/1660 1684/1379/1661 1561/1264/1538
f 1561/1264/1538 1684/1379/1661 1562/1265/1539
f 1562/1265/1539 1684/1379/1661 1669/1364/1646
f 1669/1364/1646 1684/1379/1661 757/624/753
f 1684/1379/1661 1683/1378/1660 757/624/753
f 757/624/753 1683/1378/1660 758/625/754
f 1683/1378/1660 1682/1377/1659 758/625/754
f 758/625/754 1682/1377/1659 759/626/755
f 759/626/755 1682/1377/1659 1685/1380/1662
f 1682/1377/1659 1681/1376/1658 1685/1380/1662
f 1681/1376/1658 1680/1375/1657 1685/1380/1662
f 1680/1375/1657 1679/1374/1656 1685/1380/1662
f 1685/1380/1662 1679/1374/1656 1686/1381/1663
f 1679/1374/1656 761/628/757 1686/1381/1663
f 761/628/757 760/627/756 1686/1381/1663
f 760/627/756 759/626/755 1686/1381/1663
f 1686/1381/1663 759/626/755 1685/1380/1662
f 790/657/786 1636/1331/1613 791/658/787
f 1636/1331/1613 1637/1332/1614 791/658/787
f 1637/1332/1614 1638/1333/1615 791/658/787
f 791/658/787 1638/1333/1615 795/662/791
f 1638/1333/1615 1640/1335/1617 795/662/791
f 1687/1382/1664 1688/1383/1665 1134/921/1112
f 1134/921/1112 1688/1383/1665 1135/923/1114
f 1135/923/1114 1688/1383/1665 1137/925/1116
f 1688/1383/1665 1689/1384/1666 1137/925/1116
f 1137/925/1116 1689/1384/1666 1690/1385/1667
f 1689/1384/1666 1691/1386/1668 1690/1385/1667
f 1690/1385/1667 1691/1386/1668 1692/1387/1669
f 1691/1386/1668 1693/1388/1670 1692/1387/1669
f 1692/1387/1669 1693/1388/1670 1694/1389/1671
f 1693/1388/1670 1695/1390/1672 1694/1389/1671
f 1695/1390/1672 1154/942/1133 1694/1389/1671
f 1154/942/1133 1153/941/1132 1694/1389/1671
f 1153/941/1132 1150/938/1129 1694/1389/1671
f 1694/1389/1671 1150/938/1129 1692/1387/1669
f 1692/1387/1669 1150/938/1129 1690/1385/1667
f 1150/938/1129 1696/1391/1673 1690/1385/1667
f 1690/1385/1667 1696/1391/1673 1137/925/1116
f 1696/1391/1673 1697/1392/1674 1137/925/1116
f 1137/925/1116 1697/1392/1674 1138/926/1117
f 1138/926/1117 1697/1392/1674 1140/928/1119
f 1140/928/1119 1697/1392/1674 1143/931/1122
f 1143/931/1122 1697/1392/1674 1145/933/1124
f 1145/933/1124 1697/1392/1674 1148/936/1127
f 1697/1392/1674 1696/1391/1673 1148/936/1127
f 1148/936/1127 1696/1391/1673 1150/938/1129
f 1687/1382/1664 1698/1393/1675 1688/1383/1665
f 1698/1393/1675 1699/1394/1676 1688/1383/1665
f 1688/1383/1665 1699/1394/1676 1689/1384/1666
f 1689/1384/1666 1699/1394/1676 1691/1386/1668
f 1699/1394/1676 1698/1393/1675 1691/1386/1668
f 1698/1393/1675 1700/1395/1677 1691/1386/1668
f 1700/1395/1677 1701/1396/1678 1691/1386/1668
f 1691/1386/1668 1701/1396/1678 1693/1388/1670
f 1701/1396/1678 1695/1390/1672 1693/1388/1670
f 1702/1397/1679 1704/1398/1680 1703/1399/1681
f 1703/1399/1681 1704/1398/1680 1705/1400/1682
f 1704/1398/1680 1706/1401/1683 1705/1400/1682
f 1706/1401/1683 1707/1402/1684 1705/1400/1682
f 1705/1400/1682 1707/1402/1684 1708/1403/1685
f 1707/1402/1684 1709/1404/1686 1708/1403/1685
f 1708/1403/1685 1709/1404/1686 1710/1405/1687
f 1709/1404/1686 1711/1406/1688 1710/1405/1687
f 1710/1405/1687 1711/1406/1688 1712/1407/1689
f 1711/1406/1688 1713/1408/1690 1712/1407/1689
f 1712/1407/1689 1713/1408/1690 1714/1409/1691
f 1713/1408/1690 1715/1410/1692 1714/1409/1691
f 1714/1409/1691 1715/1410/1692 1716/1411/1693
f 1715/1410/1692 1717/1412/1694 1716/1411/1693
f 1716/1411/1693 1717/1412/1694 1718/1413/1695
f 1717/1412/1694 1719/1414/1696 1718/1413/1695
f 1718/1413/1695 1719/1414/1696 1720/1415/1697
f 1719/1414/1696 1721/1416/1698 1720/1415/1697
f 1720/1415/1697 1721/1416/1698 1722/1417/1699
f 1722/1417/1699 1721/1416/1698 1723/1418/1700
f 1721/1416/1698 1724/1419/1701 1723/1418/1700
f 1723/1418/1700 1724/1419/1701 1725/1420/1702
f 1724/1419/1701 1726/1421/1703 1725/1420/1702
f 1725/1420/1702 1726/1421/1703 1727/1422/1704
f 1727/1422/1704 1726/1421/1703 1728/1423/1705
f 1726/1421/1703 1702/1397/1679 1728/1423/1705
f 1702/1397/1679 1703/1399/1681 1728/1423/1705
f 1728/1423/1705 1703/1399/1681 1729/1424/1706
f 1703/1399/1681 1730/1425/1707 1729/1424/1706
f 1729/1424/1706 1730/1425/1707 1731/1426/1708
f 1730/1425/1707 1732/1427/1709 1731/1426/1708
f 1731/1426/1708 1732/1427/1709 1733/1428/1710
f 1733/1428/1710 1732/1427/1709 1734/1429/1711
f 1732/1427/1709 1730/1425/1707 1734/1429/1711
f 1730/1425/1707 1703/1399/1681 1734/1429/1711
f 1703/1399/1681 1705/1400/1682 1734/1429/1711
f 1705/1400/1682 1708/1403/1685 1734/1429/1711
f 1734/1429/1711 1708/1403/1685 1733/1428/1710
f 1733/1428/1710 1708/1403/1685 1735/1430/1712
f 1708/1403/1685 1710/1405/1687 1735/1430/1712
f 1735/1430/1712 1710/1405/1687 1736/1431/1713
f 1736/1431/1713 1710/1405/1687 1737/1432/1714
f 1710/1405/1687 1712/1407/1689 1737/1432/1714
f 1737/1432/1714 1712/1407/1689 1738/1433/1715
f 1712/1407/1689 1714/1409/1691 1738/1433/1715
f 1738/1433/1715 1714/1409/1691 1739/1434/1716
f 1714/1409/1691 1716/1411/1693 1739/1434/1716
f 1739/1434/1716 1716/1411/1693 1740/1435/1717
f 1716/1411/1693 1718/1413/1695 1740/1435/1717
f 1740/1435/1717 1718/1413/1695 1741/1436/1718
f 1718/1413/1695 1720/1415/1697 1741/1436/1718
f 1741/1436/1718 1720/1415/1697 1742/1437/1719
f 1720/1415/1697 1722/1417/1699 1742/1437/1719
f 1742/1437/1719 1722/1417/1699 1743/1438/1720
f 1743/1438/1720 1722/1417/1699 1744/1439/1721
f 1722/1417/1699 1723/1418/1700 1744/1439/1721
f 1723/1418/1700 1725/1420/1702 1744/1439/1721
f 1744/1439/1721 1725/1420/1702 1745/1440/1722
f 1745/1440/1722 1725/1420/1702 1746/1441/1723
f 1725/1420/1702 1727/1422/1704 1746/1441/1723
f 1727/1422/1704 1728/1423/1705 1746/1441/1723
f 1728/1423/1705 1729/1424/1706 1746/1441/1723
f 1746/1441/1723 1729/1424/1706 1747/1442/1724
f 1729/1424/1706 1731/1426/1708 1747/1442/1724
f 1731/1426/1708 1733/1428/1710 1747/1442/1724
f 1733/1428/1710 1735/1430/1712 1747/1442/1724
f 1747/1442/1724 1735/1430/1712 1748/1443/1725
f 1748/1443/1725 1735/1430/1712 1749/1444/1726
f 1735/1430/1712 1736/1431/1713 1749/1444/1726
f 1736/1431/1713 1737/1432/1714 1749/1444/1726
f 1749/1444/1726 1737/1432/1714 1750/1445/1727
f 1750/1445/1727 1737/1432/1714 1751/1446/1728
f 1737/1432/1714 1738/1433/1715 1751/1446/1728
f 1751/1446/1728 1738/1433/1715 1752/1447/1729
f 1738/1433/1715 1739/1434/1716 1752/1447/1729
f 1752/1447/1729 1739/1434/1716 1753/1448/1730
f 1739/1434/1716 1740/1435/1717 1753/1448/1730
f 1740/1435/1717 1741/1436/1718 1753/1448/1730
f 1753/1448/1730 1741/1436/1718 1752/1447/1729
f 1752/1447/1729 1741/1436/1718 1751/1446/1728
f 1741/1436/1718 1742/1437/1719 1751/1446/1728
f 1742/1437/1719 1743/1438/1720 1751/1446/1728
f 1751/1446/1728 1743/1438/1720 1750/1445/1727
f 1750/1445/1727 1743/1438/1720 1749/1444/1726
f 1743/1438/1720 1744/1439/1721 1749/1444/1726
f 1744/1439/1721 1745/1440/1722 1749/1444/1726
f 1749/1444/1726 1745/1440/1722 1748/1443/1725
f 1748/1443/1725 1745/1440/1722 1747/1442/1724
f 1745/1440/1722 1746/1441/1723 1747/1442/1724
f 1754/1449/1731 1756/1450/1732 1755/1451/1733
f 1755/1451/1733 1756/1450/1732 1757/1452/1734
f 1756/1450/1732 1758/1453/1735 1757/1452/1734
f 1757/1452/1734 1758/1453/1735 1759/1454/1736
f 1758/1453/1735 1760/1455/1737 1759/1454/1736
f 1759/1454/1736 1760/1455/1737 1761/1456/1738
f 1760/1455/1737 1762/1457/1739 1761/1456/1738
f 1761/1456/1738 1762/1457/1739 1763/1458/1740
f 1762/1457/1739 1764/1459/1741 1763/1458/1740
f 1763/1458/1740 1764/1459/1741 1765/1460/1742
f 1764/1459/1741 1766/1461/1743 1765/1460/1742
f 1765/1460/1742 1766/1461/1743 1767/1462/1744
f 1766/1461/1743 1768/1463/1745 1767/1462/1744
f 1767/1462/1744 1768/1463/1745 1769/1464/1746
f 1768/1463/1745 1770/1465/1747 1769/1464/1746
f 1769/1464/1746 1770/1465/1747 1771/1466/1748
f 1770/1465/1747 1772/1467/1749 1771/1466/1748
f 1771/1466/1748 1772/1467/1749 1773/1468/1750
f 1772/1467/1749 1754/1449/1731 1773/1468/1750
f 1754/1449/1731 1755/1451/1733 1773/1468/1750
f 1773/1468/1750 1755/1451/1733 1774/1469/1751
f 1755/1451/1733 1757/1452/1734 1774/1469/1751
f 1757/1452/1734 1759/1454/1736 1774/1469/1751
f 1759/1454/1736 1761/1456/1738 1774/1469/1751
f 1761/1456/1738 1763/1458/1740 1774/1469/1751
f 1763/1458/1740 1765/1460/1742 1774/1469/1751
f 1765/1460/1742 1767/1462/1744 1774/1469/1751
f 1767/1462/1744 1769/1464/1746 1774/1469/1751
f 1769/1464/1746 1771/1466/1748 1774/1469/1751
f 1774/1469/1751 1771/1466/1748 1773/1468/1750
f 1775/1453/1752 1777/1455/1753 1776/1456/1754
f 1776/1456/1754 1777/1455/1753 1778/1458/1755
f 1777/1455/1753 1779/1457/1756 1778/1458/1755
f 1778/1458/1755 1779/1457/1756 1780/1460/1757
f 1779/1457/1756 1781/1459/1758 1780/1460/1757
f 1780/1460/1757 1781/1459/1758 1782/1462/1759
f 1781/1459/1758 1783/1461/1760 1782/1462/1759
f 1782/1462/1759 1783/1461/1760 1784/1464/1761
f 1783/1461/1760 1785/1463/1762 1784/1464/1761
f 1784/1464/1761 1785/1463/1762 1786/1466/1763
f 1785/1463/1762 1787/1465/1764 1786/1466/1763
f 1786/1466/1763 1787/1465/1764 1788/1468/1499
f 1787/1465/1764 1789/1467/1765 1788/1468/1499
f 1788/1468/1499 1789/1467/1765 1790/1451/1500
f 1789/1467/1765 1791/1449/1766 1790/1451/1500
f 1790/1451/1500 1791/1449/1766 1792/1452/1501
f 1791/1449/1766 1793/1450/1767 1792/1452/1501
f 1792/1452/1501 1793/1450/1767 1794/1454/1768
f 1793/1450/1767 1775/1453/1752 1794/1454/1768
f 1775/1453/1752 1776/1456/1754 1794/1454/1768
f 1794/1454/1768 1776/1456/1754 1795/1469/1769
f 1776/1456/1754 1778/1458/1755 1795/1469/1769
f 1778/1458/1755 1780/1460/1757 1795/1469/1769
f 1780/1460/1757 1782/1462/1759 1795/1469/1769
f 1782/1462/1759 1784/1464/1761 1795/1469/1769
f 1784/1464/1761 1786/1466/1763 1795/1469/1769
f 1786/1466/1763 1788/1468/1499 1795/1469/1769
f 1788/1468/1499 1790/1451/1500 1795/1469/1769
f 1790/1451/1500 1792/1452/1501 1795/1469/1769
f 1795/1469/1769 1792/1452/1501 1794/1454/1768
f 282/197/279 279/196/276 1796/1470/1770
f 279/196/276 294/204/291 1796/1470/1770
f 1796/1470/1770 294/204/291 1797/1471/1771
f 294/204/291 292/203/289 1797/1471/1771
f 292/203/289 290/202/287 1797/1471/1771
f 1797/1471/1771 290/202/287 1798/1472/1772
f 290/202/287 289/201/286 1798/1472/1772
f 289/201/286 288/200/285 1798/1472/1772
f 1798/1472/1772 288/200/285 1797/1471/1771
f 1797/1471/1771 288/200/285 1799/1473/1773
f 288/200/285 285/199/282 1799/1473/1773
f 285/199/282 284/198/281 1799/1473/1773
f 1799/1473/1773 284/198/281 1797/1471/1771
f 1797/1471/1771 284/198/281 1796/1470/1770
f 284/198/281 282/197/279 1796/1470/1770
f 318/216/313 319/217/314 1800/1474/1774
f 319/217/314 322/220/317 1800/1474/1774
f 322/220/317 325/223/320 1800/1474/1774
f 325/223/320 327/225/322 1800/1474/1774
f 1800/1474/1774 327/225/322 318/216/313
f 1571/1274/1548 1569/1272/1546 1801/1475/1775
f 1569/1272/1546 1675/1370/1652 1801/1475/1775
f 1801/1475/1775 1675/1370/1652 1802/1476/1776
f 1802/1476/1776 1675/1370/1652 1803/1477/1777
f 1675/1370/1652 1673/1368/1650 1803/1477/1777
f 1803/1477/1777 1673/1368/1650 1804/1478/1778
f 1673/1368/1650 1666/1361/1643 1804/1478/1778
f 1804/1478/1778 1666/1361/1643 1805/1479/1779
f 1666/1361/1643 1665/1360/1642 1805/1479/1779
f 1665/1360/1642 1664/1359/1641 1805/1479/1779
f 1664/1359/1641 1661/1356/1638 1805/1479/1779
f 1661/1356/1638 1659/1354/1636 1805/1479/1779
f 1805/1479/1779 1659/1354/1636 1806/1480/1780
f 1659/1354/1636 1657/1352/1634 1806/1480/1780
f 1806/1480/1780 1657/1352/1634 1807/1481/1781
f 1657/1352/1634 1652/1347/1629 1807/1481/1781
f 1652/1347/1629 1650/1345/1627 1807/1481/1781
f 1807/1481/1781 1650/1345/1627 1808/1482/1782
f 1808/1482/1782 1650/1345/1627 1809/1483/1783
f 1650/1345/1627 1647/1342/1624 1809/1483/1783
f 1809/1483/1783 1647/1342/1624 1810/1484/1784
f 1647/1342/1624 1646/1341/1623 1810/1484/1784
f 1810/1484/1784 1646/1341/1623 1811/1485/1785
f 1811/1485/1785 1646/1341/1623 1812/1486/1786
f 1646/1341/1623 1643/1338/1620 1812/1486/1786
f 1643/1338/1620 1642/1337/1619 1812/1486/1786
f 1812/1486/1786 1642/1337/1619 1813/1487/1787
f 1642/1337/1619 1814/1488/1788 1813/1487/1787
f 1813/1487/1787 1814/1488/1788 1815/1489/1789
f 1814/1488/1788 1606/1301/1583 1815/1489/1789
f 1606/1301/1583 1604/1299/1581 1815/1489/1789
f 1815/1489/1789 1604/1299/1581 1816/1490/1790
f 1604/1299/1581 1602/1297/1579 1816/1490/1790
f 1816/1490/1790 1602/1297/1579 1817/1491/1791
f 1602/1297/1579 1583/1285/1560 1817/1491/1791
f 1583/1285/1560 1581/1284/1558 1817/1491/1791
f 1581/1284/1558 1580/1283/1557 1817/1491/1791
f 1817/1491/1791 1580/1283/1557 1816/1490/1790
f 1580/1283/1557 1818/1492/1792 1816/1490/1790
f 1816/1490/1790 1818/1492/1792 1815/1489/1789
f 1818/1492/1792 1819/1493/1793 1815/1489/1789
f 1815/1489/1789 1819/1493/1793 1813/1487/1787
f 1813/1487/1787 1819/1493/1793 1812/1486/1786
f 1812/1486/1786 1819/1493/1793 1811/1485/1785
f 1819/1493/1793 1820/1494/1794 1811/1485/1785
f 1820/1494/1794 1821/1495/1795 1811/1485/1785
f 1811/1485/1785 1821/1495/1795 1810/1484/1784
f 1821/1495/1795 1822/1496/1796 1810/1484/1784
f 1810/1484/1784 1822/1496/1796 1809/1483/1783
f 1822/1496/1796 1823/1497/1797 1809/1483/1783
f 1809/1483/1783 1823/1497/1797 1824/1498/1798
f 1824/1498/1798 1823/1497/1797 1577/1280/1554
f 1577/1280/1554 1823/1497/1797 1578/1281/1555
f 1823/1497/1797 1822/1496/1796 1578/1281/1555
f 1822/1496/1796 1821/1495/1795 1578/1281/1555
f 1578/1281/1555 1821/1495/1795 1579/1282/1556
f 1579/1282/1556 1821/1495/1795 1580/1283/1557
f 1821/1495/1795 1820/1494/1794 1580/1283/1557
f 1820/1494/1794 1819/1493/1793 1580/1283/1557
f 1580/1283/1557 1819/1493/1793 1818/1492/1792
f 1803/1477/1777 1804/1478/1778 1802/1476/1776
f 1802/1476/1776 1804/1478/1778 1825/1499/1799
f 1825/1499/1799 1804/1478/1778 1806/1480/1780
f 1804/1478/1778 1805/1479/1779 1806/1480/1780
f 1806/1480/1780 1807/1481/1781 1825/1499/1799
f 1807/1481/1781 1808/1482/1782 1825/1499/1799
f 1825/1499/1799 1808/1482/1782 1826/1500/1800
f 1808/1482/1782 1827/1501/1801 1826/1500/1800
f 1826/1500/1800 1827/1501/1801 1828/1502/1802
f 1827/1501/1801 1829/1503/1803 1828/1502/1802
f 1828/1502/1802 1829/1503/1803 1574/1277/1551
f 1574/1277/1551 1829/1503/1803 1576/1279/1553
f 1576/1279/1553 1829/1503/1803 1577/1280/1554
f 1577/1280/1554 1829/1503/1803 1824/1498/1798
f 1829/1503/1803 1827/1501/1801 1824/1498/1798
f 1824/1498/1798 1827/1501/1801 1830/1504/1804
f 1827/1501/1801 1808/1482/1782 1830/1504/1804
f 1808/1482/1782 1809/1483/1783 1830/1504/1804
f 1830/1504/1804 1809/1483/1783 1824/1498/1798
f 1574/1277/1551 1573/1276/1550 1828/1502/1802
f 1828/1502/1802 1573/1276/1550 1831/1505/1805
f 1573/1276/1550 1571/1274/1548 1831/1505/1805
f 1571/1274/1548 1801/1475/1775 1831/1505/1805
f 1831/1505/1805 1801/1475/1775 1832/1506/1806
f 1801/1475/1775 1802/1476/1776 1832/1506/1806
f 1802/1476/1776 1825/1499/1799 1832/1506/1806
f 1825/1499/1799 1826/1500/1800 1832/1506/1806
f 1832/1506/1806 1826/1500/1800 1831/1505/1805
f 1826/1500/1800 1828/1502/1802 1831/1505/1805
f 1607/1302/1584 1606/1301/1583 1833/1507/1807
f 1606/1301/1583 1814/1488/1788 1833/1507/1807
f 1814/1488/1788 1642/1337/1619 1833/1507/1807
f 1642/1337/1619 1639/1334/1616 1833/1507/1807
f 1639/1334/1616 1615/1310/1592 1833/1507/1807
f 1615/1310/1592 1614/1309/1591 1833/1507/1807
f 1833/1507/1807 1614/1309/1591 1607/1302/1584
f 1834/1508/1808 1836/1509/1809 1835/1510/1810
f 1836/1509/1809 1837/1511/1811 1835/1510/1810
f 1835/1510/1810 1837/1511/1811 1838/1512/1812
f 1837/1511/1811 1839/1513/1813 1838/1512/1812
f 1838/1512/1812 1839/1513/1813 1840/1514/1814
f 1839/1513/1813 1841/1515/1815 1840/1514/1814
f 1841/1515/1815 1842/1516/1816 1840/1514/1814
f 1840/1514/1814 1842/1516/1816 1843/1517/1817
f 1842/1516/1816 1844/1518/1818 1843/1517/1817
f 1843/1517/1817 1844/1518/1818 1845/1519/1819
f 1845/1519/1819 1844/1518/1818 1846/1520/1820
f 1844/1518/1818 1847/1521/1821 1846/1520/1820
f 1846/1520/1820 1847/1521/1821 1848/1522/1822
f 1847/1521/1821 1849/1523/1823 1848/1522/1822
f 1848/1522/1822 1849/1523/1823 1850/1524/1824
f 1849/1523/1823 1851/1525/1825 1850/1524/1824
f 1851/1525/1825 1852/1526/1826 1850/1524/1824
f 1850/1524/1824 1852/1526/1826 1853/1527/1827
f 1854/1528/1828 1856/1529/1829 1855/1530/1830
f 1855/1530/1830 1856/1529/1829 1857/1531/1831
f 1857/1531/1831 1856/1529/1829 1858/1532/1832
f 1856/1529/1829 1859/1533/1833 1858/1532/1832
f 1858/1532/1832 1859/1533/1833 1860/1534/1834
f 1860/1534/1834 1859/1533/1833 1861/1535/1835
f 1859/1533/1833 1862/1536/1836 1861/1535/1835
f 1861/1535/1835 1862/1536/1836 1863/1537/1837
f 1863/1537/1837 1862/1536/1836 1864/1538/1838
f 1862/1536/1836 1865/1539/1839 1864/1538/1838
f 1864/1538/1838 1865/1539/1839 1866/1540/1840
f 1865/1539/1839 1867/1541/1841 1866/1540/1840
f 1868/1542/1842 1870/1543/1843 1869/1544/1844
f 1870/1543/1843 1871/1545/1845 1869/1544/1844
f 1869/1544/1844 1871/1545/1845 1872/1546/1846
f 1871/1545/1845 1873/1547/1847 1872/1546/1846
f 1873/1547/1847 1874/1548/1848 1872/1546/1846
f 1872/1546/1846 1874/1548/1848 1875/1549/1849
f 1874/1548/1848 1837/1511/1811 1875/1549/1849
f 1875/1549/1849 1837/1511/1811 1836/1509/1809
f 1876/1540/1850 1878/1538/1851 1877/1550/1852
f 1877/1550/1852 1878/1538/1851 1879/1551/1853
f 1878/1538/1851 1880/1537/1854 1879/1551/1853
f 1879/1551/1853 1880/1537/1854 1881/1552/1855
f 1880/1537/1854 1882/1553/1856 1881/1552/1855
f 1881/1552/1855 1882/1553/1856 1883/1554/1857
f 1882/1553/1856 1884/1534/1858 1883/1554/1857
f 1883/1554/1857 1884/1534/1858 1885/1555/1859
f 1884/1534/1858 1886/1556/1860 1885/1555/1859
f 1885/1555/1859 1886/1556/1860 1887/1557/1861
f 1886/1556/1860 1888/1531/1862 1887/1557/1861
f 1887/1557/1861 1888/1531/1862 1889/1558/1863
f 1888/1531/1862 1890/1530/1864 1889/1558/1863
f 1890/1530/1864 1891/1559/1865 1889/1558/1863
f 1891/1559/1865 1892/1560/1866 1889/1558/1863
f 1889/1558/1863 1892/1560/1866 1893/1561/1867
f 1893/1561/1867 1892/1560/1866 1894/1562/1868
f 1892/1560/1866 1895/1563/1869 1894/1562/1868
f 1895/1563/1869 1896/1564/1870 1894/1562/1868
f 1894/1562/1868 1896/1564/1870 1897/1565/1871
f 1897/1565/1871 1896/1564/1870 1898/1566/1872
f 1896/1564/1870 1899/1567/1873 1898/1566/1872
f 1899/1567/1873 1900/1568/1874 1898/1566/1872
f 1898/1566/1872 1900/1568/1874 1901/1569/1875
f 1901/1569/1875 1900/1568/1874 1885/1555/1859
f 1885/1555/1859 1900/1568/1874 1883/1554/1857
f 1883/1554/1857 1900/1568/1874 1881/1552/1855
f 1900/1568/1874 1902/1570/1876 1881/1552/1855
f 1902/1570/1876 1903/1571/1877 1881/1552/1855
f 1881/1552/1855 1903/1571/1877 1879/1551/1853
f 1903/1571/1877 1904/1572/1878 1879/1551/1853
f 1879/1551/1853 1904/1572/1878 1877/1550/1852
f 1905/1508/1879 1907/1510/1880 1906/1509/1881
f 1907/1510/1880 1908/1573/1882 1906/1509/1881
f 1906/1509/1881 1908/1573/1882 1909/1549/1883
f 1908/1573/1882 1910/1548/1884 1909/1549/1883
f 1909/1549/1883 1910/1548/1884 1911/1546/1885
f 1910/1548/1884 1912/1574/1886 1911/1546/1885
f 1912/1574/1886 1913/1545/1887 1911/1546/1885
f 1911/1546/1885 1913/1545/1887 1914/1544/1888
f 1913/1545/1887 1915/1543/1889 1914/1544/1888
f 1914/1544/1888 1915/1543/1889 1916/1542/1890
f 1917/1528/1891 1919/1530/1892 1918/1529/1893
f 1919/1530/1892 1920/1531/1894 1918/1529/1893
f 1920/1531/1894 1921/1556/1895 1918/1529/1893
f 1918/1529/1893 1921/1556/1895 1922/1533/1896
f 1921/1556/1895 1923/1534/1897 1922/1533/1896
f 1923/1534/1897 1924/1553/1898 1922/1533/1896
f 1922/1533/1896 1924/1553/1898 1925/1536/1899
f 1924/1553/1898 1926/1537/1900 1925/1536/1899
f 1926/1537/1900 1927/1538/1901 1925/1536/1899
f 1925/1536/1899 1927/1538/1901 1928/1539/1902
f 1927/1538/1901 1929/1540/1903 1928/1539/1902
f 1928/1539/1902 1929/1540/1903 1930/1541/1904
f 1931/1527/1905 1933/1526/1906 1932/1524/1907
f 1933/1526/1906 1934/1575/1908 1932/1524/1907
f 1932/1524/1907 1934/1575/1908 1935/1522/1909
f 1934/1575/1908 1936/1576/1910 1935/1522/1909
f 1935/1522/1909 1936/1576/1910 1937/1520/1911
f 1936/1576/1910 1938/1577/1912 1937/1520/1911
f 1937/1520/1911 1938/1577/1912 1939/1519/1913
f 1938/1577/1912 1940/1518/1914 1939/1519/1913
f 1939/1519/1913 1940/1518/1914 1941/1517/1915
f 1940/1518/1914 1942/1578/1916 1941/1517/1915
f 1941/1517/1915 1942/1578/1916 1943/1514/1917
f 1942/1578/1916 1944/1515/1918 1943/1514/1917
f 1943/1514/1917 1944/1515/1918 1945/1512/1919
f 1944/1515/1918 1946/1513/1920 1945/1512/1919
f 1945/1512/1919 1946/1513/1920 1907/1510/1880
f 1907/1510/1880 1946/1513/1920 1908/1573/1882
f 1946/1513/1920 1947/1579/1921 1908/1573/1882
f 1908/1573/1882 1947/1579/1921 1910/1548/1884
f 1947/1579/1921 1948/1580/1922 1910/1548/1884
f 1910/1548/1884 1948/1580/1922 1912/1574/1886
f 1948/1580/1922 1949/1581/1923 1912/1574/1886
f 1912/1574/1886 1949/1581/1923 1913/1545/1887
f 1949/1581/1923 1950/1582/1924 1913/1545/1887
f 1913/1545/1887 1950/1582/1924 1915/1543/1889
f 1852/1526/1826 1851/1525/1825 1951/1583/1925
f 1851/1525/1825 1952/1584/1926 1951/1583/1925
f 1951/1583/1925 1952/1584/1926 1953/1585/1927
f 1952/1584/1926 1954/1586/1928 1953/1585/1927
f 1953/1585/1927 1954/1586/1928 1955/1587/1929
f 1954/1586/1928 1956/1588/1930 1955/1587/1929
f 1955/1587/1929 1956/1588/1930 1957/1589/1931
f 1957/1589/1931 1956/1588/1930 1958/1590/1932
f 1958/1590/1932 1956/1588/1930 1959/1591/1933
f 1956/1588/1930 1960/1592/1934 1959/1591/1933
f 1959/1591/1933 1960/1592/1934 1961/1593/1935
f 1960/1592/1934 1962/1594/1936 1961/1593/1935
f 1961/1593/1935 1962/1594/1936 1963/1595/1937
f 1962/1594/1936 1964/1596/1938 1963/1595/1937
f 1964/1596/1938 1965/1597/1939 1963/1595/1937
f 1963/1595/1937 1965/1597/1939 1966/1598/1940
f 1965/1597/1939 1967/1599/1941 1966/1598/1940
f 1966/1598/1940 1967/1599/1941 1968/1600/1942
f 1968/1600/1942 1967/1599/1941 1969/1582/1943
f 1967/1599/1941 1970/1581/1944 1969/1582/1943
f 1969/1582/1943 1970/1581/1944 1870/1543/1843
f 1870/1543/1843 1970/1581/1944 1871/1545/1845
f 1970/1581/1944 1971/1601/1945 1871/1545/1845
f 1871/1545/1845 1971/1601/1945 1873/1547/1847
f 1971/1601/1945 1972/1602/1946 1873/1547/1847
f 1873/1547/1847 1972/1602/1946 1874/1548/1848
f 1972/1602/1946 1839/1513/1813 1874/1548/1848
f 1874/1548/1848 1839/1513/1813 1837/1511/1811
f 1933/1526/1906 1973/1583/1947 1934/1575/1908
f 1934/1575/1908 1973/1583/1947 1974/1584/1948
f 1973/1583/1947 1975/1585/1949 1974/1584/1948
f 1974/1584/1948 1975/1585/1949 1976/1603/1950
f 1975/1585/1949 1977/1587/1951 1976/1603/1950
f 1976/1603/1950 1977/1587/1951 1978/1604/1952
f 1977/1587/1951 1979/1589/1953 1978/1604/1952
f 1979/1589/1953 1980/1590/1954 1978/1604/1952
f 1978/1604/1952 1980/1590/1954 1981/1592/1955
f 1980/1590/1954 1982/1591/1956 1981/1592/1955
f 1981/1592/1955 1982/1591/1956 1983/1594/1957
f 1982/1591/1956 1984/1593/1958 1983/1594/1957
f 1983/1594/1957 1984/1593/1958 1985/1596/1959
f 1984/1593/1958 1986/1595/1960 1985/1596/1959
f 1985/1596/1959 1986/1595/1960 1987/1597/1961
f 1986/1595/1960 1988/1598/1962 1987/1597/1961
f 1987/1597/1961 1988/1598/1962 1989/1599/1963
f 1988/1598/1962 1990/1600/1964 1989/1599/1963
f 1989/1599/1963 1990/1600/1964 1949/1581/1923
f 1990/1600/1964 1950/1582/1924 1949/1581/1923
f 1956/1588/1930 1954/1586/1928 1960/1592/1934
f 1960/1592/1934 1954/1586/1928 1991/1605/1965
f 1954/1586/1928 1952/1584/1926 1991/1605/1965
f 1991/1605/1965 1952/1584/1926 1992/1606/1966
f 1952/1584/1926 1851/1525/1825 1992/1606/1966
f 1851/1525/1825 1849/1523/1823 1992/1606/1966
f 1992/1606/1966 1849/1523/1823 1993/1607/1967
f 1849/1523/1823 1847/1521/1821 1993/1607/1967
f 1993/1607/1967 1847/1521/1821 1994/1608/1968
f 1847/1521/1821 1844/1518/1818 1994/1608/1968
f 1844/1518/1818 1842/1516/1816 1994/1608/1968
f 1994/1608/1968 1842/1516/1816 1995/1609/1969
f 1842/1516/1816 1841/1515/1815 1995/1609/1969
f 1995/1609/1969 1841/1515/1815 1996/1610/1970
f 1996/1610/1970 1841/1515/1815 1972/1602/1946
f 1841/1515/1815 1839/1513/1813 1972/1602/1946
f 1934/1575/1908 1974/1584/1948 1936/1576/1910
f 1974/1584/1948 1997/1611/1971 1936/1576/1910
f 1936/1576/1910 1997/1611/1971 1938/1577/1912
f 1997/1611/1971 1998/1612/1972 1938/1577/1912
f 1938/1577/1912 1998/1612/1972 1940/1518/1914
f 1998/1612/1972 1999/1613/1973 1940/1518/1914
f 1940/1518/1914 1999/1613/1973 1942/1578/1916
f 1999/1613/1973 2000/1609/1974 1942/1578/1916
f 1942/1578/1916 2000/1609/1974 1944/1515/1918
f 2000/1609/1974 2001/1614/1975 1944/1515/1918
f 1944/1515/1918 2001/1614/1975 1946/1513/1920
f 1946/1513/1920 2001/1614/1975 1947/1579/1921
f 2001/1614/1975 2002/1615/1976 1947/1579/1921
f 1947/1579/1921 2002/1615/1976 1948/1580/1922
f 2002/1615/1976 1989/1599/1963 1948/1580/1922
f 1948/1580/1922 1989/1599/1963 1949/1581/1923
f 1960/1592/1934 1991/1605/1965 1962/1594/1936
f 1962/1594/1936 1991/1605/1965 2003/1616/1977
f 1991/1605/1965 1992/1606/1966 2003/1616/1977
f 1992/1606/1966 1993/1607/1967 2003/1616/1977
f 2003/1616/1977 1993/1607/1967 2004/1617/1978
f 1993/1607/1967 1994/1608/1968 2004/1617/1978
f 1994/1608/1968 1995/1609/1969 2004/1617/1978
f 2004/1617/1978 1995/1609/1969 2005/1618/1979
f 1995/1609/1969 1996/1610/1970 2005/1618/1979
f 2005/1618/1979 1996/1610/1970 2006/1615/1980
f 2006/1615/1980 1996/1610/1970 1971/1601/1945
f 1996/1610/1970 1972/1602/1946 1971/1601/1945
f 1974/1584/1948 1976/1603/1950 1997/1611/1971
f 1976/1603/1950 2007/1619/1981 1997/1611/1971
f 1997/1611/1971 2007/1619/1981 1998/1612/1972
f 2007/1619/1981 2008/1616/1982 1998/1612/1972
f 1998/1612/1972 2008/1616/1982 1999/1613/1973
f 2008/1616/1982 2009/1617/1983 1999/1613/1973
f 1999/1613/1973 2009/1617/1983 2000/1609/1974
f 2009/1617/1983 2010/1618/1984 2000/1609/1974
f 2000/1609/1974 2010/1618/1984 2001/1614/1975
f 2001/1614/1975 2010/1618/1984 2002/1615/1976
f 2010/1618/1984 1987/1597/1961 2002/1615/1976
f 2002/1615/1976 1987/1597/1961 1989/1599/1963
f 1962/1594/1936 2003/1616/1977 1964/1596/1938
f 2003/1616/1977 2004/1617/1978 1964/1596/1938
f 2004/1617/1978 2005/1618/1979 1964/1596/1938
f 1964/1596/1938 2005/1618/1979 1965/1597/1939
f 2005/1618/1979 2006/1615/1980 1965/1597/1939
f 1965/1597/1939 2006/1615/1980 1967/1599/1941
f 1967/1599/1941 2006/1615/1980 1970/1581/1944
f 2006/1615/1980 1971/1601/1945 1970/1581/1944
f 1976/1603/1950 1978/1604/1952 2007/1619/1981
f 1978/1604/1952 1981/1592/1955 2007/1619/1981
f 2007/1619/1981 1981/1592/1955 2008/1616/1982
f 1981/1592/1955 1983/1594/1957 2008/1616/1982
f 2008/1616/1982 1983/1594/1957 2009/1617/1983
f 1983/1594/1957 1985/1596/1959 2009/1617/1983
f 2009/1617/1983 1985/1596/1959 2010/1618/1984
f 1985/1596/1959 1987/1597/1961 2010/1618/1984
f 2011/1568/1985 2013/1620/1986 2012/1621/1987
f 2012/1621/1987 2013/1620/1986 2014/1622/1988
f 2013/1620/1986 2015/1623/1989 2014/1622/1988
f 2014/1622/1988 2015/1623/1989 2016/1624/1990
f 2016/1624/1990 2015/1623/1989 2017/1572/1991
f 2017/1572/1991 2015/1623/1989 2018/1625/1992
f 2015/1623/1989 2013/1620/1986 2018/1625/1992
f 2018/1625/1992 2013/1620/1986 2019/1626/1993
f 2013/1620/1986 2011/1568/1985 2019/1626/1993
f 2011/1568/1985 2020/1627/1994 2019/1626/1993
f 2019/1626/1993 2020/1627/1994 2018/1625/1992
f 2020/1627/1994 2021/1628/1995 2018/1625/1992
f 2018/1625/1992 2021/1628/1995 2017/1572/1991
f 2017/1572/1991 2021/1628/1995 2022/1550/1996
f 2022/1550/1996 2021/1628/1995 2023/1540/1997
f 2023/1540/1997 2021/1628/1995 2024/1538/1998
f 2021/1628/1995 2020/1627/1994 2024/1538/1998
f 2024/1538/1998 2020/1627/1994 2025/1537/1999
f 2025/1537/1999 2020/1627/1994 2026/1535/2000
f 2026/1535/2000 2020/1627/1994 2027/1629/2001
f 2020/1627/1994 2011/1568/1985 2027/1629/2001
f 2011/1568/1985 2028/1630/2002 2027/1629/2001
f 2027/1629/2001 2028/1630/2002 2026/1535/2000
f 2026/1535/2000 2028/1630/2002 2029/1534/2003
f 2029/1534/2003 2028/1630/2002 2030/1532/2004
f 2028/1630/2002 2031/1631/2005 2030/1532/2004
f 2031/1631/2005 2032/1632/2006 2030/1532/2004
f 2030/1532/2004 2032/1632/2006 2033/1531/2007
f 2033/1531/2007 2032/1632/2006 2034/1530/2008
f 2034/1530/2008 2032/1632/2006 2035/1559/2009
f 2035/1559/2009 2032/1632/2006 2036/1560/2010
f 2032/1632/2006 2037/1633/2011 2036/1560/2010
f 2037/1633/2011 2038/1634/2012 2036/1560/2010
f 2036/1560/2010 2038/1634/2012 2039/1563/2013
f 2039/1563/2013 2038/1634/2012 2040/1564/2014
f 2038/1634/2012 2041/1635/2015 2040/1564/2014
f 2041/1635/2015 2042/1636/2016 2040/1564/2014
f 2040/1564/2014 2042/1636/2016 2043/1567/2017
f 2043/1567/2017 2042/1636/2016 2011/1568/1985
f 2042/1636/2016 2044/1637/2018 2011/1568/1985
f 2011/1568/1985 2044/1637/2018 2028/1630/2002
f 2044/1637/2018 2045/1638/2019 2028/1630/2002
f 2028/1630/2002 2045/1638/2019 2031/1631/2005
f 2031/1631/2005 2045/1638/2019 2032/1632/2006
f 2032/1632/2006 2045/1638/2019 2037/1633/2011
f 2037/1633/2011 2045/1638/2019 2038/1634/2012
f 2038/1634/2012 2045/1638/2019 2041/1635/2015
f 2041/1635/2015 2045/1638/2019 2042/1636/2016
f 2045/1638/2019 2044/1637/2018 2042/1636/2016
f 2046/1639/2020 2048/1640/2021 2047/1641/2022
f 2048/1640/2021 2049/1642/2023 2047/1641/2022
f 2047/1641/2022 2049/1642/2023 2050/1643/2024
f 2049/1642/2023 2051/1644/2025 2050/1643/2024
f 2050/1643/2024 2051/1644/2025 2052/1645/2026
f 2051/1644/2025 2053/1646/2027 2052/1645/2026
f 2052/1645/2026 2053/1646/2027 2054/1647/2028
f 2053/1646/2027 2055/1648/2029 2054/1647/2028
f 2054/1647/2028 2055/1648/2029 2056/1649/2030
f 2055/1648/2029 2057/1650/2031 2056/1649/2030
f 2056/1649/2030 2057/1650/2031 2058/1651/2032
f 2057/1650/2031 2059/1652/2033 2058/1651/2032
f 2058/1651/2032 2059/1652/2033 2060/1653/2034
f 2059/1652/2033 2061/1654/2035 2060/1653/2034
f 2061/1654/2035 2062/1655/2036 2060/1653/2034
f 2060/1653/2034 2062/1655/2036 2058/1651/2032
f 2062/1655/2036 2063/1656/2037 2058/1651/2032
f 2058/1651/2032 2063/1656/2037 2056/1649/2030
f 2063/1656/2037 2064/1657/2038 2056/1649/2030
f 2056/1649/2030 2064/1657/2038 2054/1647/2028
f 2064/1657/2038 2065/1658/2039 2054/1647/2028
f 2065/1658/2039 2066/1659/2040 2054/1647/2028
f 2054/1647/2028 2066/1659/2040 2052/1645/2026
f 2066/1659/2040 2067/1660/2041 2052/1645/2026
f 2067/1660/2041 2068/1661/2042 2052/1645/2026
f 2052/1645/2026 2068/1661/2042 2050/1643/2024
f 2068/1661/2042 2046/1639/2020 2050/1643/2024
f 2050/1643/2024 2046/1639/2020 2047/1641/2022
f 2067/1660/2041 2066/1659/2040 2069/1662/2043
f 2066/1659/2040 2070/1663/2044 2069/1662/2043
f 2069/1662/2043 2070/1663/2044 2071/1664/2045
f 2070/1663/2044 2072/1665/2046 2071/1664/2045
f 2071/1664/2045 2072/1665/2046 2073/1666/2047
f 2072/1665/2046 2074/1667/2048 2073/1666/2047
f 2073/1666/2047 2074/1667/2048 2075/1668/2049
f 2075/1668/2049 2074/1667/2048 2076/1669/2050
f 2074/1667/2048 2072/1665/2046 2076/1669/2050
f 2076/1669/2050 2072/1665/2046 2077/1670/2051
f 2072/1665/2046 2070/1663/2044 2077/1670/2051
f 2077/1670/2051 2070/1663/2044 2078/1671/2052
f 2070/1663/2044 2079/1672/2053 2078/1671/2052
f 2078/1671/2052 2079/1672/2053 2080/1673/2054
f 2079/1672/2053 2081/1674/2055 2080/1673/2054
f 2080/1673/2054 2081/1674/2055 2082/1675/2056
f 2081/1674/2055 2083/1676/2057 2082/1675/2056
f 2082/1675/2056 2083/1676/2057 2084/1677/2058
f 2084/1677/2058 2083/1676/2057 2085/1678/2059
f 2083/1676/2057 2086/1679/2060 2085/1678/2059
f 2085/1678/2059 2086/1679/2060 2087/1680/2061
f 2086/1679/2060 2088/1681/2062 2087/1680/2061
f 2087/1680/2061 2088/1681/2062 2089/1682/2063
f 2088/1681/2062 2090/1683/2064 2089/1682/2063
f 2089/1682/2063 2090/1683/2064 2091/1684/2065
f 2090/1683/2064 2065/1658/2039 2091/1684/2065
f 2091/1684/2065 2065/1658/2039 2092/1685/2066
f 2092/1685/2066 2065/1658/2039 2093/1686/2067
f 2093/1686/2067 2065/1658/2039 2094/1687/2068
f 2065/1658/2039 2095/1688/2069 2094/1687/2068
f 2094/1687/2068 2095/1688/2069 2096/1689/2070
f 2095/1688/2069 2097/1690/2071 2096/1689/2070
f 2097/1690/2071 2098/1691/2072 2096/1689/2070
f 2096/1689/2070 2098/1691/2072 2099/1692/2073
f 2098/1691/2072 2100/1693/2074 2099/1692/2073
f 2100/1693/2074 2101/1694/2075 2099/1692/2073
f 2099/1692/2073 2101/1694/2075 2102/1695/2076
f 2102/1695/2076 2101/1694/2075 2103/1696/2077
f 2101/1694/2075 2104/1697/2078 2103/1696/2077
f 2103/1696/2077 2104/1697/2078 2105/1698/2079
f 2104/1697/2078 2106/1699/2080 2105/1698/2079
f 2105/1698/2079 2106/1699/2080 2107/1700/2081
f 2107/1700/2081 2106/1699/2080 2108/1701/2082
f 2108/1701/2082 2106/1699/2080 2109/1702/2083
f 2106/1699/2080 2104/1697/2078 2109/1702/2083
f 2109/1702/2083 2104/1697/2078 2110/1703/2084
f 2104/1697/2078 2101/1694/2075 2110/1703/2084
f 2101/1694/2075 2100/1693/2074 2110/1703/2084
f 2110/1703/2084 2100/1693/2074 2111/1704/2085
f 2100/1693/2074 2112/1705/2086 2111/1704/2085
f 2111/1704/2085 2112/1705/2086 2113/1706/2087
f 2112/1705/2086 2114/1707/2088 2113/1706/2087
f 2114/1707/2088 2115/1708/2089 2113/1706/2087
f 2113/1706/2087 2115/1708/2089 2116/1709/2090
f 2115/1708/2089 2117/1710/2091 2116/1709/2090
f 2116/1709/2090 2117/1710/2091 2118/1711/2092
f 2117/1710/2091 2119/1712/2093 2118/1711/2092
f 2118/1711/2092 2119/1712/2093 2120/1713/2094
f 2119/1712/2093 2121/1714/2095 2120/1713/2094
f 2120/1713/2094 2121/1714/2095 2122/1715/2096
f 2121/1714/2095 2123/1716/2097 2122/1715/2096
f 2122/1715/2096 2123/1716/2097 2124/1717/2098
f 2123/1716/2097 2125/1718/2099 2124/1717/2098
f 2124/1717/2098 2125/1718/2099 2126/1719/2100
f 2125/1718/2099 2127/1720/2101 2126/1719/2100
f 2126/1719/2100 2127/1720/2101 2128/1721/2102
f 2127/1720/2101 2129/1722/2103 2128/1721/2102
f 2128/1721/2102 2129/1722/2103 2130/1723/2104
f 2129/1722/2103 2131/1724/2105 2130/1723/2104
f 2130/1723/2104 2131/1724/2105 2132/1725/2106
f 2132/1725/2106 2131/1724/2105 2133/1726/2107
f 2133/1726/2107 2131/1724/2105 2134/1727/2108
f 2131/1724/2105 2129/1722/2103 2134/1727/2108
f 2134/1727/2108 2129/1722/2103 2135/1728/2109
f 2129/1722/2103 2127/1720/2101 2135/1728/2109
f 2135/1728/2109 2127/1720/2101 2136/1729/2110
f 2127/1720/2101 2125/1718/2099 2136/1729/2110
f 2136/1729/2110 2125/1718/2099 2137/1730/2111
f 2125/1718/2099 2098/1691/2072 2137/1730/2111
f 2098/1691/2072 2097/1690/2071 2137/1730/2111
f 2137/1730/2111 2097/1690/2071 2138/1731/2112
f 2097/1690/2071 2095/1688/2069 2138/1731/2112
f 2138/1731/2112 2095/1688/2069 2064/1657/2038
f 2095/1688/2069 2065/1658/2039 2064/1657/2038
f 2070/1663/2044 2066/1659/2040 2079/1672/2053
f 2079/1672/2053 2066/1659/2040 2090/1683/2064
f 2066/1659/2040 2065/1658/2039 2090/1683/2064
f 2083/1676/2057 2081/1674/2055 2086/1679/2060
f 2086/1679/2060 2081/1674/2055 2088/1681/2062
f 2081/1674/2055 2079/1672/2053 2088/1681/2062
f 2088/1681/2062 2079/1672/2053 2090/1683/2064
f 2117/1710/2091 2115/1708/2089 2119/1712/2093
f 2119/1712/2093 2115/1708/2089 2121/1714/2095
f 2115/1708/2089 2114/1707/2088 2121/1714/2095
f 2121/1714/2095 2114/1707/2088 2123/1716/2097
f 2114/1707/2088 2112/1705/2086 2123/1716/2097
f 2123/1716/2097 2112/1705/2086 2125/1718/2099
f 2112/1705/2086 2100/1693/2074 2125/1718/2099
f 2125/1718/2099 2100/1693/2074 2098/1691/2072
f 2134/1727/2108 2135/1728/2109 2133/1726/2107
f 2133/1726/2107 2135/1728/2109 2139/1732/2113
f 2135/1728/2109 2136/1729/2110 2139/1732/2113
f 2139/1732/2113 2136/1729/2110 2140/1733/2114
f 2136/1729/2110 2137/1730/2111 2140/1733/2114
f 2140/1733/2114 2137/1730/2111 2141/1734/2115
f 2137/1730/2111 2142/1735/2116 2141/1734/2115
f 2141/1734/2115 2142/1735/2116 2143/1736/2117
f 2142/1735/2116 2144/1737/2118 2143/1736/2117
f 2143/1736/2117 2144/1737/2118 2145/1738/2119
f 2144/1737/2118 2146/1739/2120 2145/1738/2119
f 2145/1738/2119 2146/1739/2120 2147/1740/2121
f 2146/1739/2120 2148/1741/2122 2147/1740/2121
f 2147/1740/2121 2148/1741/2122 2149/1742/2123
f 2148/1741/2122 2150/1743/2124 2149/1742/2123
f 2149/1742/2123 2150/1743/2124 2062/1655/2036
f 2150/1743/2124 2151/1744/2125 2062/1655/2036
f 2062/1655/2036 2151/1744/2125 2063/1656/2037
f 2151/1744/2125 2138/1731/2112 2063/1656/2037
f 2063/1656/2037 2138/1731/2112 2064/1657/2038
f 2146/1739/2120 2144/1737/2118 2148/1741/2122
f 2148/1741/2122 2144/1737/2118 2150/1743/2124
f 2144/1737/2118 2142/1735/2116 2150/1743/2124
f 2150/1743/2124 2142/1735/2116 2151/1744/2125
f 2142/1735/2116 2137/1730/2111 2151/1744/2125
f 2151/1744/2125 2137/1730/2111 2138/1731/2112
f 2152/1621/2126 2153/1745/2127 1900/1568/1874
f 1900/1568/1874 2153/1745/2127 1902/1570/1876
f 1902/1570/1876 2153/1745/2127 1903/1571/1877
f 2153/1745/2127 2154/1746/2128 1903/1571/1877
f 1903/1571/1877 2154/1746/2128 1904/1572/1878
f 1904/1572/1878 2154/1746/2128 2155/1624/2129
f 2155/1624/2129 2154/1746/2128 2156/1622/2130
f 2154/1746/2128 2153/1745/2127 2156/1622/2130
f 2156/1622/2130 2153/1745/2127 2152/1621/2126
f 2157/1639/2131 2159/1747/2132 2158/1640/2133
f 2158/1640/2133 2159/1747/2132 2160/1642/2134
f 2159/1747/2132 2161/1748/2135 2160/1642/2134
f 2160/1642/2134 2161/1748/2135 2162/1644/2136
f 2161/1748/2135 2163/1749/2137 2162/1644/2136
f 2162/1644/2136 2163/1749/2137 2164/1646/2138
f 2163/1749/2137 2165/1750/2139 2164/1646/2138
f 2165/1750/2139 2166/1751/2140 2164/1646/2138
f 2164/1646/2138 2166/1751/2140 2167/1648/2141
f 2167/1648/2141 2166/1751/2140 2168/1650/2142
f 2166/1751/2140 2169/1752/2143 2168/1650/2142
f 2168/1650/2142 2169/1752/2143 2170/1652/2144
f 2169/1752/2143 2171/1753/2145 2170/1652/2144
f 2170/1652/2144 2171/1753/2145 2172/1654/2146
f 2172/1654/2146 2171/1753/2145 2173/1655/2147
f 2171/1753/2145 2169/1752/2143 2173/1655/2147
f 2173/1655/2147 2169/1752/2143 2174/1754/2148
f 2169/1752/2143 2166/1751/2140 2174/1754/2148
f 2174/1754/2148 2166/1751/2140 2175/1755/2149
f 2166/1751/2140 2165/1750/2139 2175/1755/2149
f 2175/1755/2149 2165/1750/2139 2176/1756/2150
f 2176/1756/2150 2165/1750/2139 2177/1757/2151
f 2165/1750/2139 2163/1749/2137 2177/1757/2151
f 2177/1757/2151 2163/1749/2137 2178/1662/2152
f 2178/1662/2152 2163/1749/2137 2179/1660/2153
f 2179/1660/2153 2163/1749/2137 2180/1661/2154
f 2163/1749/2137 2161/1748/2135 2180/1661/2154
f 2180/1661/2154 2161/1748/2135 2157/1639/2131
f 2161/1748/2135 2159/1747/2132 2157/1639/2131
f 2181/1684/2155 2182/1685/2156 2176/1756/2150
f 2182/1685/2156 2183/1686/2157 2176/1756/2150
f 2183/1686/2157 2184/1687/2158 2176/1756/2150
f 2176/1756/2150 2184/1687/2158 2185/1758/2159
f 2184/1687/2158 2186/1689/2160 2185/1758/2159
f 2185/1758/2159 2186/1689/2160 2187/1759/2161
f 2187/1759/2161 2186/1689/2160 2188/1760/2162
f 2186/1689/2160 2189/1692/2163 2188/1760/2162
f 2188/1760/2162 2189/1692/2163 2190/1761/2164
f 2190/1761/2164 2189/1692/2163 2191/1762/2165
f 2189/1692/2163 2192/1695/2166 2191/1762/2165
f 2192/1695/2166 2193/1696/2167 2191/1762/2165
f 2191/1762/2165 2193/1696/2167 2194/1763/2168
f 2193/1696/2167 2195/1698/2169 2194/1763/2168
f 2194/1763/2168 2195/1698/2169 2196/1764/2170
f 2195/1698/2169 2197/1700/2171 2196/1764/2170
f 2197/1700/2171 2198/1701/2172 2196/1764/2170
f 2198/1701/2172 2199/1702/2173 2196/1764/2170
f 2199/1702/2173 2200/1703/2174 2196/1764/2170
f 2196/1764/2170 2200/1703/2174 2194/1763/2168
f 2194/1763/2168 2200/1703/2174 2191/1762/2165
f 2191/1762/2165 2200/1703/2174 2190/1761/2164
f 2200/1703/2174 2201/1704/2175 2190/1761/2164
f 2190/1761/2164 2201/1704/2175 2202/1765/2176
f 2201/1704/2175 2203/1706/2177 2202/1765/2176
f 2202/1765/2176 2203/1706/2177 2204/1766/2178
f 2204/1766/2178 2203/1706/2177 2205/1767/2179
f 2203/1706/2177 2206/1709/2180 2205/1767/2179
f 2205/1767/2179 2206/1709/2180 2207/1768/2181
f 2206/1709/2180 2208/1711/2182 2207/1768/2181
f 2207/1768/2181 2208/1711/2182 2209/1769/2183
f 2208/1711/2182 2210/1713/2184 2209/1769/2183
f 2209/1769/2183 2210/1713/2184 2211/1770/2185
f 2210/1713/2184 2212/1715/2186 2211/1770/2185
f 2211/1770/2185 2212/1715/2186 2213/1771/2187
f 2212/1715/2186 2214/1717/2188 2213/1771/2187
f 2213/1771/2187 2214/1717/2188 2215/1772/2189
f 2214/1717/2188 2216/1719/2190 2215/1772/2189
f 2215/1772/2189 2216/1719/2190 2217/1773/2191
f 2216/1719/2190 2218/1721/2192 2217/1773/2191
f 2217/1773/2191 2218/1721/2192 2219/1774/2193
f 2218/1721/2192 2220/1723/2194 2219/1774/2193
f 2219/1774/2193 2220/1723/2194 2221/1775/2195
f 2220/1723/2194 2222/1725/2196 2221/1775/2195
f 2222/1725/2196 2223/1726/2197 2221/1775/2195
f 2221/1775/2195 2223/1726/2197 2224/1776/2198
f 2223/1726/2197 2225/1732/2199 2224/1776/2198
f 2224/1776/2198 2225/1732/2199 2226/1777/2200
f 2226/1777/2200 2225/1732/2199 2227/1778/2201
f 2225/1732/2199 2228/1733/2202 2227/1778/2201
f 2227/1778/2201 2228/1733/2202 2229/1779/2203
f 2228/1733/2202 2230/1734/2204 2229/1779/2203
f 2229/1779/2203 2230/1734/2204 2231/1780/2205
f 2230/1734/2204 2232/1736/2206 2231/1780/2205
f 2231/1780/2205 2232/1736/2206 2233/1781/2207
f 2232/1736/2206 2234/1738/2208 2233/1781/2207
f 2233/1781/2207 2234/1738/2208 2235/1782/2209
f 2234/1738/2208 2236/1740/2210 2235/1782/2209
f 2235/1782/2209 2236/1740/2210 2237/1783/2211
f 2236/1740/2210 2238/1742/2212 2237/1783/2211
f 2237/1783/2211 2238/1742/2212 2239/1784/2213
f 2238/1742/2212 2173/1655/2147 2239/1784/2213
f 2239/1784/2213 2173/1655/2147 2240/1785/2214
f 2173/1655/2147 2174/1754/2148 2240/1785/2214
f 2240/1785/2214 2174/1754/2148 2241/1786/2215
f 2174/1754/2148 2175/1755/2149 2241/1786/2215
f 2241/1786/2215 2175/1755/2149 2185/1758/2159
f 2175/1755/2149 2176/1756/2150 2185/1758/2159
f 2190/1761/2164 2202/1765/2176 2188/1760/2162
f 2188/1760/2162 2202/1765/2176 2215/1772/2189
f 2215/1772/2189 2202/1765/2176 2213/1771/2187
f 2202/1765/2176 2204/1766/2178 2213/1771/2187
f 2213/1771/2187 2204/1766/2178 2211/1770/2185
f 2204/1766/2178 2205/1767/2179 2211/1770/2185
f 2211/1770/2185 2205/1767/2179 2209/1769/2183
f 2205/1767/2179 2207/1768/2181 2209/1769/2183
f 2221/1775/2195 2224/1776/2198 2219/1774/2193
f 2224/1776/2198 2226/1777/2200 2219/1774/2193
f 2219/1774/2193 2226/1777/2200 2217/1773/2191
f 2226/1777/2200 2227/1778/2201 2217/1773/2191
f 2217/1773/2191 2227/1778/2201 2215/1772/2189
f 2227/1778/2201 2229/1779/2203 2215/1772/2189
f 2215/1772/2189 2229/1779/2203 2188/1760/2162
f 2188/1760/2162 2229/1779/2203 2187/1759/2161
f 2229/1779/2203 2241/1786/2215 2187/1759/2161
f 2187/1759/2161 2241/1786/2215 2185/1758/2159
f 2235/1782/2209 2237/1783/2211 2233/1781/2207
f 2237/1783/2211 2239/1784/2213 2233/1781/2207
f 2233/1781/2207 2239/1784/2213 2231/1780/2205
f 2239/1784/2213 2240/1785/2214 2231/1780/2205
f 2240/1785/2214 2241/1786/2215 2231/1780/2205
f 2231/1780/2205 2241/1786/2215 2229/1779/2203
f 2242/1669/2216 2244/1787/2217 2243/1668/2218
f 2243/1668/2218 2244/1787/2217 2245/1666/2219
f 2244/1787/2217 2246/1788/2220 2245/1666/2219
f 2245/1666/2219 2246/1788/2220 2247/1664/2221
f 2246/1788/2220 2248/1789/2222 2247/1664/2221
f 2247/1664/2221 2248/1789/2222 2178/1662/2152
f 2178/1662/2152 2248/1789/2222 2177/1757/2151
f 2248/1789/2222 2249/1790/2223 2177/1757/2151
f 2249/1790/2223 2250/1791/2224 2177/1757/2151
f 2177/1757/2151 2250/1791/2224 2176/1756/2150
f 2176/1756/2150 2250/1791/2224 2181/1684/2155
f 2181/1684/2155 2250/1791/2224 2251/1682/2225
f 2251/1682/2225 2250/1791/2224 2252/1792/2226
f 2250/1791/2224 2249/1790/2223 2252/1792/2226
f 2252/1792/2226 2249/1790/2223 2253/1793/2227
f 2249/1790/2223 2254/1673/2228 2253/1793/2227
f 2254/1673/2228 2255/1675/2229 2253/1793/2227
f 2253/1793/2227 2255/1675/2229 2256/1794/2230
f 2255/1675/2229 2257/1677/2231 2256/1794/2230
f 2257/1677/2231 2258/1678/2232 2256/1794/2230
f 2256/1794/2230 2258/1678/2232 2259/1795/2233
f 2258/1678/2232 2260/1680/2234 2259/1795/2233
f 2260/1680/2234 2251/1682/2225 2259/1795/2233
f 2251/1682/2225 2252/1792/2226 2259/1795/2233
f 2252/1792/2226 2253/1793/2227 2259/1795/2233
f 2259/1795/2233 2253/1793/2227 2256/1794/2230
f 2244/1787/2217 2242/1669/2216 2246/1788/2220
f 2242/1669/2216 2261/1670/2235 2246/1788/2220
f 2246/1788/2220 2261/1670/2235 2248/1789/2222
f 2261/1670/2235 2262/1671/2236 2248/1789/2222
f 2262/1671/2236 2254/1673/2228 2248/1789/2222
f 2248/1789/2222 2254/1673/2228 2249/1790/2223
f 1887/1557/1861 2263/1796/2237 1885/1555/1859
f 1885/1555/1859 2263/1796/2237 1901/1569/1875
f 1901/1569/1875 2263/1796/2237 1898/1566/1872
f 1898/1566/1872 2263/1796/2237 1897/1565/1871
f 1897/1565/1871 2263/1796/2237 1894/1562/1868
f 1894/1562/1868 2263/1796/2237 1893/1561/1867
f 1893/1561/1867 2263/1796/2237 1889/1558/1863
f 2263/1796/2237 1887/1557/1861 1889/1558/1863
f 2264/1797/2238 2266/1798/2239 2265/1799/2240
f 2267/1797/2241 2269/1800/2242 2268/1798/2243
f 2270/1800/2244 2272/1799/2245 2271/1798/2246
f 2273/1801/2247 2275/1802/2248 2274/1803/2249
f 2276/1804/2250 2278/1805/2251 2277/1806/2252
f 2279/1807/2253 2281/1808/2254 2280/1809/2255
f 2282/1810/2256 2284/1811/2257 2283/1812/2258
f 2285/1811/2259 2287/1813/2260 2286/1812/2261
f 2288/1810/2262 2290/1813/2263 2289/1811/2264
f 2291/1814/2265 2293/1801/2247 2292/1803/2266
f 2294/1804/2267 2296/1806/2268 2295/1815/2269
f 2297/1806/2270 2299/1816/2271 2298/1815/2272
f 2300/1817/2273 2302/1818/2274 2301/1819/2275
f 2301/1819/2275 2302/1818/2274 2303/1820/2276
f 2302/1818/2274 2304/1821/2277 2303/1820/2276
f 2303/1820/2276 2304/1821/2277 2305/1822/2278
f 2304/1821/2277 2306/1823/2279 2305/1822/2278
f 2307/1823/2280 2309/1821/2281 2308/1824/2282
f 2309/1821/2281 2310/1825/2283 2308/1824/2282
f 2308/1824/2282 2310/1825/2283 2311/1826/2284
f 2312/1827/2285 2314/1828/2284 2313/1829/2286
f 2314/1828/2284 2315/1830/2287 2313/1829/2286
f 2313/1829/2286 2315/1830/2287 2316/1831/2288
f 2316/1831/2288 2315/1830/2287 2317/1832/2289
f 2315/1830/2287 2318/1833/2290 2317/1832/2289
f 2317/1832/2289 2318/1833/2290 2319/1834/2291
f 2320/1835/2292 2322/1836/2293 2321/1837/2294
f 2322/1836/2293 2323/1838/2294 2321/1837/2294
f 2321/1837/2294 2323/1838/2294 2324/1839/2295
f 2323/1838/2294 2325/1840/2296 2324/1839/2295
f 2326/1841/2297 2328/1842/2298 2327/1843/2299
f 2328/1842/2298 2329/1844/2300 2327/1843/2299
f 2330/1845/2301 2332/1846/2302 2331/1847/2303
f 2332/1846/2302 2333/1848/2304 2331/1847/2303
f 2331/1847/2303 2333/1848/2304 2334/1849/2305
f 2333/1848/2304 2335/1850/2306 2334/1849/2305
f 2334/1849/2305 2335/1850/2306 2336/1851/2307
f 2337/1851/2308 2339/1852/2309 2338/1849/2310
f 2338/1849/2310 2339/1852/2309 2340/1853/2311
f 2339/1852/2309 2341/1854/2312 2340/1853/2311
f 2342/1855/2313 2344/1856/2314 2343/1857/2315
f 2344/1856/2314 2345/1858/2316 2343/1857/2315
f 2346/1859/2317 2348/1860/2318 2347/1861/2287
f 2348/1860/2318 2349/1862/2319 2347/1861/2287
f 2349/1862/2319 2350/1863/2287 2347/1861/2287
f 2350/1863/2287 2351/1864/2320 2347/1861/2287
f 2351/1864/2320 2352/1841/2321 2347/1861/2287
f 2347/1861/2287 2352/1841/2321 2353/1843/2322
f 2354/1835/2323 2356/1837/2324 2355/1843/2325
f 2355/1843/2325 2356/1837/2324 2357/1861/2324
f 2357/1861/2324 2356/1837/2324 2358/1859/2324
f 2356/1837/2324 2359/1839/2326 2358/1859/2324
f 2360/1844/2327 2362/1865/2327 2361/1843/2328
f 2362/1865/2327 2363/1835/2329 2361/1843/2328
f 2364/1866/2330 2366/1855/2331 2365/1867/2332
f 2366/1855/2331 2367/1857/2333 2365/1867/2332
f 2368/1817/2334 2370/1819/2335 2369/1868/2336
f 2370/1819/2335 2371/1820/2337 2369/1868/2336
f 2369/1868/2336 2371/1820/2337 2372/1869/2338
f 2371/1820/2337 2373/1822/2339 2372/1869/2338
f 2372/1869/2338 2373/1822/2339 2374/1823/2340
f 2375/1823/2341 2377/1824/2342 2376/1869/2343
f 2376/1869/2343 2377/1824/2342 2378/1800/2344
f 2377/1824/2342 2379/1799/2345 2378/1800/2344
f 2380/1797/2346 2381/1802/2347 2378/1800/2344
f 2381/1802/2347 2382/1801/2247 2378/1800/2344
f 2382/1801/2247 2383/1870/2348 2378/1800/2344
f 2378/1800/2344 2383/1870/2348 2376/1869/2343
f 2383/1870/2348 2384/1871/2349 2376/1869/2343
f 2385/1872/2350 2387/1873/2351 2386/1874/2352
f 2387/1873/2351 2388/1875/2353 2386/1874/2352
f 2388/1875/2353 2389/1876/2354 2386/1874/2352
f 2386/1874/2352 2389/1876/2354 2390/1872/2355
f 2389/1876/2354 2391/1807/2356 2390/1872/2355
f 2392/1815/2357 2394/1808/2358 2393/1804/2359
f 2394/1808/2358 2395/1807/2360 2393/1804/2359
f 2396/1835/2361 2398/1837/2362 2397/1836/2363
f 2397/1836/2363 2398/1837/2362 2399/1838/2362
f 2398/1837/2362 2400/1839/2363 2399/1838/2362
f 2399/1838/2362 2400/1839/2363 2401/1840/2361
f 2402/1877/2364 2369/1868/2336 2403/1871/2365
f 2369/1868/2336 2372/1869/2338 2403/1871/2365
f 2404/1845/2366 2406/1847/2367 2405/1846/2368
f 2405/1846/2368 2406/1847/2367 2407/1848/2369
f 2406/1847/2367 2408/1878/2370 2407/1848/2369
f 2407/1848/2369 2408/1878/2370 2409/1850/2371
f 2408/1878/2370 2410/1851/2372 2409/1850/2371
f 2411/1851/2373 2413/1878/2374 2412/1852/2375
f 2413/1878/2374 2414/1813/2376 2412/1852/2375
f 2412/1852/2375 2414/1813/2376 2415/1810/2377
f 2416/1812/2378 2414/1813/2376 2417/1814/2379
f 2417/1814/2379 2414/1813/2376 2382/1801/2247
f 2382/1801/2247 2414/1813/2376 2383/1870/2348
f 2414/1813/2376 2413/1878/2374 2383/1870/2348
f 2383/1870/2348 2413/1878/2374 2418/1879/2380
f 2419/1805/2381 2421/1804/2382 2420/1880/2383
f 2420/1880/2383 2421/1804/2382 2422/1881/2384
f 2421/1804/2382 2423/1807/2385 2422/1881/2384
f 2423/1807/2385 2389/1876/2354 2422/1881/2384
f 2422/1881/2384 2389/1876/2354 2424/1882/2386
f 2389/1876/2354 2388/1875/2353 2424/1882/2386
f 2388/1875/2353 2425/1873/2387 2424/1882/2386
f 2425/1873/2387 2426/1883/2388 2424/1882/2386
f 2424/1882/2386 2426/1883/2388 2427/1884/2389
f 2426/1883/2388 2428/1885/2390 2427/1884/2389
f 2427/1884/2389 2428/1885/2390 2429/1886/2391
f 2428/1885/2390 2430/1887/2392 2429/1886/2391
f 2430/1887/2392 2431/1888/2393 2429/1886/2391
f 2429/1886/2391 2431/1888/2393 2427/1884/2389
f 2431/1888/2393 2432/1889/2394 2427/1884/2389
f 2427/1884/2389 2432/1889/2394 2424/1882/2386
f 2424/1882/2386 2432/1889/2394 2422/1881/2384
f 2432/1889/2394 2420/1880/2383 2422/1881/2384
f 2433/1890/2395 2435/1891/2396 2434/1892/2397
f 2435/1891/2396 2436/1893/2398 2434/1892/2397
f 2437/1835/2399 2439/1871/2400 2438/1837/2401
f 2439/1871/2400 2440/1870/2401 2438/1837/2401
f 2440/1870/2401 2441/1879/2402 2438/1837/2401
f 2438/1837/2401 2441/1879/2402 2442/1839/2403
f 2443/1877/2404 2445/1871/2405 2444/1865/2406
f 2445/1871/2405 2446/1835/2407 2444/1865/2406
f 2447/1866/2408 2449/1867/2409 2448/1890/2410
f 2449/1867/2409 2450/1891/2411 2448/1890/2410
f 2451/1894/2412 2453/1895/2413 2452/1896/2414
f 2453/1895/2413 2454/1897/2414 2452/1896/2414
f 2454/1897/2414 2455/1898/2415 2452/1896/2414
f 2452/1896/2414 2455/1898/2415 2456/1899/2416
f 2457/1900/2417 2459/1901/2418 2458/1902/2419
f 2459/1901/2418 2460/1903/2420 2458/1902/2419
f 2458/1902/2419 2460/1903/2420 2461/1904/2421
f 2460/1903/2420 2462/1905/2422 2461/1904/2421
f 2462/1905/2422 2463/1906/2423 2461/1904/2421
f 2461/1904/2421 2463/1906/2423 2464/1907/2424
f 2463/1906/2423 2465/1908/2425 2464/1907/2424
f 2464/1907/2424 2465/1908/2425 2466/1909/2426
f 2467/1836/2427 2469/1894/2428 2468/1838/2247
f 2469/1894/2428 2470/1896/2247 2468/1838/2247
f 2470/1896/2247 2471/1899/2429 2468/1838/2247
f 2468/1838/2247 2471/1899/2429 2472/1840/2430
f 2473/1910/2431 2475/1911/2432 2474/1902/2433
f 2474/1902/2433 2475/1911/2432 2476/1904/2434
f 2476/1904/2434 2475/1911/2432 2477/1907/2435
f 2475/1911/2432 2478/1912/2436 2477/1907/2435
f 2479/1900/2437 2474/1902/2433 2480/1901/2325
f 2480/1901/2325 2474/1902/2433 2481/1903/2438
f 2474/1902/2433 2476/1904/2434 2481/1903/2438
f 2481/1903/2438 2476/1904/2434 2482/1905/2439
f 2482/1905/2439 2476/1904/2434 2483/1906/2440
f 2476/1904/2434 2477/1907/2435 2483/1906/2440
f 2483/1906/2440 2477/1907/2435 2484/1908/2441
f 2477/1907/2435 2485/1909/2442 2484/1908/2441
f 2486/1836/2443 2488/1838/2432 2487/1910/2444
f 2487/1910/2444 2488/1838/2432 2489/1911/2445
f 2489/1911/2445 2488/1838/2432 2490/1912/2446
f 2488/1838/2432 2491/1840/2447 2490/1912/2446
f 2432/1889/2394 2431/1888/2393 2492/1880/2448
f 2431/1888/2393 2493/1913/2449 2492/1880/2448
f 2492/1880/2448 2493/1913/2449 2494/1805/2450
f 2494/1805/2450 2493/1913/2449 2495/1914/2451
f 2493/1913/2449 2496/1915/2452 2495/1914/2451
f 2495/1914/2451 2496/1915/2452 2497/1916/2453
f 2497/1916/2453 2496/1915/2452 2430/1887/2392
f 2430/1887/2392 2496/1915/2452 2431/1888/2393
f 2496/1915/2452 2493/1913/2449 2431/1888/2393
